tree
version=v4
num_class=1
num_tree_per_iteration=1
label_index=0
max_feature_idx=19
objective=binary sigmoid:1
feature_names=name_lev_norm name_jaro_winkler name_jaccard_tokens name_token_sort_ratio name_token_set_ratio name_prefix_match name_suffix_match name_script_exact addr_lev_norm addr_jaccard_tokens addr_token_sort_ratio addr_postal_match addr_city_match addr_subset addr_house_num_match country_exact source_is_s3 name_len_ratio addr_len_ratio addr_both_empty
feature_infos=[0:1] [0:1] [0:1] [0:1] [0:1] [0:1] [0:1] [0:1] [0:1] [0:1] [0:1] [0:1] [0:1] [0:1] [0:1] [0:1] [0:1] [0.05128205128205128:1] [0:1] none
tree_sizes=3390 3415 3491 3457 3451 3513 3490 3451 3465 3470 3481 3494 3501 3491 3530 3520 3494 3471 3507 3511 3492 3488 3504 3518 3533 3507 3521 3512 3504 3529 3508 3518 3517 3508 3518 3528 3504 3511 3506 3506 3514 3511 3516 3520 3497 3500 3528 3503 3508 3520 3505 3513 3479 3505 3519 3507 3521 3532 3527 3543 3521 3518 3530 3512 3497 3509 3504 3503 3488 3491 3516 3522 3522 3545 3509 3542 3509 3532 3521 3554 3520 3547 3556 3547 3539 3541 3534 3557 3526 3507 3542 3540 3545 3568 3549 3539 3551 3520 3523 3551 3520 3545 3548 3547 3534 3537 3552 3510 3545 3531 3542 3545 3568 3573 3580 3556 3542 3557 3542 3551 3545 3567 3523 3541 3546 3539 3552 3523 3547 3559 3529 3561 3571 3567 3516 3559 3577 3563 3540 3531 3537 3532 3569 3521 3511 3561 3548 3497 3598 3554 3521 3499 3538 3516 3498 3545 3516 3557 3562 3556 3542 3554 3565 3541 3519 3539 3513 3525 3562 3539 3498 3557 3592 3510 3488 3532 3582 3561 3549 3541 3535 3538 3531 3481 3553 3527 3528 3517 3524 3531 3542 3525 3557 3494 3506 3515 3500 3527 3478 3516

Tree=0
num_leaves=31
num_cat=0
split_feature=9 18 9 16 2 1 2 9 1 1 6 2 14 1 2 14 2 0 17 2 1 1 17 12 8 9 2 1 9 1
split_gain=2.07909e+07 1.73318e+06 319749 744586 314675 158719 105562 80338.1 52471.1 37534.4 19289.8 17698.9 14779.6 16211.8 14378.9 13989.7 9806.18 8159.42 7906.7 7806.43 7374.81 6037.89 12769.9 5778.9 5711.62 5231.73 4519.1 4428.09 4387.08 7772.09
threshold=0.25462962962962971 0.26103179753406885 0.13840996168582378 1.0000000180025095e-35 0.44949494949494956 0.65606520824737158 0.31666666666666671 0.43167701863354041 0.92727857727857743 0.93333575510994871 1.0000000180025095e-35 0.58571428571428574 1.0000000180025095e-35 0.95791350032836109 0.5634920634920636 0.75000000000000011 0.44949494949494956 0.57601438109912695 0.79361054766734285 0.17424242424242428 0.41155840127614329 0.42367844573726932 0.60172413793103463 1.0000000180025095e-35 0.5885620915032681 0.10762548262548265 0.88194444444444453 0.85731897252982192 0.17519181585677754 0.91933029309284697
decision_type=2 2 2 2 2 2 2 2 2 2 2 2 2 2 2 2 2 2 2 2 2 2 2 2 2 2 2 2 2 2
left_child=1 4 24 11 8 7 -5 20 25 10 -6 -4 13 16 -12 23 17 -7 -11 21 -2 -9 -23 -13 -3 27 -22 -1 29 -8
right_child=5 2 3 6 9 12 28 19 -10 18 14 15 -14 -15 -16 -17 -18 -19 -20 -21 26 22 -24 -25 -26 -27 -28 -29 -30 -31
leaf_value=-3.6865442985495047 -2.6757349301591931 -3.7284039034497996 -3.7291872852608252 -3.581558472475884 -3.2540667081533838 -3.2520721507513199 -2.9934791529032045 -1.8083781298739039 -2.0053992983478892 -2.1820232823762158 -2.6964676089692747 -3.4785932268017308 -1.6516223647501569 -1.6649350406946759 -2.117741058096422 -1.6824672424735558 -1.9083008888107782 -2.141332416120274 -1.8629068799411177 -1.6740438173567318 -3.6526705526115237 -2.0564539065316727 -3.2423792122460982 -2.4054788673469489 -1.927619660982729 -2.3314846960318372 -1.6437881183973597 -3.3618084488367388 -1.7312104627814811 -1.8859702586242209
leaf_weight=327.20499296486378 24.419864013791084 26052.331629101187 1985.0636747535318 90.671221848577261 57.909236079081893 24.715784328058362 18.782076912000775 46.479128217324615 60.977098977193236 229.36071859113872 153.27552844770253 77.555923480540514 24973.685725336894 1023.7896746303886 358.05243782326579 15.512244231998919 753.83886425942183 49.945303192362189 1262.7855642028153 85.934226386249065 144.68243856541812 60.460550697520375 36.344504918903112 14.966704510152338 4.4040208812803021 8.5066588651388866 2.8547544479370108 154.56744245626032 674.31275512464345 101.1635324023664
leaf_count=13376 517 1086271 82799 3521 1879 801 514 198 494 2648 3307 2856 30059 1498 3685 28 4680 537 6722 141 5819 550 1171 238 29 123 3 5340 1858 584
internal_value=-2.6895 -3.56101 -3.67201 -3.1812 -2.3275 -1.67649 -1.96528 -2.66367 -3.38862 -2.04374 -2.38917 -3.69527 -1.66173 -1.798 -2.29122 -3.07203 -1.96244 -2.50903 -1.91196 -2.05082 -3.48058 -2.2768 -2.5017 -3.305 -3.7281 -3.56066 -3.6138 -3.58236 -1.78077 -2.05939
internal_weight=58874.6 31647.4 29034.8 2978.03 2612.64 27227.2 884.93 401.175 551.256 2061.38 569.237 2093.1 26826 1852.29 511.328 108.035 828.5 74.6611 1492.15 229.218 171.957 143.284 96.8051 92.5226 26056.7 490.279 147.537 481.772 794.258 119.946
internal_count=1262246 1216272 1178698 92398 37574 45974 6477 8399 19333 18241 8871 85921 37575 7516 6992 3122 6018 1338 9370 2060 6339 1919 1721 3094 1086300 18839 5822 18716 2956 1098
is_linear=0
shrinkage=1


Tree=1
num_leaves=31
num_cat=0
split_feature=9 18 4 9 4 9 4 10 8 9 18 9 3 18 18 4 10 10 9 10 4 15 18 10 9 17 10 18 8 0
split_gain=722766 346791 35473.9 23324.7 22537.4 15669.2 25054.1 5726.2 4154.95 19471.6 3499.1 16680.9 2942.4 3931.71 2597.2 1367.62 5866.09 2042.2 1426.97 1352.7 2263.79 1296.28 1173.22 1052.66 1047.86 1002.42 982.372 2481.26 2106.3 921.498
threshold=0.18350168350168353 0.32158385093167707 0.46709956709956718 0.37980769230769235 0.75147058823529422 0.11237373737373739 0.92637759710930456 0.60622179239200535 1.0000000180025095e-35 0.061553030303030311 0.41417129878668346 0.13423423423423428 0.72438780609695164 0.91413210445468518 0.49603149606299218 0.75716625716625729 0.66885964912280715 0.38444743029895873 0.33974358974358981 0.63798951588035779 0.20864427860696519 1.0000000180025095e-35 0.46978824388462953 0.53740671641791049 0.21807065217391305 0.41967741935483877 0.56939375506893763 0.68304757304998809 0.21886405109489052 0.46531676022453899
decision_type=2 2 2 2 2 2 2 2 2 2 2 2 2 2 2 2 2 2 2 2 2 2 2 2 2 2 2 2 2 2
left_child=1 4 3 14 -1 7 22 -3 21 -10 11 -8 -9 -14 23 16 17 24 -19 -16 -21 -6 29 -2 -4 -25 27 -12 -28 -7
right_child=2 5 15 -5 8 6 10 12 9 -11 26 -13 13 -15 19 -17 -18 18 -20 20 -22 -23 -24 25 -26 -27 28 -29 -30 -31
leaf_value=-0.0034347649735103842 0.20183340885267037 -0.048717599279573809 1.4804502529650354 0.30875808619086231 -0.053668431907522497 -0.05127893896603572 1.9101818601687215 0.082653577920356852 -0.018114980325113574 0.42699502462188033 0.32756445281654778 0.35912748024326391 1.8200328324439683 0.35016682216995454 -0.049699544188528913 0.31081723574790637 0.30347916975022299 -0.0028551520148336258 0.21713937111127374 0.53481449995404196 -0.051690364827521609 0.34177600118297169 -0.045039632971095325 1.7357681512726355 -0.052658725824442476 0.55990997824852806 1.5399071588599458 0.064570536046663907 0.34110872354628252 0.30610674178010044
leaf_weight=538.3373812995851 23.303292205557227 24033.701393198222 3.8967765886336556 863.96248188242316 20.77536135353148 30.623952735215425 19.278744515031576 14.627512771636246 435.68174002319574 563.46459149941802 222.59527629986405 171.85893807187676 8.5080703794956225 9.7782730199396592 1209.3061321992427 152068.44492913969 2286.8352955020964 232.01106157526374 108.03355583176017 27.02779508754611 42.04888952895999 8330.3758819606155 1246.5308740325272 2.2271498031914225 1.5610202234238384 9.735601441934703 3.7501283362507811 150.20282499305904 159.72759578563273 43.882788481190801
leaf_count=20618 423 1047552 32 3156 467 1319 104 416 8889 1048 1384 123 57 32 51293 39701 1452 6511 350 218 1698 18809 52337 10 58 64 26 3285 421 393
internal_value=0.26101 0.0589732 0.307378 0.106977 0.311151 -0.0365157 0.0962369 -0.047815 0.329264 0.232903 0.331885 0.515572 0.611232 1.03405 -0.0257301 0.310199 0.274467 0.0824385 0.067038 -0.0374071 0.177793 0.340792 -0.0335197 0.397557 1.04196 0.778824 0.266416 0.221602 0.368609 0.159213
internal_weight=192882 36003.7 156878 2177.61 9888.63 26115.1 2048.45 24066.6 9350.3 999.146 727.414 191.138 32.9139 18.2863 1313.65 154701 2632.34 345.502 340.045 1278.38 69.0767 8351.15 1321.04 35.266 5.4578 11.9628 536.276 372.798 163.478 74.5067
internal_count=1262246 1157280 104966 56862 49831 1107449 59392 1048057 29213 9937 5343 227 505 89 53706 48104 8403 6951 6861 53209 1916 19276 54049 497 90 74 5116 4669 447 1712
is_linear=0
shrinkage=0.05


Tree=2
num_leaves=31
num_cat=0
split_feature=10 18 2 12 3 10 3 10 15 2 14 16 18 1 14 10 10 15 6 1 10 1 1 14 10 18 8 17 17 10
split_gain=386089 261576 28621.7 13143.9 8635.84 11092.5 5237.64 9313.22 4414.65 3465.11 2750.13 2317.2 2270.99 2087.62 1611.29 1548.02 1545.97 1060.99 1050.71 2391.97 1051.28 981.884 900.482 3383.31 1618.59 977.565 811.286 807.905 775.817 768.898
threshold=0.53361581920903967 0.44749373433583967 0.31666666666666671 1.0000000180025095e-35 0.40862708719851581 0.63798951588035779 0.92718275008837059 0.44399641577060939 1.0000000180025095e-35 0.38750000000000007 0.75000000000000011 1.0000000180025095e-35 0.52548558703451709 0.86541041378793249 1.0000000180025095e-35 0.39066133720930241 0.46683587140439936 1.0000000180025095e-35 1.0000000180025095e-35 0.92986483891215366 0.41799477190319595 0.95557078971939668 0.9164448051948052 0.75000000000000011 0.46683587140439936 0.59581754590498404 0.53589837997054501 0.65058139534883741 0.85329985652797713 0.61985915492957766
decision_type=2 2 2 2 2 2 2 2 2 2 2 2 2 2 2 2 2 2 2 2 2 2 2 2 2 2 2 2 2 2
left_child=1 2 13 6 5 12 22 10 -4 -5 -8 -9 -2 -1 15 21 -11 -15 19 20 28 -10 -3 24 -24 -26 -27 -21 -16 -6
right_child=4 3 8 9 29 -7 7 11 14 16 -12 -13 -14 17 18 -17 -18 -19 -20 27 -22 -23 23 -25 25 26 -28 -29 -30 -31
leaf_value=-0.033110878204033127 0.39579648738546069 -0.049215972753801539 -0.051914296313963416 -0.040487400436616527 0.22157199800269545 0.23064415697369817 -0.036539320472029894 0.034793889954137784 -0.013016373877448592 0.049413647468143716 0.48525163504266677 0.23337141381346874 -0.042750091974857324 -0.051348551564837398 -0.026691014665525033 0.26855000399153206 0.23769180244897328 0.24166396849648081 0.25045525641024385 -0.056494773307009673 0.36435376848169077 0.18073540292876056 -0.042239575509090056 0.25860484497519487 0.21605499044705401 0.0089808360197238882 1.096118011565373 0.23950488756230112 0.15393106389214356 0.24072945020741143
leaf_weight=1085.2997999209911 30.861918618902564 18774.544959768653 127.83113336004317 180.90119008161128 5395.6540940944105 1082.0415132753551 1863.315747750923 201.6162186358124 147.58625764213502 133.03400328569114 25.59922556951642 541.39453767426312 679.17141555994749 42.375001868233085 154.73057858459651 163.27130659669638 604.23536260053515 114.03243931382895 13620.805436808616 23.425778955221176 28.261160770431161 117.40884618833661 2602.7064965032041 105.36978889256716 93.206576205790043 190.66297162882984 1.731697117909788 1446.6292827017605 96.545763494446874 178816.49792997167
leaf_count=45854 157 849837 4868 7901 14691 4132 82016 6548 4608 3806 33 3115 29036 1765 4750 442 1148 1773 28027 354 144 1655 115616 60 323 6305 3 3363 2396 37520
internal_value=0.208043 0.0720502 0.22271 -0.0301117 0.239106 0.129876 -0.0371001 0.0295217 0.240737 0.155604 -0.0294678 0.179487 -0.0236885 -0.00849926 0.243105 0.147444 0.203719 0.162279 0.24577 0.209294 0.0752262 0.0728274 -0.0451552 -0.0196881 -0.0298407 0.0831516 0.0187659 0.234788 0.0427079 0.240168
internal_weight=228491 42486.5 17168.2 25318.3 186004 1792.07 24400.1 2631.93 15926.5 918.171 1888.91 743.011 710.033 1241.71 15798.7 428.266 737.269 156.407 15370.4 1749.59 279.538 264.995 21768.2 2993.68 2888.31 285.601 192.395 1470.06 251.276 184212
internal_count=1262246 1176710 99999 1076711 85536 33325 1063856 91712 50607 12855 82049 9663 29193 49392 45739 6705 4954 3538 39034 11007 7290 6263 972144 122307 122247 6631 6308 3717 7146 52211
is_linear=0
shrinkage=0.05


Tree=3
num_leaves=31
num_cat=0
split_feature=9 18 1 9 9 16 2 10 10 9 18 18 16 16 1 2 10 3 10 14 18 18 10 18 18 9 18 2 0 9
split_gain=299705 192142 21813.8 19425.4 3994.37 8672.85 3540.78 2148.94 1730.88 2726.44 1520.68 1124.28 953.605 829.142 1141.63 1059.01 791.382 949.066 746.398 731.549 2272.09 1045.64 2314.29 723.251 606.734 2271.29 593.352 1301.33 592.64 564.431
threshold=0.13840996168582378 0.22684744000693063 0.67932244404113751 0.37980769230769235 0.11237373737373739 1.0000000180025095e-35 0.17424242424242428 0.58853389071364604 1.0000000180025095e-35 0.039230769230769243 0.66781609195402314 0.49603149606299218 1.0000000180025095e-35 1.0000000180025095e-35 0.88381521796705353 0.40833333333333338 0.63798951588035779 0.21132376395534294 0.58086312118570194 0.75000000000000011 0.32158385093167707 0.56432107496463935 0.41928440625440205 0.26103179753406885 0.30451766304347833 0.080540540540540564 0.26103179753406885 0.58571428571428574 0.85239651416122009 0.25462962962962971
decision_type=2 2 2 2 2 2 2 2 2 2 2 2 2 2 2 2 2 2 2 2 2 2 2 2 2 2 2 2 2 2
left_child=1 6 3 11 7 -6 28 24 13 -10 19 29 -9 14 15 -8 -13 -18 -12 21 -21 -7 -23 -4 25 -3 -27 -28 -1 -2
right_child=2 4 23 -5 5 10 8 12 9 -11 18 16 -14 -15 -16 -17 17 -19 -20 20 -22 22 -24 -25 -26 26 27 -29 -30 -31
leaf_value=-0.039735413673237546 -0.0021705366861018718 -0.038508601792136193 0.24295366690380621 0.19585314997013237 -0.051232081308358761 0.26381761399799469 -0.0075887166426795889 -0.052874900268918085 -0.056608883256644885 0.20234117272216687 -0.051256805453910065 -0.047985014729334835 0.2906776732807258 0.21562158912700891 0.19496463852387227 0.16948028890378786 0.27860300119167719 -0.024743392292453176 0.31749214640240608 1.0614923120430926 0.33821477169902919 1.3221433336541815 -0.051672726543289971 0.19947666203493164 -0.048411726093448057 0.18501225124044871 -0.051433600247354994 0.84621291290938516 0.72940489107709294 0.24875084995420615
leaf_weight=171.02340467460454 39.571057014167309 393.70786856301129 960.83156185597181 1817.7176858335733 515.32792806997895 135.18870071694255 134.53567903861403 28.711255496367812 168.535255741328 256.13033525831997 39.012577587738633 1747.6059102918953 68.125692183151841 6018.5359387211502 6235.0383890811354 226.78040253371 41.612286508083344 67.789181357249618 21.169558806344867 14.293076522648333 45.181798219680786 7.2440348416566831 5.3144212774932384 214881.43807224557 22179.015186937526 56.190916325896978 6.3541574571281698 11.074346702545879 2.5417159106582394 51.683572418987751
leaf_count=7034 1357 11552 178 3511 23479 523 3976 963 2297 631 1672 79382 150 8454 9715 1097 233 1946 50 22 310 66 179 51810 1051033 144 252 67 7 156
internal_value=0.175476 0.0432966 0.197589 0.0782886 -0.0423966 0.0686589 0.195873 -0.0462187 0.198859 0.0995727 0.299707 -0.0313985 0.188818 0.202202 0.189957 0.103549 -0.0398183 0.0906384 0.0784537 0.363964 0.512034 0.304359 0.740779 0.19967 -0.0472237 0.00915698 0.264067 0.518945 -0.028472 0.139943
internal_weight=256347 36739 219608 3765.98 23525.9 782.732 13213.1 22743.2 13039.6 424.666 267.404 1948.26 96.8369 12614.9 6596.35 361.316 1857.01 109.401 60.1821 207.222 59.4749 147.747 12.5585 215842 22646.3 467.327 73.6194 17.4285 173.565 91.2546
internal_count=1262246 1123673 138573 86585 1090462 26301 33211 1064161 26170 2928 2822 83074 1113 23242 14788 5073 81561 2179 1722 1100 332 768 245 51988 1063048 12015 463 319 7041 1513
is_linear=0
shrinkage=0.05


Tree=4
num_leaves=31
num_cat=0
split_feature=9 10 4 9 9 16 4 10 12 4 9 16 16 9 3 14 8 9 8 12 10 0 8 9 9 0 4 10 5 6
split_gain=220508 153073 16843.9 12266.4 4921.4 6574.36 2744.95 1796.71 991.114 979.716 4341.73 1550.62 873.005 2641.45 3948.98 1770.13 1517.44 1270.51 1415.49 1374.79 869.19 899.542 820.705 702.036 672.257 736.847 659.404 646.283 627.019 561.975
threshold=0.13840996168582378 1.0000000180025095e-35 0.47559523809523813 0.27429467084639503 0.11237373737373739 1.0000000180025095e-35 0.75147058823529422 0.58853389071364604 1.0000000180025095e-35 0.78319623971797903 0.31698564593301443 1.0000000180025095e-35 1.0000000180025095e-35 0.061553030303030311 0.77629499561018456 0.75000000000000011 0.46410162002945515 0.10762548262548265 0.21751918158567776 1.0000000180025095e-35 0.47769485903814263 0.98979591836734704 0.28325958702064902 0.080540540540540564 0.45643939393939398 0.11583184257602865 0.9948453608247424 0.53116172316384191 0.73214285714285732 1.0000000180025095e-35
decision_type=2 2 2 2 2 2 2 2 2 2 2 2 2 2 2 2 2 2 2 2 2 2 2 2 2 2 2 2 2 2
left_child=1 6 3 -2 7 -6 -1 12 24 10 11 -4 -3 16 -15 17 -14 18 20 -19 -16 -22 -7 -23 25 -5 -9 28 -21 -12
right_child=2 4 9 8 5 22 -8 26 -10 -11 29 -13 13 14 15 -17 -18 19 -20 27 21 23 -24 -25 -26 -27 -28 -29 -30 -31
leaf_value=0.016570943361892913 -0.04594593627393273 -0.051053209440790392 -0.048051173983534756 0.1462122690575427 -0.051181220077091943 0.2415859171900408 0.17183780370307991 -0.053619102632152485 0.18095198457260833 0.17268577541816166 0.033561870477889874 0.1475501062487172 -0.046180127020607795 -0.036942353418653866 0.14397457247216777 0.35756704820875818 1.8656246171229232 0.23800915565563688 -0.039025663973189045 1.3902070017259638 -0.051162124995861327 -0.051375481172677068 0.025288483738225578 1.3415877264066896 0.14527307961187499 -0.029122188944196315 0.22922562997300355 1.7235328115261603 -0.054136494825175935 0.16797529084333243
leaf_weight=290.55831728503108 1525.7345259785652 16432.271113628522 347.19056902825832 97.293404586613178 491.33699304610491 379.94173702783883 14008.501252353191 27.547118673101068 1031.8900454360992 232674.37708821148 79.139339296147227 143.07575867138803 4444.7609596978873 691.46466193534434 146.86742431856692 84.965979741886258 1.0381621122360218 60.323862720280886 162.74481054581702 1.379979902878403 2.8345150966197235 1.1464666724205015 49.578157909214497 4.2861662060022354 348.40573871135712 155.99896896630526 81.779822841286659 2.242082767188549 1.6496877036988733 4470.6866082530469
leaf_count=9784 73325 818151 11151 857 23485 1462 19276 958 1483 43566 346 1018 204567 33116 2624 32 1 1012 7375 11 129 44 1387 48 693 4331 155 5 51 1803
internal_value=0.153157 0.0401463 0.170689 0.0559986 -0.0395285 0.0737304 0.168683 -0.0442377 0.151213 0.172213 0.150404 0.00903168 -0.0452408 -0.0282025 0.0389929 0.151081 -0.0457337 0.10533 0.0639875 0.305677 0.172054 0.67089 0.216619 1.04763 0.10021 0.0382264 0.157957 1.07999 0.603746 0.165637
internal_weight=278241 37367.2 240874 3159.32 23068.2 920.857 14299.1 22147.3 1633.59 237714 5040.09 490.266 22038 5605.7 1159.91 468.441 4445.8 383.475 317.879 65.5956 155.135 8.26715 429.52 5.43263 601.698 253.292 109.327 5.27175 3.02967 4549.83
internal_count=1262246 1123673 138573 80689 1094613 26334 29060 1068279 7364 57884 14318 12169 1067166 249015 44447 11331 204568 11299 10220 1079 2845 221 2849 92 5881 5188 1113 67 62 2149
is_linear=0
shrinkage=0.05


Tree=5
num_leaves=31
num_cat=0
split_feature=4 12 14 12 1 13 1 14 2 14 4 6 1 12 12 18 1 6 6 18 3 13 13 16 18 13 18 2 4 6
split_gain=154627 40447.2 10633.9 9652.65 7016.76 6391.02 2882.3 4265.35 2730.5 2667.78 4642.38 4805.32 2260.24 1887.62 1780.68 1329.98 2008.36 1393.58 1265.18 1034.26 911.784 898.204 886.466 1108.35 1349.72 831.545 742.928 738.916 669.652 1699.13
threshold=0.75147058823529422 1.0000000180025095e-35 1.0000000180025095e-35 1.0000000180025095e-35 0.93333575510994871 1.0000000180025095e-35 0.84781674208144808 0.75000000000000011 0.5634920634920636 0.75000000000000011 0.89699381078691431 1.0000000180025095e-35 0.88125992063492087 1.0000000180025095e-35 1.0000000180025095e-35 1.0000000180025095e-35 0.93584259259259273 1.0000000180025095e-35 1.0000000180025095e-35 0.79502625888168066 0.81872946330777663 1.0000000180025095e-35 1.0000000180025095e-35 1.0000000180025095e-35 0.75564037319762523 1.0000000180025095e-35 0.22684744000693063 0.63068181818181823 0.92907444668008055 1.0000000180025095e-35
decision_type=2 2 2 2 2 2 2 2 2 2 2 2 2 2 2 2 2 2 2 2 2 2 2 2 2 2 2 2 2 2
left_child=1 5 3 4 8 6 -1 26 21 10 11 20 14 15 -13 -12 17 -17 -3 27 -4 -2 23 24 -6 -10 -8 -19 29 -5
right_child=2 18 9 28 22 -7 7 -9 25 -11 13 12 -14 -15 -16 16 -18 19 -20 -21 -22 -23 -24 -25 -26 -27 -28 -29 -30 -31
leaf_value=-0.04429137513545154 -0.015276291693558309 -0.035987683830854759 -0.022942852432895178 -0.052782523203835488 0.0097050014920705939 0.15533506544578002 0.094659610975679639 0.16677235223263909 0.06159414964181599 0.15380773861618949 0.15156063728889402 0.013853348846468053 0.13515804693617003 0.15297601249871418 0.14257684708640059 0.02813161171305947 0.13984741241650372 0.048930764769147934 0.14852282269459605 0.1286089588435306 0.072163260494647621 0.21898185220800009 0.16328086964154673 0.12595427912986917 0.098485622658683297 0.18386148230089061 -0.028414747738294822 0.11223923599963251 0.15376085156646438 0.13519214702127311
leaf_weight=13978.021747909486 2032.7277428824455 95.106494573876262 720.97889098152518 135.56471059843898 503.10549564473331 446.61278137005866 134.77349494025111 398.61403607204556 1951.1818756219 150495.77961074561 13904.150514381006 762.79342435859144 5811.5785609874874 51151.662876885384 414.73983157798648 496.93781735002995 22900.936819463968 830.62399808876216 4017.3559683896601 4316.3903238158673 387.42878904379904 41.759687185287476 734.70278930664062 3315.446384690702 2871.6632306389511 149.73224639892578 1359.4242346417159 1035.4868715088814 8815.5908284634352 1061.8923085536808
leaf_count=694746 84060 2945 25095 1001 17786 233 2760 141 45212 20512 13057 24556 23528 9527 599 14338 78430 20143 8529 24546 5327 6 87 27350 41193 19 60639 9877 4352 1652
internal_value=0.136829 0.00411764 0.146694 0.11303 0.0819858 -0.0312012 -0.0364504 0.0214536 0.0301297 0.149568 0.143356 0.10702 0.122359 0.146465 0.0591911 0.138806 0.132811 0.108687 0.144256 0.115162 0.0103002 -0.0105606 0.111147 0.105422 0.0852503 0.0703081 -0.0173137 0.08406 0.148995 0.113911
internal_weight=295273 20429.9 274843 21613.4 11600.3 16317.4 15870.8 1892.81 4175.4 253229 102734 8097.52 6989.11 94636.2 1177.53 43484.5 29580.4 6679.44 4112.46 6182.5 1108.41 2074.49 7424.92 6690.22 3374.77 2100.91 1494.2 1866.11 10013 1197.46
internal_count=1262246 769993 492253 222718 215713 758519 758286 63540 129297 269535 249023 79105 48683 169918 25155 160391 147334 68904 11474 54566 30422 84066 86416 86329 58979 45231 63399 30020 7005 2653
is_linear=0
shrinkage=0.05


Tree=6
num_leaves=31
num_cat=0
split_feature=10 18 4 12 1 10 4 10 15 14 4 18 16 4 1 16 17 18 10 1 16 10 14 4 17 14 10 4 10 16
split_gain=124974 114556 10626.4 6921.49 2964.77 5714.38 2758.64 4184.25 1813.86 1792.69 1727.63 1269.98 856.059 764.828 749.23 821.494 716.08 595.74 701.301 567.654 524.402 476.32 441.312 428.376 403.977 381.824 372.126 349.948 1490.08 1863.49
threshold=0.53361581920903967 0.46978824388462953 0.75147058823529422 1.0000000180025095e-35 0.92832157775102275 0.4658084392363977 0.46709956709956718 0.63798951588035779 1.0000000180025095e-35 0.75000000000000011 0.890227576974565 0.52548558703451709 1.0000000180025095e-35 0.91331186258722508 0.81916013584117042 1.0000000180025095e-35 0.80810147299509005 0.62542517006802734 0.38117386489479516 0.90933082402414711 1.0000000180025095e-35 0.43765547263681598 0.75000000000000011 0.7701575532900834 0.48528138528138537 1.0000000180025095e-35 0.35731538992408562 0.91715686274509822 0.61985915492957766 1.0000000180025095e-35
decision_type=2 2 2 2 2 2 2 2 2 2 2 2 2 2 2 2 2 2 2 2 2 2 2 2 2 2 2 2 2 2
left_child=1 2 14 4 -3 9 7 11 -4 17 -5 -2 25 16 -1 -16 19 18 -6 -10 -20 -12 -17 -21 26 -7 -15 28 29 -8
right_child=6 3 8 10 5 12 27 -9 13 -11 21 -13 -14 24 15 22 -18 -19 20 23 -22 -23 -24 -25 -26 -27 -28 -29 -30 -31
leaf_value=-0.040545788100493481 0.20072874675804311 -0.048046022550130546 -0.052266091745035083 -0.035246521645922145 -0.036394805756462451 -0.051738033226702132 -0.010865736731412503 0.12765575621657538 0.016702533612588947 0.17315745910412109 -0.0021161624476089607 -0.039181618604599691 0.1345166192391816 0.034466374638103668 -0.024151689766050224 0.093026935368674624 0.1199152787380806 -0.046709164035614543 -0.051271357506615392 0.39343821962877312 0.11209958822375395 0.13176183267805583 0.34439479966046549 0.10087577836822621 0.1351648609406238 0.071891916440445042 0.14470897389857848 0.13886913426408962 0.13522245856282178 0.12686065080115713
leaf_weight=917.09637687914073 60.354564109817147 16798.185734754428 135.30890238471329 221.28620495460927 384.13163936883211 92.91133532114327 397.31360948458314 1618.91683643125 353.45316546782851 104.13255922682583 72.31906770169735 641.14328587427735 692.72895724140108 191.69600737653673 216.23204376734793 161.57457904331386 1867.5405659638345 2970.020616132766 66.048609824851155 13.288502518087624 191.64045870676637 817.08121174573898 19.576477989554405 214.12975088134408 21226.08776052855 190.51209935359657 127.43413024954498 229871.93579535745 27602.965054376051 643.20594838820398
leaf_count=45446 163 883260 5475 9009 17208 3705 7778 4376 6987 69 2137 30899 2675 2190 8483 4060 8085 135600 3047 53 2666 1516 6 1079 30578 3116 260 33131 8048 1141
internal_value=0.124083 0.0499778 0.122745 -0.0319404 -0.0382309 -0.00309178 0.137733 0.0834583 0.130287 -0.0313726 0.0897711 -0.0185405 0.104566 0.131316 -0.0156974 0.0416486 0.104835 -0.0372694 0.00641303 0.0563503 0.0702258 0.120876 0.120192 0.117971 0.134325 0.0313638 0.0784881 0.13822 0.133008 0.074271
internal_weight=308880 48044.4 25443.4 22601 21490.3 4692.13 260836 2320.41 24128.9 3715.97 1110.69 701.498 976.152 23993.6 1314.48 397.383 2448.41 3611.84 641.821 580.871 257.689 889.4 181.151 227.418 21545.2 283.423 319.13 258515 28643.5 1040.52
internal_count=1262246 1176710 112702 1064008 1051346 168086 85536 35438 54707 158590 12662 31062 9496 49232 57995 12549 16204 158521 22921 8119 5713 3653 4066 1132 33028 6821 2450 50098 16967 8919
is_linear=0
shrinkage=0.05


Tree=7
num_leaves=31
num_cat=0
split_feature=9 10 3 9 9 1 10 2 1 14 8 10 9 8 8 3 0 10 3 1 0 17 1 9 2 6 5 17 9 14
split_gain=123260 95594.5 7808.73 7795.39 4073.3 3082.07 1308.98 1166.38 874.716 3791.98 1429.05 2309.08 1182.7 814.965 621.536 612.176 1180.91 515.199 700.561 471.108 604.234 444.41 403.019 2112.6 386.349 382.079 948.42 383.185 381.849 387.83
threshold=0.13840996168582378 1.0000000180025095e-35 0.42462121212121218 0.27429467084639503 0.11237373737373739 0.92671106710856466 0.58853389071364604 0.23611111111111113 0.93846852311368456 0.75000000000000011 0.17083593912862208 0.38967698967698977 0.043961352657004842 0.21751918158567776 0.28325958702064902 0.27072835547411828 0.3504385964912281 0.76980056980056988 0.22361111111111112 0.86541041378793249 0.47520491803278692 0.52223320158102771 0.69700757431946025 0.31009615384615391 0.63068181818181823 1.0000000180025095e-35 0.73214285714285732 0.65058139534883741 0.10762548262548265 1.0000000180025095e-35
decision_type=2 2 2 2 2 2 2 2 2 2 2 2 2 2 2 2 2 2 2 2 2 2 2 2 2 2 2 2 2 2
left_child=1 7 3 -2 6 -6 8 15 -3 12 -11 -12 -10 -14 -7 16 -1 18 -5 -17 21 -21 23 -4 -8 26 -9 -28 -15 -30
right_child=2 4 22 17 5 14 24 25 9 10 11 -13 13 28 -16 19 -18 -19 -20 20 -22 -23 -24 -25 -26 -27 27 -29 29 -31
leaf_value=-0.051084817684557797 -0.045028546585239609 -0.049858127141539289 -0.03091330791258062 0.13685468746368834 -0.027802650457733363 0.16759235318932941 -0.053679571224097944 -0.0083487630457928248 -0.048192180929610411 0.13627852855148748 0.19101092318177876 0.98851428232794003 0.075077271170493176 -0.042051103390018246 -0.017423679686329376 -0.051275217879691318 2.296658503914347 0.12490850562203724 0.012796004174347057 -0.053051151149455168 0.030038169939223505 0.60973902041763584 0.12687135772147332 0.12459588997869414 0.15661064175325401 0.12163834415298094 -0.061228903791727587 0.11693405584041205 -0.051744763116638483 0.15065525094194929
leaf_weight=1.4549063853919499 1313.9843427594751 16759.831334045157 252.55255572870374 196.66895909979939 498.52350605465472 441.64227942749858 27.593830056488514 195.08665754832327 2750.6017499342561 73.485726425424218 22.327997025102377 15.293064234778283 367.90580830723047 431.18217181786895 50.592936607077718 155.98781004548073 0.8476901315152644 1569.0959601271898 270.06067776679993 3.5166553184390059 44.063675355166197 9.0064569786190969 274291.02669947967 1614.8314045611769 104.77185625396669 15973.229142013937 31.097911927849054 1022.0393284484744 40.205310124903917 57.54092619754374
leaf_count=70 71067 915976 9622 823 24165 944 977 2640 121613 13 22 33 7838 18795 1225 6831 2 1502 4900 70 508 48 49734 925 136 17060 248 1583 1700 1176
internal_value=0.114164 0.030988 0.125793 0.0499125 -0.0392069 0.059827 -0.0439582 0.118112 -0.0449693 -0.0231692 0.264582 0.515198 -0.0319346 0.0179276 0.148576 0.00234013 0.813226 0.11119 0.0650714 -0.00644334 0.117141 0.423619 0.126714 0.103564 0.112772 0.119556 0.0929147 0.111673 -0.0218239 0.0674034
internal_weight=318586 39077.8 279508 3349.81 21641.5 990.759 20650.7 17436.3 20518.4 3758.54 111.107 37.6211 3647.44 896.834 492.235 214.877 2.3026 2035.83 466.73 212.575 56.5868 12.5231 276158 1867.38 132.366 17221.5 1248.22 1053.14 528.928 97.7462
internal_count=1262246 1123673 138573 78292 1094613 26334 1068279 29060 1067166 151190 68 55 151122 29509 2169 7529 72 7225 5723 7457 626 118 60281 10547 1113 21531 4471 1831 21671 2876
is_linear=0
shrinkage=0.05


Tree=8
num_leaves=31
num_cat=0
split_feature=9 10 4 9 9 16 10 4 1 9 16 4 9 16 10 1 8 4 10 17 3 17 6 4 17 2 16 8 8 2
split_gain=104030 83241.5 7138.64 6234.22 3790.85 3532.74 1190.16 1188.86 871.188 2167.55 2137.66 568.249 2601.07 1101.62 547.407 536.958 492.077 444.174 625.227 441.132 499.457 419.657 374.447 363.492 470.655 357.135 355.566 350.296 383.085 335.095
threshold=0.13840996168582378 1.0000000180025095e-35 0.43657262277951941 0.25462962962962971 0.11237373737373739 1.0000000180025095e-35 0.58853389071364604 0.75147058823529422 0.93846852311368456 0.054804804804804812 1.0000000180025095e-35 0.78319623971797903 0.31698564593301443 1.0000000180025095e-35 0.49238500193274065 0.86541041378793249 0.22594670406732123 0.24440019910403191 0.76980056980056988 0.55646630236794181 0.42933947772657455 0.48112535612535617 1.0000000180025095e-35 0.9457002457002458 0.80810147299509005 0.58571428571428574 1.0000000180025095e-35 0.28325958702064902 0.48591269841269852 0.26136363636363641
decision_type=2 2 2 2 2 2 2 2 2 2 2 2 2 2 2 2 2 2 2 2 2 2 2 2 2 2 2 2 2 2
left_child=1 7 3 -2 6 -6 8 15 -3 -10 -11 12 13 -4 16 -1 -12 -5 19 20 -19 -9 -14 24 -23 -16 -8 -7 -29 -15
right_child=2 4 11 17 5 27 26 21 9 10 14 -13 22 29 25 -17 -18 18 -20 -21 -22 23 -24 -25 -26 -27 -28 28 -30 -31
leaf_value=-0.041210550260479324 -0.047663629823828317 -0.04975055806840515 -0.044215389611587608 0.12423255498912573 -0.05113767016956125 0.15041392060407272 -0.054548385722301064 0.018115172396825665 -0.044111891699489619 -0.051181881807992408 0.1254837615204896 0.11769069514298508 0.01338915584695481 0.16886483936150731 0.61244777829653152 0.093281313618787762 0.014411800615128431 0.068799415299251529 0.099800320720404512 -0.054347123724021167 0.81804011748951155 0.04763200981535845 0.1145093755788776 0.11312718998385961 0.10268446235698898 0.20729631506239563 0.14390377041824937 -0.053190297655534513 0.2692281803099707 0.035499239905297929
leaf_weight=191.12310008145869 1214.6807416155934 15976.052656903863 401.77717002667487 900.39322556741536 437.62367955595255 516.16792776621878 28.455821996554732 125.03140594810247 2801.9932915810496 340.91897468268871 313.63316803984344 277168.50731208362 93.075150113552809 94.396001864224672 5.9777888450771561 121.3261854108423 146.197784088552 90.130548203364015 622.29354584589601 135.69868985936046 2.2805910483002654 466.8686159811914 5583.9166925735772 14933.210776049644 2304.874892000109 60.373183539137244 109.13844406045973 42.43912841938436 11.767388414591549 94.004779355600476
leaf_count=8102 69614 915976 14194 1575 23485 1462 963 818 126886 15824 2764 43566 389 721 56 1682 4990 1098 1111 3871 7 3235 2010 10657 4566 670 150 1375 12 417
internal_value=0.106122 0.0294368 0.116547 0.0393727 -0.0388589 0.0557249 -0.0436782 0.107702 -0.0447046 -0.0227334 0.0463501 0.117354 0.102466 0.00256284 0.109542 0.0110136 0.0901698 0.0997574 0.0738436 0.00303236 0.0872897 0.109396 0.112851 0.110041 0.0934115 0.243798 0.102862 0.137716 0.0168017 0.102321
internal_weight=325334 38933.2 286401 2965.48 20790.7 1008 19782.7 18142.4 19645.1 3669.09 867.101 283436 6267.17 590.178 526.182 312.449 459.831 1750.8 850.403 228.11 92.4111 17830 5676.99 17705 2771.74 66.351 137.594 570.374 54.2065 188.401
internal_count=1262246 1123673 138573 77276 1094613 26334 1068279 29060 1067166 151190 24304 61297 17731 15332 8480 9784 7754 7662 6087 4976 1105 19276 2399 18458 7801 726 1113 2849 1387 1138
is_linear=0
shrinkage=0.05


Tree=9
num_leaves=31
num_cat=0
split_feature=9 10 9 16 4 9 10 4 1 9 16 4 1 9 4 16 4 1 9 8 10 10 0 0 5 0 8 4 6 0
split_gain=89317.4 63577 14883.2 7662.12 3717.96 4156.53 1090.34 1013.52 868.642 1999.88 1791.84 502.177 459.669 384.976 386.434 362.573 465.97 364.848 345.789 442.055 377.625 931.858 343.396 471.652 382.417 339.684 360.356 314.98 1439.28 898.398
threshold=0.18350168350168353 1.0000000180025095e-35 0.11237373737373739 1.0000000180025095e-35 0.43657262277951941 0.25462962962962971 0.58853389071364604 0.75147058823529422 0.93846852311368456 0.050641025641025648 1.0000000180025095e-35 0.52689415847310594 0.86541041378793249 0.5590277777777779 0.23294573643410851 1.0000000180025095e-35 0.9457002457002458 0.88381521796705353 0.097167584579071611 0.40078740157480319 0.37260991353062972 0.37150663544106172 0.57932875667429451 0.55217785843920153 0.2678571428571429 0.31296641791044782 0.89504283965728282 0.90070422535211281 1.0000000180025095e-35 0.65261756876663723
decision_type=2 2 2 2 2 2 2 2 2 2 2 2 2 2 2 2 2 2 2 2 2 2 2 2 2 2 2 2 2 2
left_child=1 7 6 -4 5 -2 8 12 -3 -10 -11 -5 -1 14 -7 16 17 -9 19 20 21 -12 23 24 -14 26 -16 28 29 -6
right_child=4 2 3 11 27 13 -8 15 9 10 18 -13 22 -15 25 -17 -18 -19 -20 -21 -22 -23 -24 -25 -26 -27 -28 -29 -30 -31
leaf_value=-0.040737571823554516 -0.045871289342406196 -0.049642542411871174 -0.045461325177626459 -0.051388703028033493 -0.023282145748225746 0.10084977258245105 0.094893226439497672 0.0077818189389279955 -0.044314330379694462 -0.051138802722052339 0.085009308011802676 0.11284959737070746 0.22126249261965475 0.10709007088489197 -0.01660686449773113 0.10804105968992828 0.099009790175674586 0.078710992855770712 0.14638874503868235 0.42888786702263454 -0.0014705146879110287 0.79873283482756285 -0.017695421558401144 0.31824657893732822 -0.053516372455727414 0.12574176562177483 0.4792127375265528 0.1104128099811877 0.10712084197936639 0.076980496760480577
leaf_weight=183.85981268249452 789.98964391462505 15229.131210768595 1119.5199154578149 47.368487030267715 310.56486363336444 266.95012634992599 141.47212238423526 207.49527781829238 2652.0205126013607 335.00787892751396 214.58015117794275 2668.4344358015805 21.586643546819687 1246.6694731451571 233.08258477784693 8813.0276763346046 7924.7227684743702 1436.2120280787349 203.81961860321462 8.2040713429450971 156.42340229637921 4.6728920172899953 52.22701433673501 26.758384346961975 30.627829309552908 58.49167019687593 3.7231157124042502 259538.73991796002 24842.066974595189 796.27297981455922
leaf_count=8102 47176 915976 53959 2152 2867 1111 1113 2312 125677 16304 1948 3830 171 1253 5164 7233 6635 3096 1979 36 5193 53 731 244 536 130 4 33397 12888 976
internal_value=0.099469 0.0308688 -0.0252118 0.0646106 0.109346 0.0498126 -0.0433956 0.0991999 -0.044436 -0.0222549 0.0411477 0.109985 0.01028 0.0915996 0.0572525 0.100724 0.0939846 0.0697572 0.0937539 0.0658077 0.0578787 0.100221 0.0817745 0.147557 0.0600834 0.0178405 -0.00881147 0.109888 0.104635 0.0488481
internal_weight=329564 41477.2 22780.7 3835.32 288087 2598.91 18945.3 18696.5 18803.9 3574.73 922.708 2715.8 315.06 1808.92 562.247 18381.5 9568.43 1643.71 587.7 383.881 375.676 219.253 131.2 78.9729 52.2145 295.297 236.806 285488 25948.9 1106.84
internal_count=1262246 1157280 1128220 59941 104966 54838 1068279 29060 1067166 151190 25513 5982 9784 7662 6409 19276 12043 5408 9209 7230 7194 2001 1682 951 707 5298 5168 50128 16731 3843
is_linear=0
shrinkage=0.05


Tree=10
num_leaves=31
num_cat=0
split_feature=9 10 9 16 4 9 16 9 1 4 14 9 8 4 1 9 4 17 4 17 4 16 17 4 9 16 6 0 5 8
split_gain=77827 55924.3 13778.7 6687.32 3302.77 3574.32 1088.04 2679.19 2298.16 884.483 585.621 531.752 616.512 430.061 392.305 371.616 490.631 364.431 326.931 393.552 319.035 1130.2 556.242 313.839 1232.33 1787.8 504.547 473.304 384.071 299.184
threshold=0.18350168350168353 1.0000000180025095e-35 0.11237373737373739 1.0000000180025095e-35 0.42933947772657449 0.25462962962962971 1.0000000180025095e-35 0.061553030303030311 0.91043998879043453 0.75147058823529422 0.75000000000000011 0.10435571687840291 0.21751918158567776 0.52689415847310594 0.86541041378793249 0.45643939393939398 0.20864427860696519 0.48112535612535617 0.9457002457002458 0.80810147299509005 0.121830550401979 1.0000000180025095e-35 0.9900000000000001 0.86706827309236967 0.33974358974358981 1.0000000180025095e-35 1.0000000180025095e-35 0.63714733542319768 0.64583333333333337 0.46410162002945515
decision_type=2 2 2 2 2 2 2 2 2 2 2 2 2 2 2 2 2 2 2 2 2 2 2 2 2 2 2 2 2 2
left_child=1 9 6 -4 5 20 -3 29 -9 14 11 12 -10 -5 -1 16 -7 -11 19 -19 21 22 -2 24 25 -6 27 -26 -29 -8
right_child=4 2 3 13 23 15 7 8 10 17 -12 -13 -14 -15 -16 -17 -18 18 -20 -21 -22 -23 -24 -25 26 -27 -28 28 -30 -31
leaf_value=-0.040255271297522724 -0.05152054968011071 -0.050841029573052268 -0.045079202046437193 -0.051321626071840792 -0.028630295475636915 0.10023822338137645 -0.045428416487461494 -0.040802664048108228 0.092615427809028886 0.011282428200941757 0.16634923372057561 0.13796750252251033 -0.031735235156645468 0.10431693817376593 0.071449586011823399 0.096011378571393524 -0.010942434220340427 0.038375857938881382 0.096868656563646016 0.086986837174424306 -0.050847342758819115 1.6718754205306858 0.75845510607982825 0.10389827106216043 -0.053251940979354442 0.094355047447578888 0.10226165788862851 0.10355626438370656 -0.0090339562544580424 0.34354776139431753
leaf_weight=176.93573959730566 15.592906942591076 12970.811572510749 1073.7215132107958 45.115703267976642 463.88075068872422 187.62427906505764 3836.9972039470449 552.11692286096513 214.83786938339472 134.11473051086068 199.56603119894862 182.07409525755793 185.94430305622518 2740.3653481286019 141.42326985299587 1439.5516384392977 210.61729694902897 501.24959616921842 15723.587443541735 2458.6488604471087 727.56417127419263 1.1550851520150889 2.4530890211462966 270506.01394739002 89.781853664666414 814.06658842042089 15692.465041287243 288.85945503413677 102.66484828293324 4.9498515129089347
leaf_count=8102 795 819114 53959 2152 9789 749 204573 32907 2799 818 35 1531 7319 3830 1682 1622 5227 3235 10657 4566 45829 23 18 35549 469 989 3536 99 272 1
internal_value=0.0938599 0.0294975 -0.0248619 0.0609319 0.102974 0.0467041 -0.0431068 -0.0237269 0.0373061 0.0920113 0.0924236 0.067112 0.0349225 0.101796 0.0093669 0.0841856 0.0414383 0.0934095 0.093999 0.0787547 -0.0455382 0.155635 0.0585838 0.103479 0.0969803 0.0497127 0.100715 0.0502896 0.074033 -0.0449273
internal_weight=331685 41142.5 22006.5 3859.2 290542 2584.56 18147.3 5176.49 1334.54 19136 782.422 582.856 400.782 2785.48 318.359 1837.79 398.242 18817.6 18683.5 2959.9 746.765 19.2011 18.046 287958 17451.7 1277.95 16173.8 481.306 391.524 3841.95
internal_count=1262246 1157280 1128220 59941 104966 54263 1068279 249165 44591 29060 11684 11649 10118 5982 9784 7598 5976 19276 18458 7801 46665 836 813 50703 15154 10778 4376 840 371 204574
is_linear=0
shrinkage=0.05


Tree=11
num_leaves=31
num_cat=0
split_feature=9 18 4 10 4 9 9 16 15 4 9 8 9 1 1 18 9 12 17 4 1 4 9 16 6 14 18 9 1 18
split_gain=68620.6 58415.1 3406.2 3337.84 2991.37 3173.79 1661.3 1662.45 751.835 644.471 597.714 3016.22 825.851 553.77 422.885 368.57 366.236 333.667 313.247 305.981 407.318 302.786 1043.98 2142.67 479.256 815.017 446.643 329.562 302.095 292.278
threshold=0.18350168350168353 0.41417129878668346 0.75147058823529422 0.56939375506893763 0.42933947772657449 0.25462962962962971 0.13840996168582378 1.0000000180025095e-35 1.0000000180025095e-35 0.90521114106019773 0.089572192513368995 0.069292885202968182 0.039230769230769243 0.94074345606603682 0.86541041378793249 0.62867965367965384 0.12060606060606062 1.0000000180025095e-35 0.94519519519519524 0.27072835547411828 0.69169683683750194 0.91331186258722508 0.33974358974358981 1.0000000180025095e-35 1.0000000180025095e-35 1.0000000180025095e-35 0.40486029122392764 0.73508771929824568 0.94839417534634463 0.37407326047558903
decision_type=2 2 2 2 2 2 2 2 2 2 2 2 2 2 2 2 2 2 2 2 2 2 2 2 2 2 2 2 2 2
left_child=1 2 14 6 5 -2 -3 -8 -4 -5 11 18 -13 -14 16 -9 -1 19 -10 -7 -21 22 23 26 25 27 -6 -24 -17 -15
right_child=4 3 8 9 21 17 7 15 10 -11 -12 12 13 29 -16 28 -18 -19 -20 20 -22 -23 24 -25 -26 -27 -28 -29 -30 -31
leaf_value=-0.047636889268034666 -0.045337925117345995 -0.047467797067037756 -0.05356535571174488 -0.027346594778687131 0.14641341647757231 0.08061816048488861 -0.051727075230675858 0.096472504140503679 0.08171808976613304 0.096953581910861036 0.11305322893166121 -0.050113817314462905 -0.053653791851445878 0.073912066526991838 0.045081484638403342 -0.045512946648338402 0.1224692155582674 0.094231589862430173 0.094599972779033412 -0.024980734778939202 0.10061718890987581 0.098614092896944242 -0.076813488761432999 0.089263555504191239 0.097288970586382861 0.08187973549099628 -0.037116159104438266 0.075263959474702158 0.064010034421100079 0.25207600884150189
leaf_weight=590.6717742299661 717.33912931848317 16126.793331616558 97.030585061758757 130.38415561243892 35.428466320037842 374.95649480819702 540.35274709947407 401.84269825555384 10655.931728122756 520.84771893918514 1857.3492907248437 505.2597784306854 87.639325989410281 200.84504972584546 199.62537283543497 104.78288939781487 33.43272225279361 1195.2436341773719 8470.5452044159174 212.41793238371611 92.732352875173092 258008.19144664705 126.2400864623487 1572.7383446842432 27235.639815403149 1120.1762655153871 515.54168055579066 49.629570290446281 157.74742604792118 25.999396830797195
leaf_count=35452 46665 1038880 4045 4527 53 1819 27954 554 14428 902 1149 14077 2650 1071 4084 1718 752 1414 4457 4332 33 32513 608 1284 5209 705 10278 53 192 388
internal_value=0.089077 0.0282699 0.0815518 -0.0390611 0.0975757 0.0441084 -0.0432368 0.0134008 0.085306 0.0720672 0.0859241 0.0833978 -0.0105203 0.0530918 -0.0182631 0.0663712 -0.0385245 0.0783225 0.0874231 0.0503633 0.0131873 0.0980559 0.093358 0.0595376 0.0958754 0.066169 -0.0253148 -0.033898 0.0202965 0.094332
internal_weight=331963 40707.1 22724.3 17982.8 291256 2592.69 17331.5 1204.73 21900.6 651.232 21803.6 19946.2 819.744 314.484 823.73 664.373 624.104 1875.35 19126.5 680.107 305.15 288664 30655.4 2123.71 28531.7 1296.05 550.97 175.87 262.53 226.844
internal_count=1262246 1157280 82553 1074727 104966 54263 1069298 30418 42265 5429 38220 37071 18186 4109 40288 2464 36204 7598 18885 6184 4365 50703 18190 11615 6575 1366 10331 661 1910 1459
is_linear=0
shrinkage=0.05


Tree=12
num_leaves=31
num_cat=0
split_feature=9 18 9 4 4 9 16 8 16 15 9 8 9 1 1 1 4 17 9 9 18 0 4 9 16 14 18 16 18 17
split_gain=61170.7 52443.9 3207.32 2984.46 2726.88 2823.69 2712.55 815.606 1071.41 662.409 531.285 2633.22 755.173 508.783 474.177 387.467 337.428 369.339 322.806 317.514 306.095 304.192 292.214 971.153 1825.06 412.741 307.964 274.863 274.206 254.83
threshold=0.18350168350168353 0.41417129878668346 0.11651583710407241 0.75147058823529422 0.42933947772657449 0.25462962962962971 1.0000000180025095e-35 0.40078740157480319 1.0000000180025095e-35 1.0000000180025095e-35 0.089572192513368995 0.069292885202968182 0.039230769230769243 0.88748560099048379 0.94074345606603682 0.86541041378793249 0.9457002457002458 0.80810147299509005 0.12060606060606062 0.5590277777777779 0.56826357096141289 0.41421362489486974 0.89512961508248245 0.3585714285714286 1.0000000180025095e-35 1.0000000180025095e-35 0.37407326047558903 1.0000000180025095e-35 0.63819655521783192 0.48112535612535617
decision_type=2 2 2 2 2 2 2 2 2 2 2 2 2 2 2 2 2 2 2 2 2 2 2 2 2 2 2 2 2 2
left_child=1 3 7 15 5 -2 -4 -3 -9 -5 11 16 -13 -8 -14 18 17 -11 -1 20 -7 -20 23 24 26 -25 -6 -17 -10 -18
right_child=4 2 6 9 22 19 13 8 28 10 -12 12 14 -15 -16 27 29 -19 21 -21 -22 -23 -24 25 -26 -27 -28 -29 -30 -31
leaf_value=-0.047433716633410672 -0.045050922433211682 -0.048462091653495021 -0.044125874354225138 -0.053410846936653711 0.13831228394641831 0.11587022705276787 -0.020290625440665191 -0.051298462682133728 0.34166885276887976 0.029302403877034474 0.1060485738247333 -0.049760676923555847 -0.053487355906193718 0.081841091240167516 0.084847351611452057 -0.015495828188151616 0.013928922685748489 0.074760890684047718 -0.053587321333133153 0.086949545663352848 0.02519861440730476 0.23531620993329089 0.09388954942645257 0.064464570560630693 0.084549961729343537 0.092715767011001343 -0.035520932122850311 0.099670586036020123 0.11368914884174541 0.085383236428931628
leaf_weight=564.2109470628202 686.59260788373649 14830.445530677214 944.25232739746571 92.558623562566936 26.876596605405211 115.60672176629305 138.27257411088794 163.94590441975743 14.797658827155827 540.83265167474747 1880.3707254063338 483.94319726340473 83.617968620732427 1032.449721602723 239.01928955130279 105.23279489669949 125.7490571513772 2570.5380652472377 16.55936474353075 1311.4338765367866 477.66573372669518 20.257390238344669 263395.1371944584 1376.3381229192019 1304.8104086704552 21309.754623236135 489.81162242591381 102.05136941000819 121.35390475764871 16140.81616647169
leaf_count=35452 46665 1006602 51649 4045 36 305 3232 10468 33 3286 1149 14077 2650 1968 1459 2725 549 4463 654 1244 6049 98 33785 1831 1177 3727 10147 1359 775 10587
internal_value=0.0849434 0.027145 -0.038749 0.0766263 0.0929441 0.041882 0.0189247 -0.0468107 0.0347965 0.0800689 0.0806289 0.0782608 -0.0102577 0.0697784 0.0489951 -0.0177435 0.0819453 0.0668591 -0.0380733 0.0732189 0.0428671 0.105374 0.0934037 0.0881815 0.0530555 0.0910018 -0.0264786 0.0412036 0.138467 0.0848309
internal_weight=330705 40211.3 17245.5 22965.8 290494 2591.3 2114.97 15130.5 300.097 22157.4 22064.9 20184.5 806.58 1170.72 322.637 808.312 19377.9 3111.37 601.028 1904.71 593.272 36.8168 287903 24507.6 1821.5 22686.1 516.688 207.284 136.152 16266.6
internal_count=1262246 1157280 1074727 82553 104966 54263 56849 1017878 11276 42265 38220 37071 18186 5200 4109 40288 18885 7749 36204 7598 6354 752 50703 16918 11360 5558 10183 4084 808 11136
is_linear=0
shrinkage=0.05


Tree=13
num_leaves=31
num_cat=0
split_feature=9 18 9 4 4 9 16 10 15 9 8 9 1 1 1 4 1 16 14 4 3 10 9 9 18 4 10 10 0 18
split_gain=54993.5 47311.5 3064.98 2636.2 2521.93 2746.95 2452.19 884.079 587.939 478.169 2312.21 695.214 446.99 413.693 356.018 327.116 310.649 301.648 296.515 983.198 687.471 292.834 288.647 274.972 320.02 254.413 406.56 239.968 232.737 232.569
threshold=0.18350168350168353 0.41417129878668346 0.11651583710407241 0.75147058823529422 0.47559523809523813 0.25462962962962971 1.0000000180025095e-35 0.58853389071364604 1.0000000180025095e-35 0.089572192513368995 0.069292885202968182 0.039230769230769243 0.88748560099048379 0.94074345606603682 0.86541041378793249 0.9457002457002458 0.97039821776663893 1.0000000180025095e-35 1.0000000180025095e-35 0.92637759710930456 0.86240703177822864 0.82865035516969232 0.12060606060606062 0.4045454545454546 0.72758194186765623 0.121830550401979 0.60622179239200535 0.66885964912280715 0.37590579710144933 0.52548558703451709
decision_type=2 2 2 2 2 2 2 2 2 2 2 2 2 2 2 2 2 2 2 2 2 2 2 2 2 2 2 2 2 2
left_child=1 3 7 14 5 25 27 -3 -5 10 15 -12 -8 -13 22 16 17 -10 19 20 23 29 -1 24 -6 26 -2 -4 -19 -7
right_child=4 2 6 8 18 21 12 -9 9 -11 11 13 -14 -15 -16 -17 -18 28 -20 -21 -22 -23 -24 -25 -26 -27 -28 -29 -30 -31
leaf_value=-0.0472257344023412 -0.051593278604564155 -0.047890012798838269 -0.047438681801943952 -0.053262295102593643 0.057332587616863419 0.11131878623999764 -0.019548364363121334 0.074237474031792677 0.040499016907765327 0.10006169587630792 -0.049408438073779322 -0.053328167962419543 0.076684848338289757 0.077564552248921226 0.037805685138624048 0.080023536500649695 0.09656731124146628 0.30279467442448044 0.089845854087045152 0.087743381756639899 0.092176142148523182 0.083652189389034931 0.092862418019530629 0.049608823605916987 -0.024556263714591697 -0.048070017291512231 0.37901001872644624 0.13351405961100729 0.072550990151949921 0.034784497772004597
leaf_weight=538.99867025110871 13.619736202061178 14300.515072183684 887.92835859116167 88.283860423602164 190.08586050756276 116.12392720393836 136.39550630562007 149.73657318390906 1488.4374675378203 1892.8627566732466 463.54047915991396 79.771315045654774 1046.3942163232714 248.13893952779472 214.06811535451561 16378.362378980964 551.21312406659126 11.085052635520695 265053.65820068493 17931.491201452911 826.19224495440722 1435.8286994025111 39.463120840489864 1225.7295366190374 320.41822826489806 689.03838832676411 9.1739483214914781 18.70758748985827 1111.8911697939038 683.54755298513919
leaf_count=35452 759 1016759 51621 4045 471 209 3232 1119 5078 1149 14077 2650 1968 1459 4084 11136 162 48 37701 5441 263 1167 752 1812 2053 48376 77 28 2461 6637
internal_value=0.0813349 0.0261188 -0.0384399 0.0723308 0.0889229 0.0429087 0.0181638 -0.0466245 0.0755136 0.0760252 0.0737875 -0.00999441 0.0655875 0.045722 -0.0172826 0.0771808 0.0624591 0.0552596 0.0893978 0.0836034 0.0546326 0.0701471 -0.0376688 0.0367674 0.005935 -0.0426333 0.121715 -0.0437049 0.0748238 0.0458984
internal_weight=328141 39645.8 16539.7 23106.1 288495 2947.33 2089.43 14450.3 22313.6 22225.3 20332.4 791.451 1182.79 327.91 792.53 19541 3162.63 2611.41 285548 20493.9 2562.43 2235.5 578.462 1736.23 510.504 711.832 22.7937 906.636 1122.98 799.671
internal_count=1262246 1157280 1074727 82553 104966 57225 56849 1017878 42265 38220 37071 18186 5200 4109 40288 18885 7749 7587 47741 10040 4599 8013 36204 4336 2524 49212 836 51649 2509 6846
is_linear=0
shrinkage=0.05


Tree=14
num_leaves=31
num_cat=0
split_feature=10 18 4 10 4 4 10 15 16 18 1 1 16 18 10 4 16 10 18 1 1 4 10 4 16 12 3 18 0 13
split_gain=41355.2 44247.3 4171.76 3410.98 3789.02 1286.52 1411.34 739.288 610.595 595.244 565.78 479.649 433.306 525.424 510.664 406.034 401.885 316.102 679.269 283.319 276.743 274.416 849.533 793.472 374.793 373.28 264.13 264.094 262.584 232.259
threshold=0.53361581920903967 0.50952467343976793 0.75147058823529422 0.47641299510458396 0.90521114106019773 0.47856705450091858 0.63798951588035779 1.0000000180025095e-35 1.0000000180025095e-35 0.52548558703451709 0.94286796536796547 0.81916013584117042 1.0000000180025095e-35 0.62542517006802734 0.38117386489479516 0.95040983606557383 1.0000000180025095e-35 0.34804239671209175 0.39543561263450194 0.92369096039537857 0.88381521796705353 0.91715686274509822 0.66885964912280715 0.69416099773242645 1.0000000180025095e-35 1.0000000180025095e-35 0.86582551161717203 0.43161681181370698 0.7158385093167704 1.0000000180025095e-35
decision_type=2 2 2 2 2 2 2 2 2 2 2 2 2 2 2 2 2 2 2 2 2 2 2 2 2 2 2 2 2 2
left_child=1 2 11 12 19 6 9 -4 10 -2 15 29 -3 14 -14 20 -13 18 -10 -5 -9 22 23 -7 25 26 -25 -12 -22 -1
right_child=5 3 7 4 -6 21 -8 8 17 -11 27 16 13 -15 -16 -17 -18 -19 -20 -21 28 -23 -24 24 -26 -27 -28 -29 -30 -31
leaf_value=-0.043932970333886406 0.10493416250768453 -0.049385040742958734 -0.052466925672253917 -0.049012033654303545 0.068948079357346995 -0.035558119156484262 0.07054275568524225 -0.014776357447833732 0.076604420488911917 -0.036899335933315264 0.074080893948389792 -0.025508593289408306 -0.033106070748666623 -0.039100121425661515 0.050191528967037762 0.061432797452842886 0.067360580398097197 0.088930750409576431 -0.023219187866532525 0.053862969194416299 0.058714216396639797 0.086299373892736189 0.083451625796592391 -0.033495643685118988 0.07832762926245318 0.070398501465235311 0.079446550982308337 -0.051642728858138989 0.0054057118916123114 0.12949136937699326
leaf_weight=822.31307259760797 86.353620108217001 9694.3448490975425 115.20710964873433 1348.7293992312625 1562.7369222687557 241.0902892947197 2039.3332477398217 307.485136882402 11435.3959120363 515.98659627977759 6909.0955754183233 221.60873549152166 365.47582245897502 2562.5728772105649 370.54698954429477 2361.9582918034866 245.59354639798403 6437.9601674778387 172.99610932730138 70.420589250512421 639.43750432878733 245032.04148704186 28820.443144816905 240.43408676516265 1119.8448711466044 283.91368052177131 65.969412429258227 42.024016820825636 361.65028016828001 19.770135233178735
leaf_count=58725 164 730232 6353 95622 11116 4994 4429 5965 19626 31218 5309 9980 23944 166935 8992 5965 4862 6586 8221 902 2890 33131 6689 3428 903 404 176 2333 2098 54
internal_value=0.0781477 0.034265 0.0699681 -0.0329905 0.0152376 0.0854078 0.0506808 0.0739387 0.0744466 -0.0165656 0.0649352 -0.0173195 -0.0440588 -0.0284054 0.00882969 0.0490548 0.0233098 0.0800449 0.0751168 -0.0439072 0.0267127 0.0857405 0.0812899 0.0493615 0.061333 0.0290939 -0.00917892 0.0733208 0.0394561 -0.0398614
internal_weight=324513 46067.3 30092.5 15974.8 2981.89 278445 2641.67 28783.2 28668 602.34 10621.7 1309.29 12992.9 3298.6 736.023 3670.53 467.202 18046.4 11608.4 1419.15 1308.57 275804 30771.7 1951.25 1710.16 590.317 306.403 6951.12 1001.09 842.083
internal_count=1262246 1176710 138967 1037743 107640 85536 35811 65346 58993 31382 24560 73621 930103 199871 32936 16918 14842 34433 27847 96524 10953 49725 16594 9905 4911 4008 3604 7642 4988 58779
is_linear=0
shrinkage=0.05


Tree=15
num_leaves=31
num_cat=0
split_feature=10 18 4 10 4 4 10 18 10 18 17 14 4 6 6 3 17 18 10 3 3 17 16 3 14 18 10 3 5 6
split_gain=37968.7 40863.6 4151.09 2070.45 3017.37 1551.16 1546.17 699.625 588.521 1344.82 500.599 444.48 1091.55 782.021 438.679 396.454 428.144 385.243 332.641 390.735 326.246 304.517 301.44 371.908 536.921 290.935 289.018 281.896 1178.05 595.706
threshold=0.52467131959097568 0.52548558703451709 0.78979857050032498 0.47084967320261445 0.90521114106019773 0.46709956709956718 0.60622179239200535 0.30451766304347833 0.35039615696550008 0.36236747398113028 0.94028520499108748 1.0000000180025095e-35 0.92637759710930456 1.0000000180025095e-35 1.0000000180025095e-35 0.86240703177822864 0.93142633228840133 0.52548558703451709 0.30733452593917715 0.75123762376237635 0.87895437895437911 0.48808848553601819 1.0000000180025095e-35 0.92907444668008055 0.75000000000000011 0.65283516988062462 0.72176684881602926 0.92718275008837059 0.81666666666666676 0.75000000000000011
decision_type=2 2 2 2 2 2 2 2 2 2 2 2 2 2 2 2 2 2 2 2 2 2 2 2 2 2 2 2 2 2
left_child=1 2 7 22 -5 6 17 14 9 10 21 12 13 20 -1 16 26 -2 19 -16 -7 -4 -3 -24 25 -25 -15 28 -14 -30
right_child=5 3 8 4 -6 11 -8 -9 -10 -11 -12 -13 27 15 18 -17 -18 -19 -20 -21 -22 -23 23 24 -26 -27 -28 -29 29 -31
leaf_value=-0.053044975694121477 0.079098349964654896 -0.049669426093212288 0.0061101650826714017 -0.047094371578233679 0.059250354428315902 -0.047714189527279439 0.064313814186388443 -0.038461746986148335 0.083810562345652276 -0.020545727455333548 0.076813821651166597 0.083160203718536441 0.08823222990877308 -0.038594455811918102 0.0056846541655134163 0.086920360598461144 0.075507751420638439 -0.043808730356156039 0.12220717956135102 0.11028499956970997 0.067631771304894159 0.062622070430531709 -0.04117747485515677 0.034814813121909829 0.13320218317835536 -0.036916632971527467 0.033660492332742854 0.085144653570039724 0.064587186620891648 0.016336707740748458
leaf_weight=147.57219568174332 72.988614480011165 8893.3188293389976 243.3753266595304 1397.7220506528392 1275.8918484319001 286.14217777084559 2065.6855151541531 933.85623289924115 6399.0348551860079 434.1832284880802 9616.0594704188406 252781.01670608949 4392.2319592703134 170.40769278071821 445.94369493238628 707.29388975538313 565.88451388664544 504.02585295587778 108.787822291255 111.62922552600503 78.017143414355814 11617.17816087883 2311.9982593730092 207.63907044846565 68.448565676808357 442.82297875359654 736.78446499630809 10346.417243604548 1694.2010194845498 1027.7378246216103
leaf_count=5990 190 705102 2065 103440 12056 1963 7792 66656 12505 21468 7079 40128 1375 2220 13162 257 694 34565 829 430 57 21380 163373 6385 19 24585 1210 1919 1500 1852
internal_value=0.0752891 0.0325212 0.0658537 -0.036112 0.00365505 0.0822231 0.0441006 -0.00892842 0.0704706 0.0665747 0.068336 0.0825924 0.075418 0.0448232 0.0249563 0.0561513 0.0413776 -0.0282618 0.0422305 0.0266262 -0.0230026 0.0614625 -0.0450284 -0.0314108 -1.5573e-06 -0.0140187 0.0200881 0.0798766 0.072215 0.046369
internal_weight=320084 44655.5 30057.6 14597.8 2673.61 275429 2642.7 1747.79 28309.8 21910.8 21476.6 272786 20005.1 2544.53 813.933 2180.37 1473.08 577.014 666.361 557.573 364.159 11860.6 11924.2 3030.91 718.911 650.462 907.192 17460.6 7114.17 2721.94
internal_count=1262246 1166524 151564 1014960 115496 95722 42547 87067 64497 51992 30524 53175 13047 6401 20411 4381 4124 34755 14421 13592 2020 23445 899464 194362 30989 30970 3430 6646 4727 3352
is_linear=0
shrinkage=0.05


Tree=16
num_leaves=31
num_cat=0
split_feature=9 18 9 4 4 16 9 10 16 18 17 14 4 3 4 5 16 4 17 4 0 17 3 5 3 9 8 9 5 17
split_gain=42743.6 35657.1 2611.87 2118.24 1959.13 1921.55 1878.07 749.943 949.799 709.451 532.885 402.272 890.3 580.402 364.498 378.066 333.697 309.765 295.18 277.56 482.178 482.04 270.981 1045.02 243.171 236.772 747.433 608.045 235.672 269.371
threshold=0.18350168350168353 0.41417129878668346 0.11651583710407241 0.42933947772657449 0.83424908424908428 1.0000000180025095e-35 0.25462962962962971 0.52193151212004618 1.0000000180025095e-35 0.22684744000693063 0.78817016317016331 1.0000000180025095e-35 0.92637759710930456 0.86240703177822864 0.95293466223698797 0.81666666666666676 1.0000000180025095e-35 0.92637759710930456 0.48808848553601819 0.25158227848101272 0.35355392156862747 0.60172413793103463 0.92718275008837059 0.81666666666666676 0.68042553191489374 0.097167584579071611 0.069292885202968182 0.039230769230769243 0.38750000000000007 0.81322674418604668
decision_type=2 2 2 2 2 2 2 2 2 2 2 2 2 2 2 2 2 2 2 2 2 2 2 2 2 2 2 2 2 2
left_child=1 4 7 6 9 -4 -2 -3 -9 16 14 12 13 -5 -6 -16 24 -7 -17 -8 21 -21 23 -14 -1 26 -12 -28 29 -26
right_child=3 2 5 11 10 17 19 8 -10 -11 25 -13 22 -15 15 18 -18 -19 -20 20 -22 -23 -24 -25 28 -27 27 -29 -30 -31
leaf_value=-0.030024013964798632 -0.044087486928454295 -0.048418037403395939 -0.04339457116960236 0.029401596006020832 0.0045458378117309867 0.0013840068323304547 0.075068228161760828 -0.051468220507647357 0.095254987677018482 -0.043178808540092484 0.070338969931531367 0.080512578487412348 0.084789052056259612 0.080517308806652699 0.066839221687378783 -0.066620893276390938 0.057184479527435744 0.067708893110063298 0.042218916234287585 0.0497512084939545 0.091988190844140172 -0.039042541419471555 0.082372747757588863 0.045483182672701787 0.19992385705947022 0.090292874076519175 -0.047213164960274896 0.062782700281471274 0.013990852994580466 -0.059286697421974094
leaf_weight=283.17652233783156 588.62348114233464 12304.76462979801 828.63625942543149 1748.9369450015947 378.28399414103478 214.76055570971221 1060.8485732227564 233.53470768406987 209.02179966401309 472.72007613256574 14467.355443017557 254297.18771258835 4407.7960082367063 813.72299513220787 2955.8050536094233 64.354481097310781 559.89932410232723 976.48321134969592 1946.4070527805015 371.36329248081893 280.54501432366669 259.7616701554507 10322.951715447009 2743.5879318192601 38.184464536607265 1327.0296917557716 248.87820744514465 253.72303947340697 233.85233935713768 13.589780502021311
leaf_count=8001 46665 1000449 51649 4388 3963 3608 1769 15573 1856 32681 8919 40611 986 263 7460 764 5257 1592 5113 1657 72 4100 1514 2941 255 451 6124 1780 1503 282
internal_value=0.0727275 0.0230086 -0.0377476 0.0795526 0.061609 0.0150779 0.0342917 -0.0461181 0.0178299 0.0082452 0.0655578 0.0799751 0.0731542 0.0456324 0.0518576 0.0554612 0.0297825 0.0557517 0.0387355 0.057681 0.0374487 0.013205 0.0771903 0.0697096 0.00280939 0.0700509 0.0682566 0.00831492 0.0353612 0.131886
internal_weight=314906 38010.5 14767.2 276895 23243.3 2019.88 2561.14 12747.3 442.557 1601.42 21641.8 274334 20037 2562.66 5344.85 4966.57 1128.7 1191.24 2010.76 1972.52 911.67 631.125 17474.3 7151.38 568.803 16297 14970 502.601 285.627 51.7742
internal_count=1262246 1157280 1074727 104966 82553 56849 54263 1017878 17429 47979 34574 50703 10092 4651 17300 13337 15298 5200 5877 7598 5829 5757 5441 3927 10041 17274 16823 7904 2040 537
is_linear=0
shrinkage=0.05


Tree=17
num_leaves=31
num_cat=0
split_feature=9 18 9 1 9 4 4 1 10 5 1 17 14 4 6 10 14 17 4 5 18 3 17 3 3 5 6 1 2 1
split_gain=39483.8 32509.5 2499.97 2032.77 2332.65 1779.85 1574.57 812.242 720.159 623.2 724.17 525.918 439.733 838.714 704.32 395.69 330.041 326.072 325.037 330.578 314.725 280.373 277.884 274.488 273.526 975.311 611.331 498.61 330.956 274.281
threshold=0.18350168350168353 0.41417129878668346 0.11651583710407241 0.69169683683750194 0.27429467084639503 0.83424908424908428 0.92637759710930456 0.84295686682783466 0.52193151212004618 0.64583333333333337 0.63349187362345261 0.78817016317016331 1.0000000180025095e-35 0.92637759710930456 1.0000000180025095e-35 0.82865035516969232 0.75000000000000011 0.83935483870967753 0.95293466223698797 0.81666666666666676 0.28616924476797095 0.87895437895437911 0.82807881773399028 0.70396452790818997 0.92718275008837059 0.81666666666666676 0.75000000000000011 0.89333845366103437 0.88194444444444453 0.96605158730158747
decision_type=2 2 2 2 2 2 2 2 2 2 2 2 2 2 2 2 2 2 2 2 2 2 2 2 2 2 2 2 2 2
left_child=1 5 8 4 20 7 -4 -1 -3 -10 -11 18 13 14 21 -6 -8 23 -7 -20 -2 22 -5 -16 25 -15 -27 -28 29 -29
right_child=3 2 6 12 15 11 16 -9 9 10 -12 -13 -14 24 17 -17 -18 -19 19 -21 -22 -23 -24 -25 -26 26 27 28 -30 -31
leaf_value=-0.041284750740120377 0.18038216873873414 -0.048276991078478243 -0.037520378016970529 0.025135992920881978 0.033765442660648064 0.0043082906650244324 0.037514612334995714 0.033685881215503623 -0.051095113843828865 1.0812498525768097 0.062130483335763299 0.066985991643794457 0.078175930206816402 0.081533361299142251 -0.039097848241034128 0.071528879806654372 0.10030641451417606 0.065644042532644248 0.062895624339199943 0.036687589805366842 -0.041938983697728242 0.061648591085850246 -0.082782177556622052 0.041290755840561244 0.07966142852492325 0.061757367903791972 0.078669387396634871 -0.029294887589871022 0.084315480231125353 0.06206771184350536
leaf_weight=551.79304278641939 16.267909863963723 11737.998026903719 839.91338023543358 89.388990642502904 993.8181717209518 379.16133321076632 874.7551134256646 1046.390268214047 189.7050330331549 1.7555890828371037 245.65828095749021 16192.800502372906 247892.36033888161 4356.0340611711144 139.93646493181586 2296.7842988632619 275.07313355989754 1603.6135663054883 2983.3257652493194 2016.5086754402146 741.73608257248998 76.441139504313469 179.29976498894393 440.29719468392432 10090.581807605922 1706.4651307836175 224.97999333590269 614.62708922475576 90.766698129475117 94.821845807135105
leaf_count=35982 37 1000449 51940 349 6810 3963 4871 11997 14440 2 2987 17274 33766 984 940 1392 38 1479 7460 5877 53104 49 937 673 1508 1216 107 1544 22 49
internal_value=0.0704462 0.0222339 -0.0374387 0.0770724 0.0419082 0.0587144 0.0145214 0.00780132 -0.0459303 0.0170848 0.0693619 0.0624864 0.0776044 0.0704159 0.0435327 0.0601237 0.0525363 0.0540224 0.0489408 0.0523255 -0.0371676 -0.022842 -0.0468793 0.0219032 0.0743736 0.0668456 0.0434237 0.0129068 -0.00558227 -0.0170838
internal_weight=308983 37334.8 14164.9 271648 4048.61 23170 1989.74 1598.18 12175.1 437.119 247.414 21571.8 267600 19707.3 2528.98 3290.6 1149.83 2183.85 5379 4999.83 758.004 345.13 268.689 580.234 17178.3 7087.69 2731.66 1025.2 800.216 709.449
internal_count=1262246 1157280 1074727 104966 61343 82553 56849 47979 1017878 17429 2989 34574 43623 9857 4427 8202 4909 3092 17300 13337 53141 1335 1286 1613 5430 3922 2938 1722 1615 1593
is_linear=0
shrinkage=0.05


Tree=18
num_leaves=31
num_cat=0
split_feature=9 18 9 3 15 9 16 3 18 14 3 5 6 2 6 6 9 17 6 9 12 16 9 2 18 5 9 18 17 6
split_gain=36738 29660.9 2133.14 1839.79 1706.61 1641.8 1568.18 757.933 548.337 451.139 750.253 382.86 695.686 548.148 816.604 380.089 374.465 358.538 354.114 312.063 311.364 298.788 811.654 611.266 308.661 289.562 282.93 278.607 276.84 297.05
threshold=0.18350168350168353 0.43161681181370698 0.11651583710407241 0.42462121212121218 1.0000000180025095e-35 0.27429467084639503 1.0000000180025095e-35 0.74862637362637374 0.22684744000693063 1.0000000180025095e-35 0.90443574690150041 0.81666666666666676 0.75000000000000011 0.63068181818181823 1.0000000180025095e-35 1.0000000180025095e-35 0.097167584579071611 0.65058139534883741 1.0000000180025095e-35 0.4045454545454546 1.0000000180025095e-35 1.0000000180025095e-35 0.097167584579071611 0.63068181818181823 0.44749373433583967 0.73214285714285732 0.5590277777777779 0.28616924476797095 0.89009661835748799 0.75000000000000011
decision_type=2 2 2 2 2 2 2 2 2 2 2 2 2 2 2 2 2 2 2 2 2 2 2 2 2 2 2 2 2 2
left_child=1 4 21 5 -1 27 -4 8 18 10 11 13 -13 14 20 17 -10 -9 -6 -16 -5 -3 -23 -24 -25 -19 -7 -2 29 -17
right_child=3 2 6 9 7 26 -8 15 16 -11 -12 12 -14 -15 19 28 -18 25 -20 -21 -22 22 23 24 -26 -27 -28 -29 -30 -31
leaf_value=-0.051449129015952388 0.15660775802729032 -0.050581601112597109 -0.042882958583867745 0.016352372704452389 -0.021655432143906125 0.02703106385183773 0.049916166566942567 -0.067440030230678003 -0.051163457918540378 0.07587005516998474 0.076539909720050231 0.059215468336541344 0.0029140745786612188 0.07804713807358879 0.023247667915325815 0.065831098362448645 0.045029840339214949 -0.016349055255392538 0.047773374407529774 0.06617692139827569 -0.083330904222775073 -0.042345381296598331 -0.039726715323626746 0.579638995839865 0.080707204097482388 0.050875778223979831 0.065506454649982615 -0.044238599943689838 0.068547624927781145 0.044504879448417432
leaf_weight=366.64853200502694 17.794003561139107 8563.2655963711441 775.18865292333066 176.60061330441386 195.73847119417042 670.71149088069797 1103.0315196337178 73.814551519230008 278.58108003623784 243484.16917021945 11039.974390462041 1612.3857284784317 831.68805595859885 3119.9160729274154 535.6753115626052 3370.7052757199854 158.86859119404107 176.04757574480027 2975.0723464665934 2018.4238432049751 140.7867518607527 2569.5027106953785 160.40791472420096 3.142984962090849 225.82536263298243 1777.765513160266 1661.306855417788 582.464096958749 10751.907724006101 3166.9782310314476
leaf_count=26316 34 787875 51450 679 3472 5904 5120 969 18133 39587 1882 1174 1585 807 1899 3847 2236 2000 11910 1308 669 207523 12154 15 2428 5378 1321 48117 8994 7460
internal_value=0.0683731 0.0214736 -0.0377944 0.0748451 0.0555714 0.035459 0.0116156 0.057283 0.0362477 0.0752843 0.0679616 0.0567347 0.0400568 0.0635382 0.0477739 0.0612122 -0.0162289 0.0407318 0.0434874 0.0571733 -0.0278652 -0.0458487 -0.0321512 0.0351204 0.0875559 0.0448185 0.0544406 -0.0382847 0.0636141 0.0555003
internal_weight=302584 36692.5 13400.4 265892 23292.1 2932.28 1878.22 22925.5 3608.26 262960 19475.5 8435.48 2444.07 5991.4 2871.49 19317.2 437.45 2027.63 3170.81 2554.1 317.387 11522.1 2958.88 389.376 228.968 1953.81 2332.02 600.258 17289.6 6537.68
internal_count=1262246 1157280 1066565 104966 90715 55376 56570 64399 35751 49590 10003 8121 2759 5362 4555 28648 20369 8347 15382 3207 1348 1009995 222120 14597 2443 7378 7225 48151 20301 11307
is_linear=0
shrinkage=0.05


Tree=19
num_leaves=31
num_cat=0
split_feature=9 10 9 16 1 9 16 9 1 4 14 4 6 16 1 6 3 14 2 3 14 3 6 2 9 13 6 12 4 0
split_gain=34301.8 22224 7694.9 2941.26 1944.99 1965.63 1000.85 2011.56 1245.38 550.969 491.057 802.906 582.31 484.836 396.542 318.568 316.566 314.095 435.443 310.262 295.78 281.797 376.258 499.942 267.663 265.054 255.218 253.767 243.84 227.913
threshold=0.18350168350168353 1.0000000180025095e-35 0.11237373737373739 1.0000000180025095e-35 0.69169683683750194 0.37980769230769235 1.0000000180025095e-35 0.061553030303030311 0.91043998879043453 0.9457002457002458 1.0000000180025095e-35 0.92637759710930456 1.0000000180025095e-35 1.0000000180025095e-35 0.95791350032836109 1.0000000180025095e-35 0.8427393785668994 0.75000000000000011 0.88194444444444453 0.86240703177822864 0.75000000000000011 0.92718275008837059 0.75000000000000011 0.73214285714285732 0.097167584579071611 1.0000000180025095e-35 1.0000000180025095e-35 1.0000000180025095e-35 0.20864427860696519 0.90121951219512209
decision_type=2 2 2 2 2 2 2 2 2 2 2 2 2 2 2 2 2 2 2 2 2 2 2 2 2 2 2 2 2 2
left_child=1 9 6 -4 5 13 -3 17 -9 14 11 12 27 25 15 16 -1 -8 -19 -14 24 22 -13 -24 -10 28 -7 -6 -2 -17
right_child=4 2 3 -5 10 26 7 8 20 -11 -12 21 19 -15 -16 29 -18 18 -20 -21 -22 -23 23 -25 -26 -27 -28 -29 -30 -31
leaf_value=-0.039729108700779274 0.017773605145822408 -0.050577735134461337 -0.043119690362027403 0.065837019811943343 0.017346515318540336 -0.029203031266434046 -0.045132251502966209 -0.038013637426205234 0.017958668820272451 0.06039029364146975 0.073985282332245439 0.069438205241849002 0.035788142837156069 0.067034451867783437 0.069867601023330284 0.039179903816678782 0.057189469288113498 -0.050663815166137341 0.29733353272204655 0.076380871429215985 0.12025000202040872 0.075144158231402317 0.067051428379026029 0.017316804873200507 0.084945734418858498 0.086959071595131499 0.062070004347014866 -0.069783637776685156 -0.050503786412296248 -0.06646467130590461
leaf_weight=284.22320312540978 159.04999636951834 8568.7162041235715 793.95011787116528 2817.1956097306684 185.9017213890329 78.730371665209532 2845.3662286577746 405.44326524995267 298.85863164998591 16094.30345072411 236696.95014778525 4892.8060899972916 1471.524033261463 140.84720412362367 805.41955873370171 2394.5626267334446 119.75285311788321 20.420918448828161 16.057657409459352 692.14296443015337 211.09503049775958 9669.5080601796508 1082.3733603209257 947.72280958294868 297.63803193345666 44.281005688011646 2815.8274288643152 151.80981301143765 735.30645837727934 52.164480157196522
leaf_count=4656 3855 819114 53959 5982 652 454 202649 32907 8426 11242 33766 1985 2916 1861 366 12382 233 1910 15 176 35 1508 514 1423 3223 55 3158 683 51960 181
internal_value=0.0664829 0.020761 -0.0225012 0.0418817 0.0728238 0.038113 -0.0408606 -0.0205271 0.0334879 0.05641 0.0733631 0.0656497 0.0392426 -0.0194691 0.0388885 0.0301358 -0.010999 -0.0432632 0.102523 0.0487735 0.0693845 0.0696307 0.0619298 0.0438335 0.0513837 -0.0324494 0.0595874 -0.0218207 -0.0383615 0.0369276
internal_weight=295790 36025.2 16274.7 3611.15 259765 3974.04 12663.6 4094.88 1213.03 19750.4 255791 19093.8 2501.38 1079.48 3656.12 2850.7 403.976 2881.84 36.4786 2163.67 807.592 16592.4 6922.9 2030.1 596.497 938.637 2894.56 337.712 894.356 2446.73
internal_count=1262246 1157280 1128220 59941 104966 61343 1068279 249165 44591 29060 43623 9857 4427 57731 17818 17452 4889 204574 1925 3092 11684 5430 3922 1937 11649 55870 3612 1335 55815 12563
is_linear=0
shrinkage=0.05


Tree=20
num_leaves=31
num_cat=0
split_feature=9 18 10 1 9 15 1 1 9 1 14 3 18 2 10 12 0 6 14 9 18 9 8 1 9 3 9 8 9 14
split_gain=32103.5 25000.1 2046.45 1875.88 1789.39 1437.3 851.315 797.816 693.318 619.642 518.96 748.54 474.522 424.68 370.346 365.289 335.884 323.703 285.425 276.308 273.038 281.524 500.64 272.943 250.824 249.265 245.537 882.974 296.309 242.521
threshold=0.18350168350168353 0.43161681181370698 0.51869322152341035 0.69169683683750194 0.27429467084639503 1.0000000180025095e-35 0.91351816933212293 0.89999092558983673 0.11651583710407241 0.84781674208144808 1.0000000180025095e-35 0.90443574690150041 0.67510683760683776 0.17424242424242428 0.82865035516969232 1.0000000180025095e-35 0.12599206349206352 1.0000000180025095e-35 0.75000000000000011 0.4045454545454546 0.32158385093167707 0.097167584579071611 1.0000000180025095e-35 0.92986483891215366 0.13840996168582378 0.121830550401979 0.069366479550922219 0.069292885202968182 0.039230769230769243 0.75000000000000011
decision_type=2 2 2 2 2 2 2 2 2 2 2 2 2 2 2 2 2 2 2 2 2 2 2 2 2 2 2 2 2 2
left_child=1 5 8 4 25 -1 13 -4 -3 -10 11 19 -11 -7 15 16 -6 23 -9 -5 21 22 -15 -8 -22 -2 27 -19 -29 -14
right_child=3 2 7 10 14 6 17 18 9 12 -12 -13 29 20 -16 -17 -18 26 -20 -21 24 -23 -24 -25 -26 -27 -28 28 -30 -31
leaf_value=-0.051449446232519049 0.08070137533655905 -0.048019942980393922 -0.032591285184048788 0.035551578348675943 0.04481819281769242 -0.034207943606972227 -0.024777391444790839 0.033214047521129372 -0.050824831258007498 0.062576520294263679 0.072181827647571015 0.07239767628730101 -0.055104066258868212 0.040006240361425978 0.063733920185798931 0.061446072908059715 -0.0327111901117687 0.059533034765845427 0.097956482431547892 0.057275198420979237 -0.052745487396839819 0.099767496413915496 -0.053264870017557836 0.043241107744528329 0.061460011025415352 -0.043938399300590826 0.079612318575952357 -0.047594729756787378 0.03791961690837068 0.082665911159903516
leaf_weight=337.52794247772545 42.752238228917122 10093.961036970839 420.92681079916656 1901.2817588541657 245.87749742530286 228.49533800687641 161.45531297568232 588.05184348858893 423.25711999088526 373.78806531522423 230633.91630459391 10490.908835224807 178.02808265108615 3372.0809164782986 2220.7190451547503 439.49314772337675 323.50572821870446 14804.761395014822 239.59912900067866 6360.85775924474 155.869847943075 182.1896390710026 150.28221298102289 1704.9302854146808 69.519373625516891 649.85750531591475 1367.8111636005342 255.56372081954032 167.81893485225737 38.92824481241405
leaf_count=26316 1055 991056 26634 3703 1171 15995 2147 4695 38107 1823 33766 1875 4202 11322 1392 733 4906 9125 31 4279 8703 215 4702 4048 152 52086 820 5796 1374 17
internal_value=0.0647655 0.0201047 -0.0372387 0.0709918 0.036682 0.0509678 0.052496 0.0234533 -0.0440607 -0.00464856 0.0715314 0.0635326 0.0284359 0.032058 0.0523217 0.0272012 0.000768424 0.0570995 0.0519565 0.0522762 0.0359108 0.0391616 0.0360268 0.037357 -0.0175198 -0.0362448 0.0593197 0.057497 -0.0136989 -0.0303841
internal_weight=288624 35314.8 12356.5 253309 3922.21 22958.3 22620.8 1248.58 11108 1014 249387 18753 590.744 4158.44 3229.6 1008.88 569.383 18462.3 827.651 8262.14 3929.94 3704.55 3522.36 1866.39 225.389 692.61 16596 15228.1 423.383 216.956
internal_count=1262246 1157280 1066565 104966 61343 90715 64399 31360 1035205 44149 43623 9857 6042 41089 8202 6810 6077 23310 4726 7982 25094 16239 16024 6195 8855 53141 17115 16295 7170 4219
is_linear=0
shrinkage=0.05


Tree=21
num_leaves=31
num_cat=0
split_feature=9 18 9 4 4 9 16 8 16 17 14 4 18 3 3 5 4 5 16 17 9 4 9 8 9 4 17 9 9 17
split_gain=30143.5 22951.8 1855.72 1805.32 1462.86 1295.71 1204.28 643.561 601.527 564.539 545.588 816.716 536.076 495.63 297.06 913.346 273.506 299.64 267.65 250.904 234.687 233.268 227.341 820.201 333.959 212.847 245.344 211.748 209.428 308.152
threshold=0.18350168350168353 0.43161681181370698 0.11651583710407241 0.47856705450091858 0.83424908424908428 0.25462962962962971 1.0000000180025095e-35 0.40078740157480319 1.0000000180025095e-35 0.78817016317016331 1.0000000180025095e-35 0.92637759710930456 0.22684744000693063 0.86240703177822864 0.92718275008837059 0.89898989898989912 0.95293466223698797 0.81666666666666676 1.0000000180025095e-35 0.48808848553601819 0.5590277777777779 0.92637759710930456 0.069366479550922219 0.069292885202968182 0.039230769230769243 0.121830550401979 0.88603896103896107 0.75500000000000012 0.091966173361522213 0.9223227752639519
decision_type=2 2 2 2 2 2 2 2 2 2 2 2 2 2 2 2 2 2 2 2 2 2 2 2 2 2 2 2 2 2
left_child=1 4 7 5 12 25 -4 -3 -9 16 11 13 18 27 15 -13 -6 -18 -1 -19 -7 -8 23 -11 -25 26 -2 -5 29 -10
right_child=3 2 6 10 9 20 21 8 28 22 -12 14 -14 -15 -16 -17 17 19 -20 -21 -22 -23 -24 24 -26 -27 -28 -29 -30 -31
leaf_value=-0.0026841066777724418 -0.052806926652509738 -0.047332142234767838 -0.041764200187110391 0.015182321014631371 -0.001472276806401826 0.022435232272598006 -0.0055781076984850533 -0.05139771712172049 0.065868238732918513 0.057527481774028437 0.070451275165254248 0.072236196144774154 -0.042874885389577629 0.068657328942645243 0.071493079159599987 0.034401548002130626 0.051682128193838578 -0.068826072152518 0.044686486789057567 0.03009635210140902 0.056975749886355592 0.053253432603462519 0.076523264910649244 -0.047408830876491198 0.040844509376506306 -0.047282582381879885 0.2565677861661107 0.080330867519213034 0.072221572437598594 0.40244643516249456
leaf_weight=595.10500503145158 12.945213636383416 9800.3266483237967 694.75372016895562 1605.8793215099722 395.24990451708436 720.79935894068331 207.34942553006113 116.72613957244903 14.252814995124938 13798.28306315653 225344.53075005673 4148.9719310104847 452.30889374110848 759.06923808902502 9243.5977543145418 2591.4463796056807 3029.1940331533551 66.256757844239473 597.64899210818112 1969.1078528072685 1547.7970897853374 899.04303931444883 1395.218064904213 263.45852417871356 180.72716892696917 513.10236190631986 12.690697948448358 135.2267467752099 114.28053231630474 13.005775343626736
leaf_count=10041 684 998719 51450 4273 4332 6699 3563 10468 211 8919 37533 1024 38170 263 1514 2903 8094 834 5257 5468 1344 1557 945 7044 1611 48517 152 60 557 40
internal_value=0.0631836 0.0194812 -0.0369096 0.0693149 0.0488877 0.0294478 0.00982967 -0.045279 0.0326292 0.0524287 0.0697739 0.0615157 0.00347514 0.0349414 0.0656724 0.0576901 0.0385867 0.041713 0.0210517 0.0268762 0.0460012 0.0422278 0.0572616 0.0553747 -0.0115009 -0.0402577 0.100345 0.0202422 0.101926 0.226458
internal_weight=281238 34602.3 11859.7 246636 22742.6 2807.33 1801.15 10058.6 258.265 21097.5 243829 18484.2 1645.06 2500.18 15984 6740.42 5459.81 5064.56 1192.75 2035.36 2268.6 1106.39 15637.7 14242.5 444.186 538.738 25.6359 1741.11 141.539 27.2586
internal_count=1262246 1157280 1066565 104966 90715 57396 56570 1009995 11276 37247 47570 10037 53468 4596 5441 3927 18728 14396 15298 6302 8043 5120 18519 17574 8655 49353 836 4333 808 251
is_linear=0
shrinkage=0.05


Tree=22
num_leaves=31
num_cat=0
split_feature=9 18 16 9 4 4 9 4 8 9 8 9 2 14 3 4 5 6 6 16 17 17 16 18 17 2 8 12 14 8
split_gain=28465.3 20755.1 2400.47 2539.74 1585.71 1336.16 1477.49 692.864 640.485 598.599 1814.81 612.443 497.411 489.554 672.9 477.359 920.406 702.543 638.959 423.392 387.416 351.492 324.655 296.179 280.585 276.12 288.235 264.925 258.163 336.545
threshold=0.20942982456140355 0.46978824388462953 1.0000000180025095e-35 0.097167584579071611 0.83424908424908428 0.66300366300366298 0.37980769230769235 0.92390405293631106 0.36398872445384078 0.097167584579071611 0.069292885202968182 0.039230769230769243 0.17424242424242428 1.0000000180025095e-35 0.90443574690150041 0.95293466223698797 0.89898989898989912 1.0000000180025095e-35 0.75000000000000011 1.0000000180025095e-35 0.94365079365079374 0.94665718349928885 1.0000000180025095e-35 0.44749373433583967 0.9223227752639519 0.88194444444444453 0.43599383073067288 1.0000000180025095e-35 0.75000000000000011 0.14325177584846097
decision_type=2 2 2 2 2 2 2 2 2 2 2 2 2 2 2 2 2 2 2 2 2 2 2 2 2 2 2 2 2 2
left_child=1 4 -3 8 12 6 19 -5 -4 10 20 -12 -1 14 15 17 -17 27 -18 23 -6 -19 -14 -2 -10 26 -20 -7 29 -13
right_child=5 2 3 7 9 13 -8 -9 24 -11 11 28 22 -15 -16 16 18 21 25 -21 -22 -23 -24 -25 -26 -27 -28 -29 -30 -31
leaf_value=-0.040141240829488847 0.07341494345661817 -0.04939712213190528 -0.044730053438646 -0.019886410374448635 0.045182264155323636 0.0050864221826286866 0.055495406249568426 0.054291768482700675 0.015420645195541453 0.07294823996026209 -0.050153703969282371 0.075989563061093418 -0.0080415030523994773 0.069143598778629856 0.069216404464782721 0.073817488659622774 0.05191146265112781 0.024837253122369493 0.034452946285488201 0.057967657671173435 0.059924705856718719 0.069550662093074561 0.040981443074207959 -0.040722055788664169 0.25150639077714204 0.07986078315837318 -0.035306744830440238 -0.0862532146890852 0.10498033735042503 -0.022823368767407134
leaf_weight=494.9988166000694 61.907606269232929 7969.1277202107012 2031.270274668932 395.44582652766258 10333.587021940388 164.84571674838662 3548.6478541083634 1543.6375071881339 24.686659294180572 2704.7059816289693 582.50480164587498 127.24210522510111 626.16436756122857 215740.09152770974 9846.1188934668899 3390.2042561620474 1504.2661734074354 1182.7857037847862 212.57788641005754 160.80810939893126 7835.2939238473773 699.42588381655514 733.15931923408061 694.13140368275344 25.674087253399193 87.929378964006901 487.9854985550046 153.13062760978937 85.358740422874689 266.9560805009678
leaf_count=43379 217 843628 199055 15604 11856 474 3842 4858 1047 1382 21177 413 15400 31587 1769 587 1079 1991 261 1356 3979 320 8909 40461 255 18 1236 713 29 5364
internal_value=0.0617163 0.0201359 -0.0335059 -0.00200913 0.0471707 0.0679691 0.0408765 0.0391643 -0.040363 0.0509239 0.0478263 -0.015703 0.00277231 0.0684872 0.0605004 0.049614 0.0572698 0.0298398 0.0328013 -0.0157058 0.0515399 0.0414527 0.0183993 -0.031376 0.135778 -0.00365652 -0.014139 -0.0389008 0.0261433 0.00907217
internal_weight=273715 35779.8 11989.8 4020.71 23790 237935 4465.49 1939.08 2081.63 21935.6 19230.9 1062.06 1854.32 233469 17729.3 7883.15 5682.96 2200.19 2292.76 916.847 18168.9 1882.21 1359.32 756.039 50.3607 788.493 700.563 317.976 479.557 394.198
internal_count=1262246 1176335 1064447 220819 111888 85911 45876 20462 200357 44200 42818 26983 67688 40035 8448 6679 3181 3498 2594 42034 15835 2311 24309 40678 1302 1515 1497 1187 5806 5777
is_linear=0
shrinkage=0.05


Tree=23
num_leaves=31
num_cat=0
split_feature=9 4 14 10 4 9 8 9 16 9 16 14 14 3 4 6 9 6 16 17 17 0 6 12 14 10 9 14 8 9
split_gain=26923.5 13853.4 3496.95 1593.17 1325.57 1347.65 1244.13 5282.08 1318.36 1096.82 781.765 693.644 513.746 675.181 452.888 639.187 424.749 417.754 385.6 381.479 327.802 265.606 253.363 245.94 227.538 227.256 293.627 211.683 213.898 263.116
threshold=0.20942982456140355 0.83424908424908428 1.0000000180025095e-35 1.0000000180025095e-35 0.66300366300366298 0.37980769230769235 0.069292885202968182 0.069366479550922219 1.0000000180025095e-35 0.039230769230769243 1.0000000180025095e-35 0.75000000000000011 1.0000000180025095e-35 0.90443574690150041 0.95293466223698797 1.0000000180025095e-35 0.028174603174603175 0.75000000000000011 1.0000000180025095e-35 0.94365079365079374 0.94665718349928885 0.11583184257602865 1.0000000180025095e-35 1.0000000180025095e-35 0.75000000000000011 0.28043081832687494 0.080540540540540564 0.75000000000000011 0.20067114093959734 0.10762548262548265
decision_type=2 2 2 2 2 2 2 2 2 2 2 2 2 2 2 2 2 2 2 2 2 2 2 2 2 2 2 2 2 2
left_child=1 3 9 -1 5 18 19 11 24 -3 -11 -8 13 14 15 23 -13 -16 21 -4 -17 -2 -7 -6 -9 -12 -27 28 -10 -30
right_child=4 2 6 -5 12 22 7 8 27 10 25 16 -14 -15 17 20 -18 -19 -20 -21 -22 -23 -24 -25 -26 26 -28 -29 29 -31
leaf_value=0.017720665357932094 0.019176384342681197 -0.049236513213130953 0.0432015802483861 -0.046137663417804183 0.0048312172479025531 -0.033655246853232866 -0.047392827861508877 -0.041442494108237665 0.077143393576102781 -0.047382023939213619 0.11146335892950016 0.56444445624394601 0.067776517069181544 0.067709290188520468 0.063864777526028232 0.02365980292216752 0.096818388358409641 0.033267923610000028 0.054279449823403408 0.057912950370663567 0.067058147162345969 -0.048829074279956135 0.055466186044884493 -0.083627654451756933 0.072356623780257853 -0.052492902030955892 0.042558392551548245 0.080050649149481429 -0.023833224449964004 0.051105345120907024
leaf_weight=1133.1762750819325 195.72783337719738 1357.2757576825097 10294.328353463672 7073.7546810135245 164.87506647128612 81.649653740227222 1950.4075038265437 378.34214151836932 779.24968259874731 352.4324343232438 100.25885219499469 6.4286772506311562 209251.67979828455 9569.0505680069327 4041.3880300372839 1179.6467478731647 19.849347461014986 1540.9687093645334 163.08684885967523 7704.7038797345012 689.40593671798706 538.88903591968119 3423.6070097126067 150.11741739325225 49.695016925223172 91.856229174882174 703.62634927220643 1369.3589718947187 126.73837410844862 1545.4076233766973
leaf_count=13291 5160 138472 12100 791062 474 462 153409 17212 1469 25858 196 15 31587 1769 1532 1991 156 1649 1356 4080 320 35518 3380 713 180 5846 5489 190 4856 2454
internal_value=0.0603683 0.0195263 0.036915 -0.0373204 0.0665633 0.0393914 0.0428349 0.0235679 0.0549818 -0.0181266 0.0157026 -0.0439548 0.0670912 0.0588196 0.0478665 0.0285631 0.211219 0.0554187 -0.0152699 0.049499 0.0396674 -0.03071 0.0533902 -0.037326 -0.0282304 0.0405235 0.0315826 0.0643041 0.055508 0.0454255
internal_weight=266027 35036.9 26830 8206.93 230990 4402.96 24224.5 6225.48 4248.79 2605.45 1248.17 1976.69 226587 17335.5 7766.4 2184.05 26.278 5582.36 897.704 17999 1869.05 734.617 3505.26 314.992 428.037 895.741 795.483 3820.75 2451.4 1672.15
internal_count=1262246 1176335 371982 804353 85911 45876 196121 179941 26361 175861 37389 153580 40035 8448 6679 3498 171 3181 42034 16180 2311 40678 3842 1187 17392 11531 11335 8969 8779 7310
is_linear=0
shrinkage=0.05


Tree=24
num_leaves=31
num_cat=0
split_feature=10 18 10 4 4 4 10 10 16 14 3 17 4 18 14 4 6 6 2 6 16 18 10 15 17 6 3 3 17 8
split_gain=21575.5 18056.1 2666.66 2133.6 1864.76 928.507 1042.38 704.404 567.451 565.06 747.179 561.226 470.53 447.443 480.32 431.742 616.72 393.126 548.027 353.308 338.235 317.567 293.015 279.821 279.506 268.925 239.507 238.728 230.416 225.063
threshold=0.5512315768221282 0.52548558703451709 0.47641299510458396 0.90521114106019773 0.83424908424908428 0.67890835579514841 0.66885964912280715 0.35039615696550008 1.0000000180025095e-35 1.0000000180025095e-35 0.91331186258722508 0.89528508771929838 0.20864427860696519 0.22684744000693063 0.75000000000000011 0.95293466223698797 1.0000000180025095e-35 0.75000000000000011 0.68333333333333346 1.0000000180025095e-35 1.0000000180025095e-35 0.68094277329420405 0.40749517289801657 1.0000000180025095e-35 0.94665718349928885 1.0000000180025095e-35 0.68042553191489374 0.87112743532417769 0.89009661835748799 0.47930936073059366
decision_type=2 2 2 2 2 2 2 2 2 2 2 2 2 2 2 2 2 2 2 2 2 2 2 2 2 2 2 2 2 2
left_child=1 4 20 29 8 6 12 11 26 10 15 13 -2 -6 -15 16 28 -17 -19 27 -3 22 -22 -10 -18 -8 -1 -13 -7 -4
right_child=5 2 3 -5 7 9 25 -9 23 -11 -12 19 -14 14 -16 17 24 18 -20 -21 21 -23 -24 -25 -26 -27 -28 -29 -30 -31
leaf_value=-0.036449586401104649 0.06008338200485859 -0.048971975864540267 -0.046467194071619922 0.045928407711124761 0.039998966932712578 0.016626115946198942 -0.035520946131636748 0.065221440252394722 -0.050876655172991218 0.066471261692274727 0.066920050789889163 -0.031885400008035497 -0.038110310911378162 -0.023505454953246834 0.086484706765555544 0.061541402862319974 0.023600180383244199 0.058875283508871258 0.0012598971552997911 0.055983735107618074 -0.022365846171003321 -0.039444778972305104 0.043475757055856386 0.037709762629858562 0.063295790868107077 0.054946644407467132 0.012387714236746384 0.039299115724719128 -0.070829010780358387 0.022876248059283004
leaf_weight=809.22190765244886 159.98040843196213 6031.564743203111 1102.1930597634055 1836.0837714131922 8958.6010160893202 122.25433597248048 84.07642374932766 6082.8236863045022 98.411908856593072 197591.47351771966 8829.7731362190098 186.03499768394977 513.88665171153843 529.87663489300758 122.13609971478581 4031.5485541690141 1233.9342318130657 906.9973568469286 757.37014173902571 9811.2216510837898 489.56027989275753 1519.4933055154979 258.04483794793487 946.45606987923384 692.22261145338416 3577.1657053288072 363.9596165381372 321.02167419344187 196.16100867837667 130.91060538170859
leaf_count=61619 1933 721602 105775 12422 12090 469 492 11390 9559 31909 1723 1997 23841 20354 29 1767 2301 477 1364 11128 41580 146388 8134 15942 385 3125 7097 702 941 3711
internal_value=0.0591111 0.0251501 -0.0280561 0.0117645 0.0465758 0.0652601 0.0423506 0.0503283 0.00256829 0.0657234 0.0569117 0.0457826 -0.0147985 0.0370884 -0.00290192 0.0457825 0.0272099 0.0531014 0.0326574 0.0538804 -0.0427833 -0.0263186 0.00036017 0.0293662 0.037866 0.0528692 -0.0212986 0.0131821 -0.037251 -0.0391055
internal_weight=258294 39597.6 11367.9 3069.19 28229.8 218697 4335.11 26011.7 2218.05 214362 16770.3 19928.9 673.867 9610.61 652.013 7940.49 2244.57 5695.92 1664.37 10318.3 8298.66 2267.1 747.605 1044.87 1926.16 3661.24 1173.18 507.057 318.415 1233.1
internal_count=1262246 1191519 1039612 121908 151907 70727 29391 57690 94217 41336 9427 46300 25774 32473 20383 7704 4096 3608 1841 13827 917704 196102 49714 25501 2686 3617 68716 2699 1410 109486
is_linear=0
shrinkage=0.05


Tree=25
num_leaves=31
num_cat=0
split_feature=9 18 10 1 1 4 9 2 9 18 14 3 4 5 1 9 10 9 9 10 10 12 0 17 4 13 14 1 17 0
split_gain=24556.3 16352.1 2132.76 1386.59 1287.23 880.317 870.436 672.342 619.682 619.575 608.339 727.945 462.831 914.14 437.116 417.472 1097.09 393.516 337.356 826.803 326.002 294.756 288.201 283.764 278.347 218.759 212.468 187.903 187.321 183.701
threshold=0.20942982456140355 0.46978824388462953 0.51869322152341035 0.69169683683750194 0.91351816933212293 0.92390405293631106 0.27429467084639503 0.17424242424242428 0.11651583710407241 0.67510683760683776 1.0000000180025095e-35 0.90443574690150041 0.95293466223698797 0.89898989898989912 0.87206432300535197 0.080540540540540564 1.0000000180025095e-35 0.039230769230769243 0.12060606060606062 1.0000000180025095e-35 0.82865035516969232 1.0000000180025095e-35 0.12599206349206352 0.94365079365079374 0.121830550401979 1.0000000180025095e-35 0.75000000000000011 0.93846852311368456 0.88603896103896107 0.47871376811594207
decision_type=2 2 2 2 2 2 2 2 2 2 2 2 2 2 2 2 2 2 2 2 2 2 2 2 2 2 2 2 2 2
left_child=1 4 8 6 7 27 24 -1 -3 14 11 12 25 -14 -10 16 23 -18 19 -9 21 22 -8 -6 28 29 -7 -4 -2 -5
right_child=3 2 5 10 15 26 20 18 9 -11 -12 -13 13 -15 -16 -17 17 -19 -20 -21 -22 -23 -24 -25 -26 -27 -28 -29 -30 -31
leaf_value=-0.039043974041143473 -0.057504769308417206 -0.047481298117349288 -0.042468577257380312 -0.065597748094665731 0.041474983889811086 0.029874568450810414 0.035098348695762185 0.028724964635499645 -0.05129777769863602 -0.044114611923706804 0.065359232828028677 0.065038153670860091 0.069159219909939562 0.027290261368129856 0.054598171362806758 0.067703766880855817 -0.049180883215902582 0.024779942931274206 0.069137950045822849 -0.043809687047489276 0.0534271061347876 0.049966775612140801 -0.036501557293536144 0.055195699936066989 -0.047773713410374098 0.080906634455934448 0.077887504251968817 0.066119087282712888 0.17516264602227949 0.023028524911357415
leaf_weight=453.35233025997877 13.285338090732692 7882.5311430622824 505.39846945833415 60.227193672209978 7899.9949656575918 849.43024877551943 251.14321694523096 3482.1890859855339 126.6575121707283 573.86111247120425 196952.15184486844 8965.6978669762611 3169.389438457787 2214.6159888654947 422.57389149349183 2354.64527992066 389.2194791235961 334.32643427979201 392.86811411846429 442.83386351447552 2042.0695749819279 426.95830825343728 319.13802389521152 7205.1265596970916 380.93212144216523 161.2805684953928 316.18885753490031 43.248645866289735 24.798102103173733 2003.0218075858429
leaf_count=43421 465 971001 34311 597 7475 4402 1171 12154 12766 40156 32169 1763 587 2591 1574 1361 12702 3244 596 27300 1392 733 4906 3635 35922 19 44 193 98 3498
internal_value=0.0579112 0.0181852 -0.0328002 0.0640764 0.0419957 0.0183166 0.0326697 0.0188812 -0.0425305 -0.00778311 0.064585 0.0553852 0.0440104 0.0519372 0.0301776 0.0480608 0.0451388 -0.0150061 0.024963 0.0205414 0.0419836 0.0185506 -0.00497004 0.0480198 -0.0348885 0.0248253 0.0428987 -0.0339089 0.093997 0.0204415
internal_weight=250659 33674.4 10719.9 216985 22954.6 1714.27 3458.32 4771.24 9005.62 1123.09 213526 16574.2 7608.53 5384.01 549.231 18183.3 15828.7 723.546 4317.89 3925.02 3039.31 997.24 570.281 15105.1 419.016 2224.53 1165.62 548.647 38.0834 2063.25
internal_count=1262246 1176335 1064447 85911 111888 38950 44687 83471 1025497 54496 41224 9055 7292 3178 14340 28417 27056 15946 40050 39454 8202 6810 6077 11110 36485 4114 4446 34504 563 4095
is_linear=0
shrinkage=0.05


Tree=26
num_leaves=31
num_cat=0
split_feature=9 1 14 10 1 9 14 10 9 16 9 14 3 16 2 9 16 5 5 2 5 3 17 9 5 17 3 0 1 10
split_gain=23391.8 10564.1 2916.79 1834.14 1365.63 937.18 913.527 2037.06 3136.89 908.087 798.686 637.572 734.066 632.701 424.87 395.195 679.283 387.164 347.797 433.909 320.479 412.482 472.107 271.914 228.997 258.61 227.696 216.215 204.999 203.459
threshold=0.20942982456140355 0.88381521796705353 1.0000000180025095e-35 1.0000000180025095e-35 0.69169683683750194 0.039230769230769243 0.75000000000000011 1.0000000180025095e-35 0.097167584579071611 1.0000000180025095e-35 0.27429467084639503 1.0000000180025095e-35 0.90443574690150041 1.0000000180025095e-35 0.76388888888888895 0.12060606060606062 1.0000000180025095e-35 0.89898989898989912 0.81666666666666676 0.63068181818181823 0.46428571428571436 0.24316334072431636 0.66939890710382521 0.4045454545454546 0.76388888888888895 0.59491634491634504 0.121830550401979 0.85857142857142865 0.95557078971939668 0.38724208079046801
decision_type=2 2 2 2 2 2 2 2 2 2 2 2 2 2 2 2 2 2 2 2 2 2 2 2 2 2 2 2 2 2
left_child=1 3 5 24 10 -3 7 14 -9 -10 26 12 18 -7 17 -5 -17 -4 19 23 21 -12 -23 -6 27 -26 -2 -1 -15 -11
right_child=4 2 6 15 11 13 -8 8 9 29 20 -13 -14 28 -16 16 -18 -19 -20 -21 -22 22 -24 -25 25 -27 -28 -29 -30 -31
leaf_value=0.011043431312105542 0.074122036693956964 -0.049031482820071949 0.041495994294119175 -0.05008334398958543 0.0049438764348569628 -0.046911955770135697 0.078580793095083562 -0.042836185623583892 -0.044228597201811784 0.071262628570144093 0.051694381327637109 0.064285251338576918 0.063838993210242112 0.0063973616685869747 0.052491601794074132 -0.047984733550678976 0.039665997952821448 0.014679746566468638 0.026082872146379645 0.063921823078525855 0.062062777795967854 0.032073853355331229 -0.040109517792021293 0.043753502819222002 -0.078756686495387029 0.062179449706873502 -0.047400648307021453 -0.10125806089376188 0.055646815833550717 0.040389654396949373
leaf_weight=879.24218462686986 43.152201037853956 1246.2584946444258 7539.282040277496 5408.5562099451199 580.30557264108211 321.77501588547602 1358.6762340962887 1883.6836530682631 265.65141782816499 937.85308379027992 939.34655887354165 190396.70139671583 8684.5459283813834 361.89090664871037 7963.9830002635717 587.11529428279027 354.5174648175016 1638.5008658654988 2259.1014748439193 2622.5749363154173 1090.2369617540389 608.45700679346919 360.86460421606898 2030.6544570624828 35.579498672857881 382.17395783960819 361.1231635203585 45.056575074791908 507.75510878767818 1238.2188567277044
leaf_count=12352 656 146193 9412 727135 1981 26070 301 156520 9762 883 1386 32169 1763 8173 4144 61207 3897 2515 2662 723 318 2655 3843 1926 186 245 35829 206 3822 3312
internal_value=0.0568114 0.0176481 0.0332687 -0.0336547 0.062958 -0.018719 0.0388208 0.0363043 0.00564245 0.0430416 0.0315424 0.0634756 0.053946 0.0129887 0.0440413 -0.0448788 -0.0149849 0.0367085 0.0424792 0.0495567 0.0404359 0.0280826 0.00520101 0.0351278 0.0194543 0.0501761 -0.0344294 0.0055691 0.0351524 0.0536954
internal_weight=242933 32955.8 25263.5 7692.24 209977 2437.68 22825.8 21467.2 4325.41 2441.72 3403.18 206574 16177.2 1191.42 17141.8 6350.19 941.633 9177.78 7492.64 5233.53 2998.91 1908.67 969.322 2610.96 1342.05 417.753 404.275 924.299 869.646 2176.07
internal_count=1262246 1176335 371107 805228 85911 184258 186849 186548 170477 13957 44687 41224 9055 38065 16071 792239 65104 11927 7292 4630 8202 7884 6498 3907 12989 431 36485 12558 11995 4195
is_linear=0
shrinkage=0.05


Tree=27
num_leaves=31
num_cat=0
split_feature=9 18 16 9 1 4 10 2 1 17 12 4 9 10 9 4 9 16 1 4 18 5 3 16 5 2 4 15 11 10
split_gain=22316.3 13946.4 2020 1820.72 1340.92 1173.45 760.848 735.89 591.004 533.97 410.23 450.267 368.041 781.666 304.341 294.02 625.486 1084.43 244.387 216.53 205.289 194.286 317.992 215.695 193.25 238.062 192.889 191.25 185.828 174.784
threshold=0.20942982456140355 0.46978824388462953 1.0000000180025095e-35 0.069366479550922219 0.69169683683750194 0.90366769774635458 0.82865035516969232 0.44949494949494956 0.84295686682783466 0.89009661835748799 1.0000000180025095e-35 0.121830550401979 0.10435571687840291 1.0000000180025095e-35 0.061553030303030311 0.91715686274509822 0.3585714285714286 1.0000000180025095e-35 0.95000948766603421 0.79784946236559151 0.41417129878668346 0.38750000000000007 0.37573529411764711 1.0000000180025095e-35 0.89898989898989912 0.61250000000000016 0.84273937856689929 1.0000000180025095e-35 1.0000000180025095e-35 0.66885964912280715
decision_type=2 2 2 2 2 2 2 2 2 2 2 2 2 2 2 2 2 2 2 2 2 2 2 2 2 2 2 2 2 2
left_child=1 5 29 -4 6 8 10 18 21 12 11 -2 13 24 -15 16 17 20 -5 -13 -6 -1 -23 -24 -7 -26 -25 -10 -18 -3
right_child=4 2 3 7 15 9 -8 -9 27 -11 -12 19 -14 14 -16 -17 28 -19 -20 -21 -22 22 23 26 25 -27 -28 -29 -30 -31
leaf_value=-0.050789369604408552 0.052712376463787597 -0.049548422349898501 -0.045069745587276298 -0.049205388716984939 0.09103657208642954 0.043156740036740651 0.050481614991410489 0.041703206129987722 -0.051653959495058535 0.052095418373018947 0.041886494736420338 -0.041688383357986719 0.06179952525815146 -0.049690795512805329 0.029659940025334838 0.063128279307138921 -0.013419430144253425 0.050200567919193119 0.077347276648700003 0.059108891300763279 -0.053747592289094683 0.17545991434709615 -0.057003965856380151 -0.031315112617515448 -0.01816173052871338 0.030887519540344174 0.082702666519902629 0.025254820907845522 0.059727836689119157 0.093529982557153835
leaf_weight=408.92035372974351 187.28506912384182 6342.6435645567253 1451.5228042150848 339.4606378278695 26.202862404286861 4074.3296729698777 1965.5045911297202 1718.8111402178183 83.432368417270482 9708.4827264896594 439.52580418903381 693.37744847685099 1146.3707525208592 390.76864698017016 174.92973706172779 176884.98662243783 87.187084596604109 1273.8248306047171 42.978153482079506 57.714445129036903 372.98566783219576 24.232623709365726 142.55469780275598 70.068950929678977 268.4121404401958 3157.1358503103256 78.82068258151412 2594.5048717032187 21032.949078608304 21.416956593282521
leaf_count=44359 740 843559 177227 30170 14 4306 1392 13324 6551 10757 1874 40621 632 14411 1244 31223 195 907 98 60 3009 195 6536 2745 750 3398 775 15229 5876 69
internal_value=0.0557771 0.0171332 -0.0322062 -0.00200375 0.0619137 0.0390519 0.0305108 0.0277458 0.0120191 0.0439134 0.00202343 -0.016648 0.0352903 0.0315225 -0.0251533 0.0624395 0.0570947 0.0276657 -0.0349835 -0.033943 -0.0442439 -0.0280413 0.00142593 -0.0130444 0.0357974 0.0270442 0.0290448 0.0228587 0.0594259 -0.0490669
internal_weight=235261 32239.8 9916.83 3552.77 203022 22323 3343.41 2101.25 3402.53 18920.4 1377.9 938.377 9211.95 8065.58 565.698 199678 22793.1 1673.01 382.439 751.092 399.189 724.597 315.677 291.444 7499.88 3425.55 148.89 2677.94 21120.1 6364.06
internal_count=1262246 1176335 1064447 220819 85911 111888 44687 43592 76390 35498 43295 41421 24741 24109 15655 41224 10001 3930 30268 40681 3023 54610 10251 10056 8454 4148 3520 21780 6071 843628
is_linear=0
shrinkage=0.05


Tree=28
num_leaves=31
num_cat=0
split_feature=9 18 16 9 1 1 14 3 10 2 2 4 5 9 8 14 9 4 3 9 8 17 17 1 14 2 13 8 4 9
split_gain=21352 12850.7 1949.06 1698.6 1321.38 1104.16 745.823 800.25 701.141 669.088 516.554 452.825 908.883 390.915 880.391 345.225 315.894 296.503 415.304 287.821 755.343 280.006 258.218 233.888 211.336 370.308 208.032 207.97 201.642 175.303
threshold=0.20942982456140355 0.46978824388462953 1.0000000180025095e-35 0.069366479550922219 0.69169683683750194 0.91351816933212293 1.0000000180025095e-35 0.90443574690150041 0.82865035516969232 0.44949494949494956 0.17424242424242428 0.95293466223698797 0.89898989898989912 0.080540540540540564 0.069292885202968182 0.75000000000000011 0.039230769230769243 0.15504807692307696 0.68042553191489374 0.097167584579071611 1.0000000180025095e-35 0.94365079365079374 0.58102025506376609 0.90303475935828892 0.75000000000000011 0.88194444444444453 1.0000000180025095e-35 0.46410162002945515 0.73746867167919816 0.29520697167755999
decision_type=2 2 2 2 2 2 2 2 2 2 2 2 2 2 2 2 2 2 2 2 2 2 2 2 2 2 2 2 2 2
left_child=1 5 -3 24 8 10 7 11 17 23 -1 26 -13 14 21 -11 -16 -2 22 20 -12 -7 29 -5 27 -26 -6 -4 -25 -19
right_child=4 2 3 9 6 13 -8 -9 -10 15 19 12 -14 -15 16 -17 -18 18 -20 -21 -22 -23 -24 28 25 -27 -28 -29 -30 -31
leaf_value=-0.037721704951499929 0.044766494980782758 -0.04894908233596048 -0.048940473173148022 -0.053990615844122361 0.01547909293869376 0.036653238213613208 0.062383176802253915 0.061667647488554078 0.048849904920521915 0.027580417277226977 0.024091569704867945 0.065166058286883641 0.02227982368078495 0.063178717887521774 -0.048063319997381428 0.081196841695034383 0.020289530658040577 -0.051189218286283825 0.06605702192491214 0.06050181119238443 -0.051425007801743222 0.050597848745502751 -0.046305191286407935 0.21521218226881117 -0.05045116483704435 0.33057541949681124 0.076038296659559954 0.22766917127549693 0.0046231041392574695 0.028205401057841681
leaf_weight=406.89843073114753 311.32729675294831 6067.9888177183457 1354.8779629766941 297.42049104487523 2022.4948950214311 7666.4825730361044 177503.30756720062 8125.9433059245348 1930.499670881778 1326.794527108781 3503.9078182764351 2917.4259551167488 2142.8037093728781 2193.0792722869664 350.88639402762055 388.02625161968172 326.14439600799233 92.855236678384244 150.36317852977663 420.69895786885172 365.68972984421998 6786.7827946208417 524.64353607455269 14.282729681115596 16.894638893194497 10.242585480213167 152.50376841425896 6.8295072242617598 55.683901365846395 276.72571071796119
leaf_count=43421 1431 843628 174855 29109 4095 7507 32169 1763 1392 13252 12154 587 2591 1361 12662 72 3243 10057 66 1068 26828 3644 30173 129 2359 11 19 2 1030 1568
internal_value=0.0547914 0.0166209 -0.0318553 -0.00197246 0.0609328 0.0376203 0.0614685 0.050899 0.0294949 0.0265936 0.0161188 0.0388047 0.0470055 0.0434503 0.0405908 0.0397126 -0.0151359 0.00193805 -0.0108265 0.0212251 0.016955 0.0432012 -0.0237544 -0.034641 -0.0447998 0.0933623 0.0197253 -0.0475532 0.047612 0.00825793
internal_weight=227711 31559.6 9539.04 3471.05 196151 22020.6 192864 15361.2 3286.41 2082.21 4697.19 7235.23 5060.23 17323.4 15130.3 1714.82 677.031 1355.91 1044.59 4290.3 3869.6 14453.3 894.224 367.387 1388.84 27.1372 2175 1361.71 69.9666 369.581
internal_count=1262246 1176335 1064447 220819 85911 111888 41224 9055 44687 43592 83471 7292 3178 28417 27056 13324 15905 43295 41864 40050 38982 11151 41798 30268 177227 2370 4114 174857 1159 11625
is_linear=0
shrinkage=0.05


Tree=29
num_leaves=31
num_cat=0
split_feature=9 4 14 4 10 10 17 9 14 3 16 4 14 10 9 16 5 4 6 6 1 14 10 9 1 16 1 3 5 12
split_gain=20455.3 8807.33 2110.02 1315.27 1215.93 1069.91 822.759 804.768 685.728 718.442 514.229 465.514 447.493 747.009 1741.02 433.839 417.567 758.837 529.496 495.238 457.696 325.252 581.463 775.245 308.837 307.143 285.094 259.624 252.932 241.7
threshold=0.20942982456140355 0.83424908424908428 1.0000000180025095e-35 0.73205084163517697 1.0000000180025095e-35 0.66885964912280715 0.78817016317016331 0.039230769230769243 1.0000000180025095e-35 0.91331186258722508 1.0000000180025095e-35 0.95293466223698797 0.75000000000000011 1.0000000180025095e-35 0.097167584579071611 1.0000000180025095e-35 0.81666666666666676 0.95293466223698797 1.0000000180025095e-35 0.75000000000000011 0.89333845366103437 0.75000000000000011 1.0000000180025095e-35 0.089572192513368995 0.85519679624538958 1.0000000180025095e-35 0.69169683683750194 0.27072835547411828 0.73214285714285732 1.0000000180025095e-35
decision_type=2 2 2 2 2 2 2 2 2 2 2 2 2 2 2 2 2 2 2 2 2 2 2 2 2 2 2 2 2 2
left_child=1 4 7 5 24 25 11 -3 9 16 -9 -4 13 -8 -15 -16 17 18 29 -18 -21 22 28 -24 27 -2 -7 -1 -13 -5
right_child=3 2 6 8 -6 26 12 10 -10 -11 -12 21 -14 14 15 -17 19 -19 -20 20 -22 -23 23 -25 -26 -27 -28 -29 -30 -31
leaf_value=0.28523625020559867 -0.022049547058747256 -0.048665939012258692 -0.023195898173608759 0.0051309368993221532 -0.044992550364174516 0.030277889097795437 0.043920758529525795 -0.04605519003386295 0.061621737853126524 0.061248114440889845 0.031112009979418733 0.045228795703409264 0.074429665879345158 -0.039100025918544536 -0.034554645898171706 0.054356911749673678 0.03955175003138689 0.063831074337664384 0.034863593247948237 0.058521308004995443 -0.028229381539155687 0.071692830677858796 -0.047710248390484426 0.02784981543117912 0.022963179535328324 0.047881459998624233 0.057224976140418951 -0.053613158277841702 0.019996244090609225 -0.083452596199996301
leaf_weight=5.8152552880346766 873.57227655500174 1037.3332618447021 578.16889186808839 166.00203746557236 5436.9128978424706 1607.703607974574 12182.318116694689 287.08035937231034 169300.03355268389 7545.6204315423965 870.58128235768527 1680.1143844537437 934.63115620519966 958.59261694783345 151.43217310449108 1459.7409028876573 1442.5692927464843 2920.2332608625293 1786.8474708050489 197.20231516286731 663.97426009178162 334.75950797367841 635.70442415494472 728.46096149319783 967.81453298125416 191.42041049804538 2520.1056593768299 202.47603135649115 2429.054464077577 143.62896365858614
leaf_count=73 42058 138472 23942 423 791062 2995 8885 25858 30529 1604 11531 1736 276 84977 5540 2245 1160 604 2008 108 1502 97 58853 6016 4515 1316 932 8703 3554 672
internal_value=0.0538643 0.0161313 0.0300702 0.0600179 -0.0350208 0.0352015 0.0347195 -0.0166829 0.0607176 0.0504216 0.0119759 0.0195902 0.0408788 0.0387532 0.0142555 0.0460002 0.0392621 0.0473543 0.0244035 0.02164 -0.00836419 0.0238493 0.0209232 -0.00736136 0.0110768 -0.00948024 0.0467296 -0.0441529 0.0303131 -0.0359604
internal_weight=220240 30881 24268 189359 6613.02 5192.8 22073 2194.99 184166 14866.1 1157.66 6386.26 15686.7 14752.1 2569.77 1611.17 7320.46 5016.71 2096.48 2303.75 861.177 5808.09 5473.33 1364.17 1176.11 1064.99 4127.81 208.291 4109.17 309.631
internal_count=1262246 1176335 371982 85911 804353 47301 196121 175861 38610 8081 37389 94198 101923 101647 92762 7785 6477 3707 3103 2770 1610 70256 70159 64869 13291 43374 3927 8776 5290 1095
is_linear=0
shrinkage=0.05


Tree=30
num_leaves=31
num_cat=0
split_feature=9 18 10 16 9 4 4 9 14 9 8 6 1 9 4 6 16 17 1 4 5 2 6 1 1 6 17 16 12 4
split_gain=19680.9 9956 3109.31 1218.68 1083.86 1043.19 986.599 901.83 632.586 525.756 764.511 525.521 514.267 472.052 470.711 434.126 386.752 374.587 363.856 351.839 639.262 384.106 495.082 850.74 342.219 334.694 313.929 303.217 281.072 271.075
threshold=0.22474747474747478 0.46978824388462953 0.57544101704937434 1.0000000180025095e-35 0.069366479550922219 0.7701575532900834 0.90366769774635458 0.4045454545454546 1.0000000180025095e-35 0.10435571687840291 1.0000000180025095e-35 1.0000000180025095e-35 0.96605158730158747 0.039230769230769243 0.92031746031746042 1.0000000180025095e-35 1.0000000180025095e-35 0.89009661835748799 0.85519679624538958 0.93957648776925895 0.89898989898989912 0.88194444444444453 0.75000000000000011 0.89333845366103437 0.69169683683750194 1.0000000180025095e-35 0.94665718349928885 1.0000000180025095e-35 1.0000000180025095e-35 0.66300366300366298
decision_type=2 2 2 2 2 2 2 2 2 2 2 2 2 2 2 2 2 2 2 2 2 2 2 2 2 2 2 2 2 2
left_child=1 6 3 -3 -5 7 11 16 12 10 17 -1 19 -12 -6 -4 -2 -8 27 25 -21 22 -22 -24 -9 28 -27 -13 -7 -17
right_child=5 2 15 4 14 8 9 24 -10 -11 13 18 -14 -15 -16 29 -18 -19 -20 20 21 -23 23 -25 -26 26 -28 -29 -30 -31
leaf_value=-0.033350632768851134 -0.027448256957474201 -0.049916764974218916 -0.083614950624879933 -0.044345042383441724 -0.028727708145335769 0.015857656519036294 0.03140411283367555 0.028868784091116897 0.060937135477920762 0.061271057598948575 -0.048369887170419346 -0.047757543364530107 0.060406820532810837 0.025006194728547676 0.033285386621012637 -0.05217902069316338 0.040685535182783221 0.047194569880826209 0.02888343353537148 0.062502584067390718 0.038926548002600876 0.065535231921719492 0.060469281048617513 -0.046009477572556974 0.056901644229802865 0.012846382425320477 0.059286362811474792 0.024545516779179856 -0.080805002697898878 0.05103458222598678
leaf_weight=561.23760010348633 654.8014748794958 5609.379848673474 67.132367642596364 1274.139957875479 411.31868372811005 175.13827600516379 7316.3781248182058 1657.7895864136517 161205.44828641042 2558.7616029828787 401.70569692412391 323.91766960639507 6341.808217652142 482.4237198792398 1195.1429679719731 66.614161330275238 305.43164186365902 7717.5365486964583 2223.6863403404132 3141.2175813168287 1306.8739045262337 579.65256874263287 282.43262311816216 558.6298338919878 3171.4631879106164 900.137870028615 610.86090938001871 262.52608128590509 131.79732935875654 1412.7062464822084
leaf_count=24249 23238 854299 1841 177211 32436 327 8454 3277 29417 1073 16894 30290 1295 4829 10920 6333 923 4344 11403 676 1036 98 110 1469 1026 1427 250 10549 616 1936
internal_value=0.052981 0.016759 -0.024464 -0.0363416 -0.00990669 0.059361 0.0356957 0.0384789 0.0600509 0.0402343 0.0368527 0.0108218 0.0498673 -0.00833235 0.0174075 0.0407434 -0.00577621 0.03951 0.0196439 0.0411718 0.0471255 0.0294165 0.0196693 -0.0102534 0.0472785 0.0219516 0.031621 -0.0153905 -0.025649 0.0463868
internal_weight=212908 31884.6 10036.4 8489.98 2880.6 181023 21848.2 5789.49 175234 18476.8 15918 3371.37 14028.5 884.129 1606.46 1546.45 960.233 15033.9 2810.13 7686.74 5868.81 2727.59 2147.94 841.062 4829.25 1817.93 1511 586.444 306.936 1479.32
internal_count=1262246 1197061 1084976 1074866 220567 65185 112085 28464 36721 35594 34521 76491 7304 21723 43356 10110 24161 12798 52242 6009 3389 2713 2615 1579 4303 2620 1677 40839 943 8269
is_linear=0
shrinkage=0.05


Tree=31
num_leaves=31
num_cat=0
split_feature=10 18 1 4 10 12 1 14 3 1 10 17 14 6 4 5 6 6 1 5 4 17 17 18 8 6 10 18 10 6
split_gain=16260.7 9730.93 2543.21 1721.78 1349.89 837.684 794.079 753.87 847.121 742.547 686.409 499.66 452.374 438.023 416.677 938.594 494.475 433.99 402.096 312.051 517.984 363.17 281.32 271.349 266.585 261.447 240.608 263.248 246.47 233.017
threshold=0.58086312118570194 0.60889328063241122 0.94074345606603682 0.90366769774635458 0.47641299510458396 1.0000000180025095e-35 0.83997828301222666 1.0000000180025095e-35 0.91331186258722508 0.69169683683750194 0.35097051138484514 0.89009661835748799 0.75000000000000011 1.0000000180025095e-35 0.95713410900183715 0.89898989898989912 1.0000000180025095e-35 0.75000000000000011 0.89249283325370299 0.46428571428571436 0.25158227848101272 0.66939890710382521 0.94665718349928885 0.32158385093167707 0.53589837997054501 0.75000000000000011 0.53361581920903967 0.30451766304347833 0.32795559025067228 1.0000000180025095e-35
decision_type=2 2 2 2 2 2 2 2 2 2 2 2 2 2 2 2 2 2 2 2 2 2 2 2 2 2 2 2 2 2
left_child=1 3 5 6 12 -3 26 8 14 19 11 23 -4 -8 16 -16 -2 -17 -19 20 -9 -22 -18 -5 -20 -15 27 28 -1 -13
right_child=7 2 4 10 -6 -7 13 9 -10 -11 -12 29 -14 25 15 17 22 18 24 -21 21 -23 -24 -25 -26 -27 -28 -29 -30 -31
leaf_value=-0.018315798759714633 -0.042514474369464997 -0.04702988615303956 -0.034618947503404905 0.029659084929001878 0.045778262018345013 0.024342068444258385 -0.021173472387232817 0.0482742594469322 0.05990057235415245 0.06006001699272269 0.05653406726659882 0.0070699038850568566 0.094734515048370507 0.039711325204083464 0.062785114946409204 0.036343729929746681 0.012449409495407536 0.055731426161781054 0.016341036636995782 0.05738409094286491 0.019746540537449595 -0.046092936089605262 0.05338480750487952 -0.021964284977922219 -0.051929792816499537 0.0065676373316523456 0.056474064267202265 -0.051096069851230247 0.08480942900683773 0.047127673324805192
leaf_weight=343.55975738354027 301.04192536510527 5678.4668445955031 1031.0357809234411 7941.8564403997734 1596.7220074669458 443.20451141754165 519.7411591084674 881.87454401515424 6883.8540014605969 153241.2379874154 5986.3458730503917 380.13612309098244 72.331578550860286 1829.8575766803697 2720.0933083668351 1302.140108237043 1217.2827420309186 180.65977358072996 216.40891163423657 899.53046643175185 536.78797678742558 343.4644399639219 640.55971947871149 262.98015811247751 421.4737221300602 881.70674096466973 81.162982893642038 711.73423321731389 69.692870914936066 8071.9373488714918
leaf_count=15898 1298 837426 115557 13198 6920 10296 16980 2562 1507 30344 20862 2090 41 16759 571 1068 2420 102 339 375 4529 7044 408 19970 1158 8915 657 109931 480 12541
internal_value=0.0521464 0.0215744 -0.0240332 0.0364315 0.0163899 -0.0418626 0.00795206 0.058611 0.0474464 0.0596052 0.0420127 0.0367938 -0.0261391 0.0208746 0.0351982 0.0433451 0.016931 0.0184103 -0.0101183 0.0334224 0.0211904 -0.00594327 0.0265634 0.0280045 -0.0287681 0.0289341 -0.0266676 -0.032666 -0.000924274 0.0453261
internal_weight=205689 35902.5 8821.76 27080.7 2700.09 6121.67 4437.46 169786 13883.5 155903 22643.3 16656.9 1103.37 3231.31 6999.66 4840.78 2158.88 2120.68 818.542 2661.66 1762.13 880.252 1857.84 8204.84 637.883 2711.56 1206.15 1124.99 413.253 8452.07
internal_count=1262246 1208521 970240 238281 122518 847722 169620 53725 8871 44854 68661 47799 115598 42654 7364 3238 4126 2667 1599 14510 14135 11573 2828 33168 1497 25674 126966 126309 16378 14631
is_linear=0
shrinkage=0.05


Tree=32
num_leaves=31
num_cat=0
split_feature=9 18 16 9 4 1 9 14 3 16 4 6 10 4 16 1 9 8 9 8 9 14 4 4 6 6 17 1 0 6
split_gain=18468 8546.51 2792.13 1802.76 1069.33 927.206 849.195 648.994 623.365 586.93 532.384 514.562 436.766 374.755 373.794 330.374 311.922 957.44 309.404 429.103 301.962 268.391 239.122 221.396 392.615 335.395 216.098 208.769 353.89 243.017
threshold=0.22474747474747478 0.46978824388462953 1.0000000180025095e-35 0.069366479550922219 0.78319623971797903 0.9368501714055254 0.4045454545454546 1.0000000180025095e-35 0.91331186258722508 1.0000000180025095e-35 0.66300366300366298 1.0000000180025095e-35 0.63798951588035779 0.95293466223698797 1.0000000180025095e-35 0.69169683683750194 0.089572192513368995 1.0000000180025095e-35 0.097167584579071611 0.069292885202968182 0.039230769230769243 0.75000000000000011 0.20864427860696519 0.95293466223698797 1.0000000180025095e-35 0.75000000000000011 0.68819444444444455 0.88381521796705353 0.7158385093167704 1.0000000180025095e-35
decision_type=2 2 2 2 2 2 2 2 2 2 2 2 2 2 2 2 2 2 2 2 2 2 2 2 2 2 2 2 2 2
left_child=1 5 12 -4 6 9 14 8 23 13 -5 -12 -3 27 22 -8 17 -11 19 26 -21 -13 -2 24 -6 -25 -7 -1 29 -29
right_child=4 2 3 10 7 18 15 -9 -10 16 11 21 -14 -15 -16 -17 -18 -19 -20 20 -22 -23 -24 25 -26 -27 -28 28 -30 -31
leaf_value=-0.033580060600311469 0.023715049859044067 -0.049518763111075226 -0.043846986479198491 -0.051420629258666063 -0.03134473506133547 -0.020116791446947283 0.027213137965312079 0.059527787126611199 0.058823835442143702 0.034531834781344604 -0.03981524601409682 0.032356325769239927 0.049610224866080715 0.019779898535677225 0.037261612203229474 0.05458899698313853 0.058378074223722591 -0.051988366143060176 0.060095438975167295 -0.045716291090337272 0.026319313959988974 0.070498427658216956 -0.045268357207401244 0.0515947704883081 0.032304296267833404 0.022786062239228869 0.041175298770669194 -0.060617544891751918 -0.0489667740889424 0.029385328421587094
leaf_weight=688.86004198156297 169.76043460611254 5313.0611854158342 1182.0172320846468 187.45120568247512 286.85236235707998 145.74968373775482 1653.2268570717424 148953.12803537026 6614.7702431678772 2943.2313643470407 206.64168601669371 1742.1636576163583 113.49247516412288 1947.1253336793743 340.89693655166775 3305.755931250751 897.23214811645448 358.72680518776178 1854.9216580046341 245.14903448428959 357.81586983799934 627.27094348147511 483.17489712964743 3312.81224411726 1559.3614558242261 1453.5943918898702 10791.388672187924 84.45525885745883 253.58064310671762 669.95496809529141
leaf_count=47222 1678 862333 177227 24258 949 310 3282 29280 1488 7239 4263 15656 845 5309 957 1165 1356 25220 731 8622 2442 394 21615 1468 1641 1662 7263 1595 1788 2988
internal_value=0.0513179 0.0155966 -0.0241748 0.00783096 0.0578213 0.0331472 0.0370082 0.0585852 0.0479712 0.0194942 0.0299347 0.0358546 -0.0474456 0.00481132 -0.00517621 0.0454624 0.0322358 0.0251322 0.0411413 0.0380947 -0.00296839 0.0424539 -0.027333 0.0371151 0.0224149 0.0428091 0.0403585 -0.012365 0.0021333 0.0193096
internal_weight=198744 30610.3 9372.1 3945.54 168133 21238.2 5952.82 162181 13227.4 7843.17 2763.53 2576.08 5426.55 3643.98 993.832 4958.98 4199.19 3301.96 13395 11540.1 602.965 2369.43 652.935 6612.62 1846.21 4766.41 10937.1 1696.85 1007.99 754.41
internal_count=1262246 1197061 1084976 221798 65185 112085 28697 36488 7208 92717 44571 20313 863178 58902 24250 4447 33815 32459 19368 18637 11064 16050 23293 5720 2590 3130 7573 53593 6371 4583
is_linear=0
shrinkage=0.05


Tree=33
num_leaves=31
num_cat=0
split_feature=9 18 16 9 4 1 9 16 4 6 10 16 4 1 9 8 9 8 9 3 9 4 4 6 18 8 18 18 4 1
split_gain=17790.5 7874.71 2662.9 1676.76 1080.16 881.14 791.452 535.8 491.84 470.385 413.609 341.609 340.318 332.107 303.527 397.586 290.662 880.393 279.699 246.479 299.144 221.548 220.035 694.539 247.135 210.277 730.03 2112.91 200.043 194.76
threshold=0.22474747474747478 0.46978824388462953 1.0000000180025095e-35 0.069366479550922219 0.78319623971797903 0.9368501714055254 0.4045454545454546 1.0000000180025095e-35 0.66300366300366298 1.0000000180025095e-35 0.63798951588035779 1.0000000180025095e-35 0.95293466223698797 0.69169683683750194 0.097167584579071611 0.069292885202968182 0.089572192513368995 1.0000000180025095e-35 0.039230769230769243 0.90443574690150041 0.5590277777777779 0.20864427860696519 0.94360822556709789 1.0000000180025095e-35 0.60889328063241122 0.31440092165898625 0.57192118226600996 0.56826357096141289 0.25158227848101272 0.88381521796705353
decision_type=2 2 2 2 2 2 2 2 2 2 2 2 2 2 2 2 2 2 2 2 2 2 2 2 2 2 2 2 2 2
left_child=1 5 10 25 6 7 11 12 -5 -10 -3 21 29 28 15 -7 17 -9 -17 20 22 -2 23 24 -6 -4 27 -27 -8 -1
right_child=4 2 3 8 19 14 13 16 9 -11 -12 -13 -14 -15 -16 18 -18 -19 -20 -21 -22 -23 -24 -25 -26 26 -28 -29 -30 -31
leaf_value=-0.032751438332832908 0.022352101803485808 -0.049388145832631826 -0.046870902489713206 -0.051381147826785135 0.044840588910699357 0.039085957523259968 0.045824125085791548 0.032888009806573762 -0.038150026924386127 0.040849979764497099 0.04697767514787296 0.035678956461668812 0.01885317831177245 0.053641380941642058 0.059001480892383745 -0.045230355667306626 0.056364864291448297 -0.051901558876236133 0.024830939847351154 0.059540184705200408 0.057566545776864333 -0.04406748637293894 0.05307698209212186 0.046108342660549612 -0.050740998627601112 -0.050565079584402442 0.025618852326901823 3.733023166719267 0.010658197019349148 0.0020225430756686349
leaf_weight=671.42269423184916 171.07138194376603 5066.9737591603771 1105.7629711562768 178.44267391925678 90.424622930586338 10733.92942006886 717.12341175973415 2936.0094732614234 204.92335860058665 2340.4159368113615 113.85021736845374 338.28552477713674 1940.856963802129 3198.6746411137283 1796.3407942950726 235.635420109611 883.17680776491761 341.78783746017143 360.23613227624446 92266.237866982818 46756.338104195893 471.81773306196555 12860.653340429068 3842.3391269743443 268.24924850091338 1.2361453888006533 24.814121302682906 0.52599906874820579 927.39513745717704 1005.8813186311163
leaf_count=47222 1678 862333 174763 24258 81 7573 647 7239 4263 16050 845 957 5309 1165 731 8622 1356 25220 2442 17621 11125 21615 4548 2187 926 128 2325 11 2635 6371
internal_value=0.0505511 0.0151453 -0.0238545 0.00760562 0.0570988 0.0320042 0.0359574 0.0186699 0.0288641 0.0344897 -0.0472705 -0.00499232 0.00459783 0.0442533 0.0399066 0.0368791 0.0309063 0.0240467 -0.00287457 0.0578877 0.0554986 -0.0263934 0.0498317 0.0398969 -0.0266441 -0.0435305 0.0954525 1.07883 0.025993 -0.0118974
internal_weight=191851 29942.2 9036.95 3856.12 161909 20905.3 5824.37 7779.14 2723.78 2545.34 5180.82 981.175 3618.16 4843.19 13126.1 11329.8 4160.97 3277.8 595.872 156084 63818 642.889 17061.7 4201.01 358.674 1132.34 26.5763 1.76214 1644.52 1677.3
internal_count=1262246 1197061 1084976 221798 65185 112085 28697 92717 44571 20313 863178 24250 58902 4447 19368 18637 33815 32459 11064 36488 18867 23293 7742 3194 1007 177227 2464 139 3282 53593
is_linear=0
shrinkage=0.05


Tree=34
num_leaves=31
num_cat=0
split_feature=9 18 16 9 4 1 9 14 1 6 15 9 8 4 6 9 16 9 8 17 4 5 2 6 1 14 6 17 14 2
split_gain=17188.8 7282.03 2308.66 1418.75 1087.73 944.525 763.316 740.227 552.368 498.952 432.261 431.851 547.164 423.765 390.655 359.666 322.476 303.976 614.808 287.486 285.232 661.19 382.365 427.612 732.062 279.078 235.393 267.212 214.488 232.8
threshold=0.22474747474747478 0.50952467343976793 1.0000000180025095e-35 0.069366479550922219 0.78319623971797903 0.91351816933212293 0.5590277777777779 1.0000000180025095e-35 0.96605158730158747 1.0000000180025095e-35 1.0000000180025095e-35 0.10435571687840291 1.0000000180025095e-35 0.66300366300366298 1.0000000180025095e-35 0.039230769230769243 1.0000000180025095e-35 0.12060606060606062 1.0000000180025095e-35 0.94365079365079374 0.93957648776925895 0.89898989898989912 0.88194444444444453 0.75000000000000011 0.88541849871261646 0.75000000000000011 1.0000000180025095e-35 0.94665718349928885 0.75000000000000011 0.88194444444444453
decision_type=2 2 2 2 2 2 2 2 2 2 2 2 2 2 2 2 2 2 2 2 2 2 2 2 2 2 2 2 2 2
left_child=1 5 -3 28 6 10 14 8 20 -5 -1 12 19 -11 -2 -14 -16 18 -12 -7 26 -22 23 -23 -25 -15 -6 -28 -4 -30
right_child=4 2 3 9 7 11 -8 -9 -10 13 17 -13 15 25 16 -17 -18 -19 -20 -21 21 22 -24 24 -26 -27 27 -29 29 -31
leaf_value=-0.051205522924993953 -0.074466285770223614 -0.047207135859507199 -0.046727920732124478 -0.049996668666749705 -0.022303813799491104 0.028553699506122618 0.048026091660480108 0.058272865220112803 0.057477436699050304 -0.051440547868195345 0.017016452297266099 0.056405199682123409 -0.047155124752057985 0.027617119810738167 -0.0019963395156903365 0.020537180725596318 0.041244768914091533 0.051407971955857348 -0.044204184712759574 0.043412028722606993 0.0588696196129459 0.032636960404374395 0.062166812888834411 0.0579017067438568 -0.04535480319001596 0.068360540433063666 0.0095339121041097905 0.054145140478149993 -0.050565274018485352 0.25156875129504974
leaf_weight=265.31614222889766 129.72920437250286 4834.5126644819975 1013.8290763283148 196.85757792973891 293.13711526989937 7122.5309644825757 3772.3172155469656 137702.99143305048 5457.5818780213594 139.734997571446 3520.2422556122765 2267.6230772901326 329.96113241510466 1587.2977553578094 1072.8236459461041 484.15398396085948 720.89004060160369 495.56795787531883 464.16854900261387 5996.1358331553638 2769.6203046441078 1209.8217458575964 511.3522482663393 245.76515513658524 569.22966111451387 571.65661734947935 860.4539770744741 550.36679723113775 12.786280603148043 12.716415107250214
leaf_count=36464 3909 845616 167214 7845 918 7475 2158 29280 1295 20113 15530 1122 16589 15275 21498 4934 1132 3216 49361 3635 676 1036 98 92 1487 375 1362 244 2289 8
internal_value=0.0497967 0.014671 -0.0247521 0.00595875 0.0564031 0.0304236 0.0349559 0.0572166 0.04555 0.0264011 0.0108053 0.03617 0.0328766 0.0329437 0.00932223 -0.00689853 0.0153822 0.0144777 0.00988448 0.035345 0.0362636 0.0419793 0.0235343 0.013778 -0.0142174 0.0384053 0.0184659 0.0269369 -0.0431254 0.100088
internal_weight=185181 29315.1 8369.39 3534.88 155866 20945.7 5695.76 150170 12467.3 2495.55 4745.29 16200.4 13932.8 2298.69 1923.44 814.115 1793.71 4479.98 3984.41 13118.7 7009.75 5305.79 2536.17 2024.82 814.995 2158.95 1703.96 1410.82 1039.33 25.5027
internal_count=1262246 1197061 1058735 213119 65185 138326 28697 36488 7208 43608 104571 33755 32633 35763 26539 21523 22630 68107 64891 11110 5913 3389 2713 2615 1579 15650 2524 1606 169511 2297
is_linear=0
shrinkage=0.05


Tree=35
num_leaves=31
num_cat=0
split_feature=9 18 10 4 4 16 10 9 12 1 9 8 1 18 6 16 4 9 3 9 3 8 4 6 5 6 18 3 9 8
split_gain=16616.1 6709.82 2394.87 1107.07 906.252 820.073 724.864 620.358 539.094 445.828 437.178 685.902 354.846 452.022 352.94 334.747 296.95 293.474 269.377 322.296 252.987 239.913 226.695 643.53 325.82 364.26 225.092 222.617 218.548 361.902
threshold=0.22474747474747478 0.50952467343976793 0.57544101704937434 0.78319623971797903 0.9457002457002458 1.0000000180025095e-35 0.82865035516969232 0.069366479550922219 1.0000000180025095e-35 0.96605158730158747 0.10435571687840291 0.069292885202968182 0.94074345606603682 0.61561913696060044 1.0000000180025095e-35 1.0000000180025095e-35 0.121830550401979 0.043961352657004842 0.90443574690150041 0.5590277777777779 0.56691542288557228 1.0000000180025095e-35 0.94360822556709789 1.0000000180025095e-35 0.89898989898989912 0.75000000000000011 0.54064064064064077 0.89825495415557544 0.089572192513368995 1.0000000180025095e-35
decision_type=2 2 2 2 2 2 2 2 2 2 2 2 2 2 2 2 2 2 2 2 2 2 2 2 2 2 2 2 2 2
left_child=1 4 5 6 9 -3 8 -7 16 15 11 27 13 -9 -4 21 -2 -13 19 22 -16 -1 23 26 -24 -26 -5 -6 29 -17
right_child=3 2 14 18 10 7 -8 12 -10 -11 -12 17 -14 -15 20 28 -18 -19 -20 -21 -22 -23 24 -25 25 -27 -28 -29 -30 -31
leaf_value=-0.0019297437874518939 0.043544234219189383 -0.049509343521490723 -0.081734746165994812 0.053105669117135615 0.026609948157529907 -0.042836820886571939 0.046876719758533435 0.044346582256037152 0.039108881864770816 0.052601435032904369 0.055308162989865774 -0.043785962855793663 0.03263786436629669 -0.047740734393549901 -0.057027405593838509 0.02037477687275939 -0.026410950459079797 0.016268936323370713 0.058397725899136887 0.056247231266290498 0.046277361869757755 -0.046069884252049775 0.057646464918468712 0.04386317200687833 0.049115113896216554 0.016424930698336011 -0.046858870984653259 0.039909388395126838 0.052316891192780171 -0.048467423861053002
leaf_weight=1713.6723720310256 182.79599239863455 4362.8894124734215 60.943176712840796 70.355000779032707 5368.7676526932046 994.86974093737081 3676.3614559993148 194.45467458711937 831.53259097924456 535.56826728209853 2265.9843475702219 395.56045477092266 735.48483353760093 423.4528014245443 62.225521218031645 1338.3275704458356 891.73959299130365 418.82013278547674 85134.683128848672 43273.649566039443 1245.6366834985092 375.24927951674908 7585.9698917865753 3620.1153877228498 3253.9717778414488 1154.4890287593007 282.14624551683664 7601.7699204310775 391.92641165619716 222.67000116594136
leaf_count=11980 519 836746 1839 45 6383 169495 2140 3529 1734 412 1207 20977 6049 32823 6358 5621 24304 4722 17621 11125 1896 57434 1789 2187 1394 1365 962 4907 1285 23398
internal_value=0.0490797 0.0142304 -0.0243929 0.0557513 0.0293588 -0.0366865 0.0339035 -0.0128627 0.00888128 0.00973416 0.0349554 0.0316098 0.00917111 -0.018761 0.0358817 0.00405399 -0.0145104 -0.0129009 0.0565961 0.054007 0.0413623 -0.00985898 0.0479357 0.0375835 0.0513643 0.0405542 -0.0269072 0.0344045 0.0189358 0.0105547
internal_weight=178666 28708.3 8079.96 149958 20628.3 6711.15 5582.43 2348.26 1906.07 4577.41 16050.9 13784.9 1353.39 617.907 1368.81 4041.85 1074.54 814.381 144375 59240.7 1307.86 2088.92 15967 3972.62 11994.4 4408.46 352.501 12970.5 1952.92 1561
internal_count=1262246 1197061 1058735 65185 138326 1048642 28697 211896 26557 100130 38196 36989 42401 36352 10093 99718 24823 25699 36488 18867 8254 69414 7742 3194 4548 2759 1007 11290 30304 29019
is_linear=0
shrinkage=0.05


Tree=36
num_leaves=31
num_cat=0
split_feature=9 18 10 4 1 14 16 9 9 1 16 8 6 6 18 1 6 9 8 16 4 8 9 7 17 1 8 14 8 9
split_gain=16050.8 6187.31 2245.25 1123.3 855.004 820.514 804.86 694.858 585.855 585.123 498.261 369.93 357.102 328.021 325.769 329.22 300.028 297.18 368.874 288.643 279.16 251.57 408.3 444.862 248.534 224.997 202.821 208.364 202.206 200.424
threshold=0.22474747474747478 0.50952467343976793 0.57544101704937434 0.78319623971797903 0.9368501714055254 1.0000000180025095e-35 1.0000000180025095e-35 0.5590277777777779 0.069366479550922219 0.96605158730158747 1.0000000180025095e-35 1.0000000180025095e-35 1.0000000180025095e-35 1.0000000180025095e-35 0.69582608695652182 0.94482802761445706 1.0000000180025095e-35 0.097167584579071611 0.14902948861515494 1.0000000180025095e-35 0.93957648776925895 0.19678585258809864 0.072299651567944254 1.0000000180025095e-35 0.88303693570451447 0.69169683683750194 0.46410162002945515 0.75000000000000011 0.194537658463833 0.089572192513368995
decision_type=2 2 2 2 2 2 2 2 2 2 2 2 2 2 2 2 2 2 2 2 2 2 2 2 2 2 2 2 2 2
left_child=1 4 6 7 10 9 -3 12 26 20 11 -1 -2 -4 21 -16 -12 18 24 -14 -5 22 23 -10 -6 -9 27 -8 -24 -18
right_child=3 2 13 5 17 -7 8 25 14 -11 16 -13 19 -15 15 -17 29 -19 -20 -21 -22 -23 28 -25 -26 -27 -28 -29 -30 -31
leaf_value=0.0075220185062928203 -0.073727496695084702 -0.04940464368608033 -0.080795496049101634 0.015845047466697716 0.024371637518587862 0.057158284227128098 -0.048355431783610091 0.028023435446245609 -0.050759748265497832 0.056192825651809025 -0.0071282653144953065 -0.042860426540251316 -0.0023569301323174844 0.040149771938752452 -0.04750666265264461 0.017999815814603564 0.026361158995187563 0.055582531754613064 -0.016883907110876714 0.038977801438372095 0.039503364428496224 0.026335367606920998 0.061658806527485559 1.3327177277332349 0.04064065467193359 0.054639792167301859 0.230337532241114 0.095270363810428707 0.30435974640356739 0.05533402578359671
leaf_weight=3225.919722114224 123.88043150957674 4158.685012888629 58.62795877084136 1658.5804759711027 3576.8763228678145 127059.7722283043 921.54451179644093 1187.4843070805073 0.97534111654385847 5042.0812398269773 553.16183723369613 410.72212137607858 1061.0303148129024 1280.5824356968515 358.05740165757015 413.08479785732925 2856.7319682692178 1745.7798464722 353.54331431817263 701.63831746019423 5023.2602250501513 513.38236889988184 44.14234512206167 1.4373816028237343 6829.9656768254936 2396.1755211688578 6.7646346092224112 25.963551641907543 10.653222752269356 754.57412704499438
leaf_count=14278 3909 836746 1839 2524 4867 29280 167201 1446 104 1295 13798 60608 21498 8254 28305 4197 25536 893 11967 1132 3389 8976 745 3 5204 712 1 2293 71 1175
internal_value=0.04838 0.0138093 -0.0240617 0.0551145 0.0283442 0.0559905 -0.0362856 0.0328905 -0.0125236 0.043334 0.0153541 0.00183183 0.00832957 0.034855 0.00877652 -0.0124162 0.0271625 0.0364472 0.0333426 0.0140965 0.0336308 0.0374181 0.136873 0.773448 0.0350489 0.0458202 -0.0424721 -0.0444198 0.108844 0.032415
internal_weight=172355 28101.2 7793.9 144254 20307.3 138784 6454.69 5470.21 2296.01 11723.9 7801.11 3636.64 1886.55 1339.21 1341.73 771.142 4164.47 12506.2 10760.4 1762.67 6681.84 570.591 57.2083 2.41272 10406.8 3583.66 954.273 947.508 54.7956 3611.31
internal_count=1262246 1197061 1058735 65185 138326 36488 1048642 28697 211896 7208 115395 74886 26539 10093 42401 32502 40509 22931 22038 22630 5913 9899 923 107 10071 2158 169495 169494 816 26711
is_linear=0
shrinkage=0.05


Tree=37
num_leaves=31
num_cat=0
split_feature=9 4 4 14 1 14 14 10 9 3 9 9 5 4 2 12 14 6 1 1 5 2 6 3 4 14 1 5 17 4
split_gain=15564.8 5210.04 1135.43 1050.89 970.678 855.751 847.933 723.145 1854.66 721.794 660.135 641.037 497.959 604.844 413.088 407.466 351.819 303.089 317.018 291.26 280.626 262.167 261.481 253.608 236.218 229.323 228.192 224.759 215.117 195.66
threshold=0.22474747474747478 0.83424908424908428 0.78319623971797903 1.0000000180025095e-35 0.84295686682783466 1.0000000180025095e-35 0.75000000000000011 1.0000000180025095e-35 0.080540540540540564 0.92718275008837059 0.5590277777777779 0.039230769230769243 0.81666666666666676 0.95713410900183715 0.76388888888888895 1.0000000180025095e-35 1.0000000180025095e-35 0.75000000000000011 0.89333845366103437 0.95557078971939668 0.89898989898989912 0.88194444444444453 1.0000000180025095e-35 0.86240703177822864 0.92031746031746042 0.75000000000000011 0.69169683683750194 0.73214285714285732 0.65058139534883741 0.121830550401979
decision_type=2 2 2 2 2 2 2 2 2 2 2 2 2 2 2 2 2 2 2 2 2 2 2 2 2 2 2 2 2 2
left_child=1 4 10 11 -1 9 7 14 -9 12 15 -3 13 23 20 29 -6 -14 -19 -13 22 -20 27 -4 -10 -18 -12 -5 -29 -2
right_child=2 3 5 6 16 -7 -8 8 24 -11 26 19 17 -15 -16 -17 25 18 21 -21 -22 -23 -24 -25 -26 -27 -28 28 -30 -31
leaf_value=-0.047642329611335937 0.036835221352123741 -0.04776070856154481 0.0074057259632757501 -0.051129712982129732 -0.044842294637048724 0.056640902958944243 0.065125820262571243 -0.043537789438555352 -0.021124061029851954 0.056273231033616734 0.026876610084893893 -0.015529664770202626 0.027112755655521931 0.057787625759559397 0.039180002481696979 0.03377694442640003 0.0037262599015018107 0.048376602919292612 -0.037106873611830682 0.032003841706715837 0.0048443525042190672 0.062970409449264131 0.031491072529804723 0.047897421684763374 0.033630123937862126 0.098052147102301049 0.053932265554215181 -0.089066154376907444 0.019635594126856278 -0.022639105584290942
leaf_weight=3343.2726274286397 164.62158282566816 731.92403516033664 1292.145432498306 155.19822219759226 398.9925363920629 121939.03209407255 1385.719050288666 1292.8156578154303 213.93154619820416 5115.9893359839916 1176.5313683673739 583.71414787741378 1232.5962136685848 2347.5652848109603 6462.9668565690517 841.90536767616868 1455.3024341450073 176.86830979585648 622.71539191901684 719.52165929786861 1796.0721552744508 73.125232443213463 5552.555540766567 551.84569316357374 2485.621432219632 67.420769101940095 2308.4579498916864 48.031464152038097 868.2653112411499 864.47784718219191
leaf_count=698045 516 138472 2278 965 68604 29280 621 158449 5699 1310 1446 25954 1143 564 4181 1843 57246 102 1497 11868 2877 20 6269 294 16171 163 712 223 1254 24180
internal_value=0.0476897 0.0133705 0.0545089 0.0239344 -0.0313656 0.0554155 0.0273747 0.0246033 0.00570747 0.0423232 0.0319364 -0.010316 0.0309892 0.0409541 0.029672 0.00797959 -0.0030484 0.0111495 -0.0113967 0.0107138 0.0223741 -0.0265898 0.0271272 0.0195236 0.029291 0.00790267 0.0447983 0.00451303 0.0139375 -0.0131252
internal_weight=166269 27561.3 138708 22296.3 5264.99 133352 20261.2 18875.5 3992.37 11412.9 5355.99 2035.16 6296.86 4191.56 14883.1 1871 1921.72 2105.31 872.709 1303.24 8420.12 695.841 6624.05 1843.99 2699.55 1522.72 3484.99 1071.49 916.297 1029.1
internal_count=1262246 1197061 65185 373003 824058 36488 196709 196088 180319 7208 28697 176294 5898 3136 15769 26539 126013 2762 1619 37822 11588 1517 8711 2572 21870 57409 2158 2442 1477 24696
is_linear=0
shrinkage=0.05


Tree=38
num_leaves=31
num_cat=0
split_feature=9 18 10 1 14 3 1 3 14 15 9 8 9 5 3 5 2 18 9 3 8 0 0 9 8 9 2 8 12 18
split_gain=15097.6 5351.03 1947.93 1042.09 1059.83 854.679 782.399 718.069 688.164 452.522 377.869 498.626 358.425 328.49 415.315 317.295 385.718 265.922 411.711 232.264 221.964 384.856 622.534 221.339 308.425 205.658 188.761 188.526 181.239 251.76
threshold=0.22474747474747478 0.46978824388462953 0.57544101704937434 0.69169683683750194 1.0000000180025095e-35 0.91331186258722508 0.94074345606603682 0.90443574690150041 0.75000000000000011 1.0000000180025095e-35 0.10762548262548265 1.0000000180025095e-35 0.069366479550922219 0.46428571428571436 0.24316334072431636 0.81666666666666676 0.63068181818181823 0.60889328063241122 0.13840996168582378 0.56691542288557228 0.21450482033304122 0.73273809523809541 0.72046511627906984 0.080540540540540564 0.069292885202968182 0.4045454545454546 0.78888888888888908 0.40553289138194804 1.0000000180025095e-35 0.68304757304998809
decision_type=2 2 2 2 2 2 2 2 2 2 2 2 2 2 2 2 2 2 2 2 2 2 2 2 2 2 2 2 2 2
left_child=1 7 6 13 5 15 17 9 12 -1 11 26 -8 14 -2 16 25 18 27 -4 21 22 -14 24 -9 -5 -11 -3 29 -22
right_child=3 2 19 4 -6 -7 8 23 -10 10 -12 -13 20 -15 -16 -17 -18 -19 -20 -21 28 -23 -24 -25 -26 -27 -28 -29 -30 -31
leaf_value=-0.052228282616563093 0.037013048096917897 -0.046769879524298667 -0.056380201910953345 -0.0082149619430433429 0.055953146376524432 0.054818394107312887 -0.044461547361319118 0.035944337665791928 0.088359459337677582 0.016887203186701682 0.047353756872757641 -0.028159216730695321 0.088301765159130657 0.050740852104257245 -0.0099168371786258792 0.010952909271615874 0.051989528026517656 -0.049884823199048189 0.035950848946722971 0.03804065886974508 0.014505559072013997 0.030798654360808392 0.7543485016887147 0.055892280481650049 -0.011278078756803259 0.029020422078795807 0.045185568005820825 0.20843676823736845 0.038312908514666122 -0.053813107304932432
leaf_weight=226.28648430295289 877.42834456311539 499.68870657822117 68.748368917033076 468.66041005402803 119323.80186062586 5219.9981151744723 634.2375304363668 7608.9777557514608 177.11717602238059 7568.4343847287819 1069.1504214103334 599.11932125547901 12.159381243400277 757.96535844681785 1018.8466504206881 2002.5956383123994 1870.4031367301941 3882.528498458676 244.19844105746597 1237.7704128050245 254.63061222434044 159.30201814090833 4.930983825121074 1321.5158223528415 362.2357886955142 1776.4474288746715 639.04884032905102 7.3428016891703001 164.0767057701014 286.66029867623001
leaf_count=31983 3735 103001 7569 1620 30947 1482 116805 5417 68 20792 3412 40881 175 446 21666 2653 689 828391 4854 2541 3397 4093 83 786 8425 1947 389 77 854 13068
internal_value=0.0470268 0.0129522 -0.0225098 0.053935 0.054565 0.0399565 -0.0339877 0.0269094 -0.00489973 0.017682 0.0192839 0.0158761 -0.0157954 0.0229189 0.0117982 0.0272762 0.0352191 -0.044616 -0.0173858 0.0330723 0.00482376 0.0549891 0.280472 0.0369404 0.0337984 0.0212476 0.0190906 -0.043074 -0.00772117 -0.0216751
internal_weight=160344 27028.2 7633.39 133316 130662 11338.1 6326.87 19394.8 1693.11 10102 9875.75 8806.6 1516 2654.24 1896.27 6118.11 4115.51 4633.76 751.23 1306.52 881.76 176.392 17.0904 9292.73 7971.21 2245.11 8207.48 507.032 705.368 541.291
internal_count=1262246 1197061 1084976 65185 39338 8391 1074866 112085 138543 97457 65474 62062 138475 25847 25401 6909 4256 936323 107932 10110 21670 4351 258 14628 13842 3567 21181 103078 17319 16465
is_linear=0
shrinkage=0.05


Tree=39
num_leaves=31
num_cat=0
split_feature=10 18 1 16 10 2 1 18 10 3 13 8 6 11 2 18 3 5 3 17 1 5 6 2 1 2 1 3 2 3
split_gain=12930.4 5217.18 2013.2 1247.54 1048.43 763.759 724.361 530.814 516.851 387.961 388.432 381.258 365.062 324.377 309.484 297.909 289.09 265.839 372.205 284.991 220.14 219.777 638.175 452.586 673.126 451.517 399.335 291.847 271.112 259.289
threshold=0.59663271080928137 0.60889328063241122 0.92986483891215366 1.0000000180025095e-35 0.47641299510458396 0.76388888888888895 0.69169683683750194 0.30451766304347833 0.35097051138484514 0.90443574690150041 1.0000000180025095e-35 0.44843699645504359 1.0000000180025095e-35 1.0000000180025095e-35 0.44949494949494956 0.43161681181370698 0.94201680672268906 0.46428571428571436 0.24316334072431636 0.66939890710382521 0.97275461380724548 0.89898989898989912 0.75000000000000011 0.88194444444444453 0.88608889842409122 0.76388888888888895 0.92986483891215366 0.76506899055918676 0.61250000000000016 0.89498746867167933
decision_type=2 2 2 2 2 2 2 2 2 2 2 2 2 2 2 2 2 2 2 2 2 2 2 2 2 2 2 2 2 2
left_child=1 3 11 5 -4 7 17 20 12 10 13 16 -5 -8 -13 -14 -3 18 -2 -20 -1 -15 28 24 -24 -26 27 -27 -23 -29
right_child=6 2 4 8 -6 -7 9 -9 -10 -11 -12 14 15 21 -16 -17 -18 -19 19 -21 -22 22 23 -25 25 26 -28 29 -30 -31
leaf_value=0.0058510943719256815 0.040016939351912723 -0.048550729413506966 -0.027472392858266994 0.0037772226495540631 0.036690948763363027 0.033379756138582725 -0.0021941595431037423 -0.03483754192902621 0.050471992062029375 0.056544429125582434 0.056914909129771374 -0.045633109610238913 0.035523407825095325 0.050548014352844395 0.037340773493945358 -0.051047184927466564 0.043211337899440462 0.051067505498613976 0.01500248941577555 -0.044594606717356905 0.039398710371107176 -0.010151175922387141 0.053121041973904687 0.056735621137895653 0.0042413879537712088 0.050969447189700583 -0.028870388047456699 -0.21747194749414842 0.051253291862564866 0.041773593828696713
leaf_weight=4610.6715047117323 753.2824169495143 3804.9860829303507 1002.6277625220828 1104.6682147565298 1744.1940998048522 3375.71948072128 321.94513993058354 780.38864195812494 5203.1313497554511 69629.023649189621 17444.077976189554 196.93961019557901 7917.1879377188161 25614.472320330329 261.7430936479941 100.63949603540823 87.812255281955004 721.22445428138599 511.56636917311698 329.99236745061353 547.02598583465442 185.19587336108088 511.63753074407578 574.58507440984249 826.46874410286546 15.653202980756758 237.3721462264657 74.399898052215576 6122.0368282906711 11.081574752926825
leaf_count=23112 1648 807636 140043 18147 8765 8879 537 122842 23498 17001 4120 15300 24255 11133 628 17381 3015 369 3391 5203 361 309 203 144 1160 10 505 437 2204 10
internal_value=0.0463749 0.0173472 -0.0202446 0.0286351 0.0132704 0.0143898 0.0535772 0.00359422 0.0378966 0.0541049 0.0508345 -0.0414005 0.0307241 0.0477596 0.00171518 0.0344368 -0.0464808 0.0258775 0.014486 -0.00836675 0.00940916 0.0482302 0.0412933 0.0184397 0.00531544 -0.01568 -0.0643182 -0.147518 0.0494503 -0.183864
internal_weight=154622 30737.7 7098.3 23639.4 2746.82 9313.81 123884 5938.09 14325.6 121568 51938.9 4351.48 9122.5 34494.8 458.683 8017.83 3892.8 2316.07 1594.84 841.559 5157.7 34172.9 8558.43 2251.2 1676.61 1164.98 338.507 101.135 6307.23 85.4815
internal_count=1262246 1213862 975387 238475 148808 155194 48384 146315 83281 37773 20772 826579 59783 16652 15928 41636 810651 10611 10242 8594 23473 16115 4982 2469 2325 2122 962 457 2513 447
is_linear=0
shrinkage=0.05


Tree=40
num_leaves=31
num_cat=0
split_feature=9 4 4 14 14 14 10 9 0 9 9 16 2 1 16 1 4 5 2 2 16 17 1 5 17 4 1 5 1 8
split_gain=14361.8 4189.41 1196.18 1047.17 965.725 881.896 725.84 1686.68 690.647 627.427 573.864 521.688 442.664 366.937 300.212 297.4 289.614 716.332 373.058 374.675 274.524 233.09 218.378 207.586 198.802 191.756 204.49 186.383 173.514 168.248
threshold=0.22474747474747478 0.75147058823529422 0.78319623971797903 1.0000000180025095e-35 1.0000000180025095e-35 0.75000000000000011 1.0000000180025095e-35 0.097167584579071611 0.88303693570451447 0.5590277777777779 0.039230769230769243 1.0000000180025095e-35 0.76388888888888895 0.86316136495083873 1.0000000180025095e-35 0.95557078971939668 0.95293466223698797 0.89898989898989912 0.88194444444444453 0.76388888888888895 1.0000000180025095e-35 0.66939890710382521 0.69169683683750194 0.89898989898989912 0.84924242424242435 0.9457002457002458 0.97275461380724548 0.41428571428571431 0.86875977332306753 0.46410162002945515
decision_type=2 2 2 2 2 2 2 2 2 2 2 2 2 2 2 2 2 2 2 2 2 2 2 2 2 2 2 2 2 2
left_child=1 13 9 10 8 6 12 29 16 20 -3 -9 14 -1 23 -12 -4 -18 19 -19 -2 27 -11 25 -21 26 -5 -15 -27 -8
right_child=2 3 4 5 -6 -7 7 11 -10 22 15 -13 -14 21 -16 -17 17 18 -20 24 -22 -23 -24 -25 -26 28 -28 -29 -30 -31
leaf_value=-0.046337638678880459 -0.0098449152281649566 -0.047868114380338667 0.010650061958584965 -0.0030646699255133395 0.055260064513169782 0.062848157115733813 -0.042145232233951557 -0.032170697774520314 0.054838314730690285 0.02459788725532791 -0.018399881975864837 0.034901302268982137 0.036004279138920341 0.080901959561378897 0.028389178935371007 0.028633546793739278 0.055979448651801794 0.018619761171382698 0.058096980140421452 -0.058653228839855381 0.030412366000237626 -0.022231011998167401 0.051917387765637424 -0.010477148895174093 0.012844218463472785 -0.11027533872117311 0.049921152924403696 -0.054072810901517214 0.026864167218259939 0.19144690060101147
leaf_weight=2920.0754130040295 1125.2224947353825 776.53120360150933 1636.7447786927223 1561.9687556652352 107690.38830083236 1315.9060281254351 1466.4007360697724 333.17320617078803 4263.1789079084992 1135.5417859852314 645.16518002888188 2232.8131218366325 6074.3170884698629 118.25662247790024 4185.0434184949845 701.59487417759374 2168.7264092937112 1524.5422349795699 436.52457363903522 283.6893696859479 679.03281656187028 362.99397414806299 2055.6903242617846 976.70797289162874 147.92065215855837 23.319121845066547 206.12187643349171 32.634698574896902 2114.8810571916401 7.7493158243596545
leaf_count=696735 25198 169215 2583 5316 29280 2986 199925 12693 1224 1446 34170 5047 4181 4600 5416 11914 580 1746 103 799 1341 36768 712 1873 173 113 92 3712 2285 20
internal_value=0.0457024 0.0119778 0.0528379 0.0197892 0.0538512 0.0232515 0.0205352 0.00170575 0.0393477 0.0288723 -0.0136359 0.0261925 0.025559 -0.0394811 0.0185622 0.00610219 0.028693 0.0351673 0.0163031 0.00697657 0.00530594 -0.000519923 0.0421962 0.0101398 -0.0341497 0.0152948 0.00311235 0.0517097 0.0253685 -0.0409173
internal_weight=149203 26055.7 123147 22621.7 118152 20498.4 19182.5 4040.14 10461.3 4995.49 2123.29 2565.99 15142.4 3433.96 9068.04 1346.76 6198.15 4561.4 2392.68 1956.15 1804.26 513.885 3191.23 4883 431.61 3906.29 1768.09 150.891 2138.2 1474.15
internal_count=1262246 1197061 65185 455246 36488 239947 236961 217685 7208 28697 215299 17740 19276 741815 15095 46084 5984 3401 2821 2718 26539 45080 2158 9679 972 7806 5408 8312 2398 199945
is_linear=0
shrinkage=0.05


Tree=41
num_leaves=31
num_cat=0
split_feature=9 4 4 14 14 10 9 3 16 10 2 5 4 1 9 6 16 6 1 6 6 14 1 2 17 17 6 3 8 5
split_gain=13937.8 3890.86 1209.49 991.92 988.933 1356.07 1999.33 748.41 642.927 602.084 423.768 421.416 619.783 362.496 325.939 307.571 274.918 254.572 269.844 246.09 243.25 226.861 232.868 214.252 208.787 195.021 224.199 194.89 192.061 188.711
threshold=0.22474747474747478 0.75147058823529422 0.78319623971797903 1.0000000180025095e-35 0.75000000000000011 1.0000000180025095e-35 0.097167584579071611 0.92718275008837059 1.0000000180025095e-35 0.82865035516969232 0.76388888888888895 0.81666666666666676 0.95713410900183715 0.81916013584117042 0.10762548262548265 1.0000000180025095e-35 1.0000000180025095e-35 0.75000000000000011 0.89333845366103437 1.0000000180025095e-35 1.0000000180025095e-35 1.0000000180025095e-35 0.65812065706876377 0.88194444444444453 0.94665718349928885 0.8426212590299279 0.75000000000000011 0.86240703177822864 0.40078740157480319 0.89898989898989912
decision_type=2 2 2 2 2 2 2 2 2 2 2 2 2 2 2 2 2 2 2 2 2 2 2 2 2 2 2 2 2 2
left_child=1 13 9 7 5 10 28 11 -8 15 16 12 19 -1 -15 -2 29 -13 -19 -4 -18 -11 -23 -20 27 26 -10 -21 -7 -3
right_child=2 4 3 -5 -6 6 8 -9 25 21 -12 17 -14 14 -16 -17 20 18 23 24 -22 22 -24 -25 -26 -27 -28 -29 -30 -31
leaf_value=-0.048339089921240939 -0.074192045860952169 0.014637514228007473 -0.026124719078209808 0.054835443725552227 0.061982445380658641 -0.038842984734023582 -0.029165810387803914 0.054162991463919757 0.025237606581000157 -0.0253117617409589 0.034954986367502557 0.023510079115685336 0.055365198406358042 -0.026484840646407434 0.051145041883698762 0.010305980478507398 -0.002380940396218903 0.044759366117725692 -0.035274606589406766 -0.0042662329779877594 0.032163351597016519 0.022591204818384045 0.053106734782377221 0.058914812429222654 0.048801648824361776 0.040253997457940741 -0.029081311983129222 0.04750764411010952 0.10289869382875494 -0.0099229016963591904
leaf_weight=2510.8277530239429 115.10719282738864 3879.0597468679771 303.15928376466036 103211.44476752728 1268.7695166254416 2494.610305123264 542.50026797293685 4350.3194231837988 916.40008725784719 122.85792448744178 5947.1022372841835 1168.8675973266363 2036.0413959994912 620.47494797059335 172.88862991263159 1672.2203324032016 594.91663937829435 166.52643755078316 623.3794931769371 693.05941432341933 3554.0887092184275 890.52791943401098 2098.2108147293329 66.850034520030022 519.98929673433304 1814.4458023686893 239.64045916683972 246.38093516975641 24.130460877437145 979.622199235484
leaf_count=651214 3893 7806 934 29280 2986 396787 26506 1310 3436 307 4181 1143 564 85672 4929 22664 1525 102 1497 1257 3891 1170 663 20 255 3960 1494 126 801 1873
internal_value=0.0450813 0.0115994 0.0523162 0.0533671 0.0191162 0.0165246 -0.00348825 0.0384723 0.0208868 0.0279921 0.0245965 0.0267525 0.0365738 -0.0390298 -0.00956785 0.00486415 0.0177575 0.00833461 -0.0123692 0.0148671 0.0272101 0.041277 0.0440143 -0.0261522 0.0233821 0.0300279 0.0139776 0.00931217 -0.037485 0.00968557
internal_weight=143844 25559.5 118285 113386 22255.3 20986.5 6031.73 10174.6 3512.99 4898.92 14954.8 5824.25 3798.63 3304.19 793.364 1787.33 9007.69 2025.62 856.756 1762.59 4149.01 3111.6 2988.74 690.23 1459.43 2970.49 1156.04 939.44 2518.74 4858.68
internal_count=1262246 1197061 65185 36488 455246 452260 432984 7208 35396 28697 19276 5898 3136 741815 90601 26557 15095 2762 1619 2572 5416 2140 1833 1517 1638 8890 4930 1383 397588 9679
is_linear=0
shrinkage=0.05


Tree=42
num_leaves=31
num_cat=0
split_feature=9 18 10 4 14 3 4 9 1 14 5 4 9 8 1 12 9 6 9 18 3 6 1 9 1 8 3 3 18 9
split_gain=13537.9 4072.01 1557.37 1223.39 1011.13 741.834 711.611 574.63 536.898 568.453 400.253 603.757 382.889 397.113 363.245 347.179 307.247 284.474 234.565 336.894 232.551 232.319 245.478 225.2 221.892 213.301 253.832 253.817 206.094 246.069
threshold=0.22474747474747478 0.53069073783359511 0.57544101704937434 0.78319623971797903 1.0000000180025095e-35 0.92718275008837059 0.9457002457002458 0.5590277777777779 0.94074345606603682 0.75000000000000011 0.81666666666666676 0.95713410900183715 0.10435571687840291 1.0000000180025095e-35 0.96605158730158747 1.0000000180025095e-35 0.043961352657004842 1.0000000180025095e-35 0.15504807692307696 0.28616924476797095 0.86240703177822864 0.75000000000000011 0.89333845366103437 0.080540540540540564 0.69169683683750194 0.21450482033304122 0.84561213434452875 0.83827375762859646 0.60889328063241122 0.11651583710407241
decision_type=2 2 2 2 2 2 2 2 2 2 2 2 2 2 2 2 2 2 2 2 2 2 2 2 2 2 2 2 2 2
left_child=1 6 8 7 5 10 14 15 28 23 11 20 13 -8 18 -2 -15 -4 19 -1 -5 -12 -23 -10 -9 26 27 -25 29 -3
right_child=3 2 17 4 -6 -7 12 24 9 -11 21 -13 -14 16 -16 -17 -18 -19 -20 -21 -22 22 -24 25 -26 -27 -28 -29 -30 -31
leaf_value=0.0029361371813963187 -0.015010933416786547 -0.043197840982821221 -0.083366765464419013 0.0028289428589796987 0.054429241220966131 0.053678135094448798 0.027368185682426334 0.022686296952318812 -0.043727299676673326 0.085472899173818437 0.022630686738563069 0.054759993845159366 0.049018935402185493 -0.042960206358461671 0.046727589947498399 0.029413462864592583 0.019596133568678578 0.03380684462869734 0.046073795259392897 -0.041828173120274814 0.043383109463286447 0.04348388462682766 -0.024718394876161127 0.073654551633083501 0.050762609686483252 -0.016154326950763617 0.024564565630991908 0.42624443592759492 -0.049776339810029629 0.034995997465456945
leaf_weight=3176.9232231141068 995.33819828671403 257.84053380438127 54.316492728656158 1249.8839926104993 98891.94459419325 4174.5866396203637 11692.269509362057 1114.9907127767801 557.47662260639481 142.26911707222462 1153.960608817637 1957.6058947741985 1922.8599450686015 364.38213767227717 471.50173486955464 787.9603547831066 425.47991574509069 1117.6436727731489 261.00790466740727 484.3962353754323 492.90229491144419 162.93282473087311 693.44757924228907 13.332393831573428 1907.8757142499089 550.8412949112244 140.75870936410502 8.2702961801551265 3277.5998570583761 164.99623524490744
leaf_count=26060 24696 64265 1835 2278 29280 1310 11242 1446 115172 60 1143 564 1351 24213 456 1843 5444 8244 1658 84981 294 102 1517 239 712 14201 3187 60 828391 6002
internal_value=0.0444726 0.0112284 -0.0236113 0.0518144 0.0529051 0.037658 0.022877 0.0271275 -0.0355266 -0.00930708 0.0259471 0.0357038 0.0282497 0.0250502 0.00526289 0.00461823 -0.00926259 0.0283762 0.000278431 -0.00298623 0.0142986 0.00798818 -0.0117424 -0.0199189 0.0404066 -0.00130907 0.0490562 0.208639 -0.0455381 -0.0126856
internal_weight=138668 25084.2 6285.35 113583 108777 9885.32 18798.8 4806.16 5113.39 1412.95 5710.73 3700.39 14405 12482.1 4393.83 1783.3 789.862 1171.96 3922.33 3661.32 1742.79 2010.34 856.38 1270.68 3022.87 713.203 162.361 21.6027 3700.44 422.837
internal_count=1262246 1197061 1041656 65185 36488 7208 155405 28697 1031577 132919 5898 3136 42250 40899 113155 26539 29657 10079 112699 111041 2572 2762 1619 132859 2158 17687 3486 299 898658 70267
is_linear=0
shrinkage=0.05


Tree=43
num_leaves=31
num_cat=0
split_feature=9 4 4 14 14 10 9 3 16 10 17 1 6 9 17 14 0 13 9 8 4 17 1 1 6 4 6 6 2 17
split_gain=13157.2 3435.95 1200.64 1023.67 977.981 1025.81 1855.6 736.072 697.581 524.685 412.249 366.769 279.677 271.959 221.771 218.022 239.802 217.756 197.481 251.283 188.671 240.271 192.471 184.396 193.342 184.124 288.284 287.505 266.721 232.127
threshold=0.24500000000000002 0.75147058823529422 0.78319623971797903 1.0000000180025095e-35 0.75000000000000011 1.0000000180025095e-35 0.097167584579071611 0.92718275008837059 1.0000000180025095e-35 0.82865035516969232 0.94519519519519524 0.81916013584117042 1.0000000180025095e-35 0.10762548262548265 0.48808848553601819 1.0000000180025095e-35 0.32037735849056609 1.0000000180025095e-35 0.039230769230769243 0.14325177584846097 0.95293466223698797 0.93582704186684984 0.97039821776663893 0.88608889842409122 1.0000000180025095e-35 0.95713410900183715 0.75000000000000011 1.0000000180025095e-35 0.68333333333333346 0.95505050505050526
decision_type=2 2 2 2 2 2 2 2 2 2 2 2 2 2 2 2 2 2 2 2 2 2 2 2 2 2 2 2 2 2
left_child=1 11 9 7 5 10 18 17 -8 12 14 -1 -2 -13 -3 -11 -17 25 -7 -20 21 22 -16 -12 -25 27 -27 -4 -28 -29
right_child=2 4 3 -5 -6 6 8 -9 -10 15 23 13 -14 -15 20 16 -18 -19 19 -21 -22 -23 -24 24 -26 26 28 29 -30 -31
leaf_value=-0.048152710688524634 -0.074258547454846682 -0.030029657163418946 -0.038030654725892614 0.054110461520690691 0.060204979981724797 -0.047010208678798709 -0.029427912400215014 0.053347736609751006 0.029501346311166556 -0.025816262474830827 -0.031621894759887192 -0.025182094009782663 0.0099459624450663735 0.043688892684426932 0.0010603000307352201 0.020585508486418286 0.052094299242125733 0.06206461171780886 0.042483147741033969 -0.029589351225391105 0.021490022968149509 -0.11919071815453086 0.051966146350029219 -0.0035155139127053085 0.0374391453544443 0.039189175632782597 0.03637254392118492 0.0039610873279226659 -0.010460007289819571 0.048905697042678886
leaf_weight=2307.175608725287 104.95097723999061 250.9107216252014 275.39138295128942 94333.330770842731 1302.8533749640919 1536.7293774150312 596.93201338266954 3979.1857926025987 3164.3176093897782 122.44285249337554 105.75094000250101 592.66363749047741 1632.4190622819588 189.06963902781717 1741.4874814068899 874.83734994381666 1949.4347156435251 373.40170263499022 147.48809233494103 671.82919910713099 6999.2969767525792 38.785976614803076 207.84292203187943 305.93912732228637 4963.8501928262413 2338.3068820238113 527.92803575843573 914.0738567635417 716.81496179848909 418.95711555331945
leaf_count=651953 3652 974 931 28951 3025 324855 26774 1289 9043 307 461 85672 22017 5054 5751 1136 697 71 2054 70679 7767 212 83 695 3333 1460 388 1430 1335 197
internal_value=0.0438692 0.011262 0.0514151 0.0525317 0.0181853 0.0155446 -0.00164616 0.0369269 0.0201489 0.026653 0.0227406 -0.0381238 0.00485934 -0.00852499 0.0163346 0.0395024 0.0423342 0.0251852 -0.0364404 -0.0166153 0.017629 0.00403617 0.00648802 0.0337497 0.0350615 0.0225326 0.0288415 0.00847837 0.0094029 0.0180867
internal_weight=133684 25122.9 108561 103877 22034 20731.2 6117.3 9544.06 3761.25 4684.08 14613.9 3088.91 1737.37 781.733 9238.32 2946.71 2824.27 5564.87 2356.05 819.317 8987.41 1988.12 1949.33 5375.54 5269.79 5191.47 3583.05 1608.42 1244.74 1333.03
internal_count=1262246 1198385 63861 36052 455706 452681 433405 7101 35817 27809 19276 742679 25669 90726 14787 2140 1833 5812 397588 72733 13813 6046 5834 4489 4028 5741 3183 2558 1723 1627
is_linear=0
shrinkage=0.05


Tree=44
num_leaves=31
num_cat=0
split_feature=9 4 8 14 1 14 3 17 9 8 14 4 5 6 6 6 4 17 17 0 6 1 8 4 2 2 17 0 3 1
split_gain=12786.2 3475.75 1217.36 1031.21 956.743 902.548 808.906 782.217 513.838 441.507 315.639 273.248 784.297 284.359 272.301 268.098 245.716 239.637 236.978 234.329 231.897 234.569 231.069 226.702 210.186 528.744 208.55 207.155 203.466 339.095
threshold=0.267948717948718 0.91331186258722508 0.069292885202968182 1.0000000180025095e-35 0.69169683683750194 0.75000000000000011 0.91331186258722508 0.89528508771929838 0.11651583710407241 0.28936494127881696 1.0000000180025095e-35 0.95713410900183715 0.89898989898989912 1.0000000180025095e-35 1.0000000180025095e-35 1.0000000180025095e-35 0.7701575532900834 0.95505050505050526 0.48808848553601819 0.89564428312159727 0.75000000000000011 0.89333845366103437 0.53589837997054501 0.25158227848101272 0.61250000000000016 0.40833333333333338 0.44543650793650796 0.27718676122931446 0.88273491214667699 0.89600260126347087
decision_type=2 2 2 2 2 2 2 2 2 2 2 2 2 2 2 2 2 2 2 2 2 2 2 2 2 2 2 2 2 2
left_child=1 2 15 6 16 7 11 10 -4 -10 -3 13 -13 -2 28 -1 23 -15 -12 -20 24 -22 -23 -5 25 -14 -25 -28 29 -9
right_child=3 5 8 4 -6 -7 -8 14 9 -11 18 12 20 17 -16 -17 -18 -19 19 -21 21 22 -24 26 -26 -27 27 -29 -30 -31
leaf_value=-0.032601704927424591 -0.040546252098728003 -0.016320474071803419 -0.047691692067936796 0.031794893370412684 0.053656279913616878 0.05927827187575372 0.052402641912811937 0.081636226414186497 0.020182367612096155 -0.034679243922050539 -0.026164158421372929 0.0551867037051086 0.11519283674709445 0.002392773058170177 0.033352151843313249 0.013945968936814275 0.052961360816512905 0.045739340820193514 0.018827036082735546 -0.0038303761225368864 0.043544531379762774 0.016380735507253382 -0.048845253466560157 0.046966485858184887 0.028229317932456519 -0.2273796286442975 -0.036239671520123216 0.015070441211873712 0.018603808144754153 -0.093834888829459659
leaf_weight=355.23144332226366 270.4278017943725 1000.61454835115 2734.582023846684 799.34241906227544 90975.298315837979 1587.4374915156513 3950.5643699169159 35.779197062598541 639.70771520654671 859.38460016367026 363.56221292843111 1677.7393909394741 19.652264773845673 1093.121120614931 7824.8185316657182 2394.5720069755334 463.40092390775681 450.1518058590591 6902.8379185006488 1367.1762267320883 145.51326428353786 203.71027013659477 407.19023057818413 165.5882846750319 953.26393301039934 26.387924909591675 467.17752392077819 339.77983346581459 266.76642894605175 119.45880848262459
leaf_count=5247 1011 92932 795515 1693 29300 518 1342 395 33744 75444 11393 454 3 2007 83610 14717 159 272 74627 19241 89 284 1110 504 794 154 5183 1129 2830 6545
internal_value=0.0432815 0.0122915 -0.0179703 0.0512861 0.0528622 0.0231467 0.0353138 0.019939 -0.0347946 -0.0112681 0.0102635 0.0224478 0.0307406 0.00674886 0.0312422 0.00793274 0.0205453 0.0150364 0.0133445 0.0150814 0.00738025 -0.0135059 -0.0270951 0.0120676 0.0231899 -0.0811525 -0.00414647 -0.0146349 -0.00788061 -0.0533924
internal_weight=128860 26451.9 6983.48 102408 93210.6 19468.5 9197.72 17881 4233.67 1499.09 9634.19 5247.16 3433.46 1813.7 8246.82 2749.8 2235.29 1543.27 8633.58 8270.01 1755.72 756.414 610.901 1771.89 999.304 46.0402 972.546 806.957 422.004 155.238
internal_count=1262246 1216758 924667 45488 37968 292091 7520 291573 904703 109188 198193 6178 2888 3290 93380 19964 8668 2279 105261 93868 2434 1483 1394 8509 951 157 6816 6312 9770 6940
is_linear=0
shrinkage=0.05


Tree=45
num_leaves=31
num_cat=0
split_feature=9 4 14 18 14 10 1 18 0 9 17 18 12 4 9 6 1 2 1 6 17 17 6 2 2 0 6 4 18 9
split_gain=12526.5 3191.59 1078.68 1468.09 1044.5 995.348 963.827 826.854 750.321 531.757 536.455 497.637 414.761 351.781 297.986 276.99 241.291 239.385 232.408 215.256 248.181 212.742 193.477 217.285 379.213 191.937 183.218 182.141 199.825 179.677
threshold=0.267948717948718 0.81120250685468098 0.75000000000000011 0.60075187969924826 1.0000000180025095e-35 0.63798951588035779 0.69169683683750194 0.41417129878668346 0.88303693570451447 0.15075757575757578 0.89009661835748799 0.22684744000693063 1.0000000180025095e-35 0.95293466223698797 0.10762548262548265 1.0000000180025095e-35 0.88608889842409122 0.36931818181818188 0.85519679624538958 1.0000000180025095e-35 0.94665718349928885 0.38138528138528144 0.75000000000000011 0.88194444444444453 0.78888888888888908 0.77167919799498763 1.0000000180025095e-35 0.22378716744913932 0.76950747094631999 0.8047619047619049
decision_type=2 2 2 2 2 2 2 2 2 2 2 2 2 2 2 2 2 2 2 2 2 2 2 2 2 2 2 2 2 2
left_child=1 7 3 9 8 12 17 14 13 10 11 -3 -5 19 18 -12 -17 21 -1 29 -21 -6 -15 24 -24 -9 -20 -23 -29 -2
right_child=4 2 -4 5 6 -7 -8 25 -10 -11 15 -13 -14 22 -16 16 -18 -19 26 20 -22 27 23 -25 -26 -27 -28 28 -30 -31
leaf_value=-0.044962299785606279 -0.051710137499685671 0.013879752528165361 0.058132537253513965 -0.037036719646811898 0.047512831518166675 0.03553161749769139 0.053296035382467792 -0.046027737092530011 0.05334089126351315 0.047687480346139344 -0.0083621672541121534 -0.031824761171733877 0.018710481389487513 0.040440222869757 0.066381405512126387 -0.031354779352037503 0.03300402724849303 0.053532968030917706 -0.056248254844730089 -0.0017839979345682421 0.042246849206168058 0.028708751836904557 0.023812637866944361 0.056897212002130673 -0.043031020521523425 0.075535875147438036 0.017507369896504279 -0.065277470294388185 0.00012385622845866633 0.063777053879537804
leaf_weight=272.1793621876277 239.93154919985682 7377.2189895948395 1653.026358531788 2223.2548271052074 337.17432727944106 784.81564198993146 87108.558922767639 2719.3074909730349 3331.793055601418 1817.9342556726187 464.06576634384692 647.87585522560403 392.56358219962567 2420.1817818507552 168.92697837972082 148.93507272913121 6572.5624062002171 424.84638655930758 95.779219396645203 992.68099784292281 472.29700564686209 475.99444223381579 887.5320598334074 279.77442972362041 278.84048537909985 32.863121367525309 696.5444099274464 135.92856788169593 829.62562296446413 39.179072417318821
leaf_count=35975 997 12749 1011 304906 537 694 29300 770952 1098 1202 5767 47155 4431 1407 1454 2275 18486 136 3039 1939 325 895 943 73 722 1164 5498 1823 5277 16
internal_value=0.0426637 0.0118508 0.0192835 0.01614 0.0508387 -0.0138537 0.0524699 -0.0293301 0.0345464 0.0221298 0.0190752 0.01019 -0.0286706 0.0233852 0.00468859 0.0289985 0.031578 0.0198125 -0.0051015 0.004744 0.0124112 0.0117584 0.0317942 0.0173247 0.00783257 -0.0445762 0.0085915 0.00339558 -0.0090832 -0.0354991
internal_weight=124322 26067.9 22082.3 20429.2 98254.3 3400.63 89312.1 3985.6 8942.21 17028.6 15210.7 8025.09 2615.82 5610.42 1233.43 7185.56 6721.5 2203.57 1064.5 1744.09 1464.98 1778.72 3866.33 1446.15 1166.37 2752.17 792.324 1441.55 965.554 279.111
internal_count=1262246 1216758 398676 397665 45488 310031 37968 818082 7520 87634 86432 59904 309337 6422 45966 26528 20761 8668 44512 3277 2264 8532 3145 1738 1665 772116 8537 7995 7100 1013
is_linear=0
shrinkage=0.05


Tree=46
num_leaves=31
num_cat=0
split_feature=9 4 18 14 14 4 18 10 0 9 17 16 16 4 9 18 0 4 9 6 6 2 10 17 6 6 9 6 17 6
split_gain=12202.2 3091.51 1546.78 1023.09 899.57 896.592 829.137 786.612 721.45 461.711 475.911 446.233 343.788 323.378 318.377 315.647 280.047 324.057 263.005 258.81 262.609 223.396 260.631 204.2 195.821 195.683 231.415 185.634 184.756 181.893
threshold=0.27429467084639503 0.91331186258722508 0.44749373433583967 1.0000000180025095e-35 0.75000000000000011 0.68208556149732635 0.57637088733798614 0.63798951588035779 0.88303693570451447 0.15504807692307696 0.89009661835748799 1.0000000180025095e-35 1.0000000180025095e-35 0.95293466223698797 0.080540540540540564 0.22684744000693063 0.31296641791044782 0.25158227848101272 0.10762548262548265 1.0000000180025095e-35 0.75000000000000011 0.07417582417582419 0.80104166666666687 0.66939890710382521 1.0000000180025095e-35 0.75000000000000011 0.73030303030303034 1.0000000180025095e-35 0.84409722222222239 0.75000000000000011
decision_type=2 2 2 2 2 2 2 2 2 2 2 2 2 2 2 2 2 2 2 2 2 2 2 2 2 2 2 2 2 2
left_child=1 2 19 8 6 16 9 11 13 10 15 -8 -4 25 -13 -3 17 -5 -14 -1 -21 -18 -23 -19 -20 26 -2 -12 -16 -15
right_child=3 4 12 5 -6 -7 7 -9 -10 -11 27 14 18 29 28 -17 21 23 24 20 -22 22 -24 -25 -26 -27 -28 -29 -30 -31
leaf_value=-0.025484419363281403 -0.01865098448111312 0.014804500697172575 -0.051411684096635879 0.030470977270731919 0.058017661926225907 0.05306267904289648 -0.046624522750355266 0.039501163410876658 0.05302673100658626 0.049750435602863262 -0.0069551435095955658 -0.044632836581187635 -0.04602358885139303 0.039777671951632676 -0.016512736048458567 -0.025060940613780641 0.05744420519812829 0.0056098942046222521 -0.065616032467929561 0.023776975688536969 -0.0081865191880910286 -0.041984386877467049 0.039103403125408269 -0.051119668457567852 0.017337493922873305 0.026939182997889801 0.043773990773384473 0.032867887629767625 0.02785351928819731 0.017094371747414027
leaf_weight=525.70322227641009 884.86869476828724 6449.6682856860571 2390.424142396776 788.40750539209694 1589.6450328407809 82561.141055737622 919.1721151471138 743.67791776359081 3174.6399759054184 1520.6054579745978 308.22645347123034 324.59428195259534 435.30604222672991 2343.1267605349422 362.89599845418707 537.94723707647063 781.00633463310078 398.38926533702761 83.071377146057785 1855.7188055228908 982.98966044234112 144.89224941283464 313.52069450169802 263.57438016217202 495.435052937828 632.80821846984327 178.3920987918973 5785.7484769725706 664.03945608832873 1418.9932553321123
leaf_count=21709 2239 9489 723207 1581 558 28823 154964 529 1088 762 2435 71625 123623 1390 4635 29268 341 2305 2021 33024 13493 617 203 3385 8337 754 141 14496 3488 1716
internal_value=0.0420848 0.0117547 -0.0173022 0.0504762 0.0219949 0.0521372 0.0187443 -0.00513006 0.0340739 0.0236728 0.0206415 -0.0197472 -0.0410639 0.0230504 -0.00146807 0.0117354 0.0237288 0.00881473 -0.0166654 0.00674081 0.0127086 0.0411812 0.0134737 -0.0169781 0.00542568 0.00492468 -0.00817743 0.0308537 0.0121755 0.031222
internal_weight=119859 25974.9 6768.65 93883.8 19206.2 85250.9 17616.6 3014.38 8632.83 14602.2 13081.6 2270.7 3404.24 5458.19 1351.53 6987.62 2689.79 1450.37 1013.81 3364.41 2838.71 1239.42 458.413 661.964 578.506 1696.07 1063.26 6093.97 1026.94 3762.12
internal_count=1262246 1217663 925414 44583 292249 37255 291691 235241 7328 56450 55688 234712 857188 6240 79748 38757 8432 7271 133981 68226 46517 1161 820 5690 10358 3134 2380 16931 8123 3106
is_linear=0
shrinkage=0.05


Tree=47
num_leaves=31
num_cat=0
split_feature=9 4 8 4 6 16 10 16 9 9 1 9 17 0 5 3 5 6 13 2 2 1 9 2 1 0 4 6 17 5
split_gain=11881 2847.14 1019.65 1014.63 974.95 851.256 755.142 727.687 548.33 462.826 440.432 438.419 375.429 403.842 278.87 269.524 326.81 476.384 464.454 453.689 600.692 277.928 268.886 245.279 240.824 235.703 234.358 308.156 274.052 230.401
threshold=0.27429467084639503 0.91331186258722508 0.069292885202968182 0.86706827309236967 1.0000000180025095e-35 1.0000000180025095e-35 1.0000000180025095e-35 1.0000000180025095e-35 0.080540540540540564 0.17519181585677754 0.7500426742532007 0.17752100840336138 0.79449472096530926 0.84698996655518399 0.64583333333333337 0.90443574690150041 0.81666666666666676 0.75000000000000011 1.0000000180025095e-35 0.88194444444444453 0.78888888888888908 0.93584259259259273 0.71714285714285719 0.76388888888888895 0.88608889842409122 0.63714733542319768 0.95040983606557383 1.0000000180025095e-35 0.72046511627906984 0.89898989898989912
decision_type=2 2 2 2 2 2 2 2 2 2 2 2 2 2 2 2 2 2 2 2 2 2 2 2 2 2 2 2 2 2
left_child=1 2 -1 4 14 6 23 -4 -9 12 -6 -8 13 -7 25 16 26 -18 19 20 24 22 -22 29 -19 -2 27 28 -5 -3
right_child=3 5 7 15 10 9 11 8 -10 -11 -12 -13 -14 -15 -16 -17 17 18 -20 -21 21 -23 -24 -25 -26 -27 -28 -29 -30 -31
leaf_value=0.0066458758018068387 -0.070204936187080097 0.014626697479554774 -0.049695094156017083 -0.24686962056528183 0.016365473882599374 0.013656841059468973 -0.051231841823469328 -0.05043446864921082 0.016032834965665654 0.045875535552912065 0.043879439231606115 0.0074206206955105079 0.031152305970575764 -0.062684581707662321 -0.12064315471144232 0.053976682132679921 0.047399481408382953 0.048236597468677853 0.053359186275871821 0.054209133965371407 -0.087394147658982596 -0.023860158628703082 -0.28568685080115713 0.026479040195502443 -0.0015805084858857223 0.027303270082462978 0.054156495781216021 0.045983662880424034 0.0098371253311100824 -0.014427587030740999
leaf_weight=2726.858298356412 122.79033309640363 2401.7109863497317 2464.5346014439128 10.623754702508448 1972.6999188903719 2580.2952747989912 753.27549028932117 453.21731162047945 983.90235572448 3229.2129912599921 5536.9572202004492 552.14562030835077 5444.9387884412427 185.70034561539069 97.9342250674963 50021.372035272419 7216.6501858755946 349.83969505131245 871.63308348506689 435.98307912051678 123.18691372871399 202.38904002308846 19.850904926657677 2768.2843118607998 791.36881648749113 125.13582790642977 17492.856028258801 4190.6170515939593 486.62152256816626 953.13793833181262
leaf_count=19964 1317 3210 755358 80 7280 50755 169698 120633 29459 1558 3352 1789 54892 6110 498 17023 3372 165 310 147 418 435 144 2364 1237 140 5819 2098 748 1873
internal_value=0.0415098 0.0113782 -0.0168116 0.0500396 0.0328716 0.0212811 0.00810181 -0.033206 -0.00492863 0.029839 0.0366518 -0.026424 0.0235321 0.00853152 -0.0492076 0.05168 0.0481114 0.0406125 0.0230839 0.00935837 -0.00379493 -0.0615644 -0.114913 0.0154625 0.013691 -0.0209896 0.0514959 0.0415678 0.00435253 0.00637216
internal_weight=115566 25497.2 6628.51 90068.5 7855.52 18868.7 7428.55 3901.65 1437.12 11440.1 7509.66 1305.42 8210.93 2766 345.86 82213 32191.6 10010.9 2794.25 1922.62 1486.64 345.427 143.038 6123.13 1141.21 247.926 22180.7 4687.86 497.245 3354.85
internal_count=1262246 1217663 925414 44583 12587 292249 178934 905450 150092 113315 10632 171487 111757 56865 1955 31996 14973 6228 2856 2546 2399 997 562 7447 1402 1457 8745 2926 828 5083
is_linear=0
shrinkage=0.05


Tree=48
num_leaves=31
num_cat=0
split_feature=10 2 14 14 3 1 3 17 5 6 2 3 2 0 5 6 3 5 6 17 5 3 17 3 6 2 2 1 3 2
split_gain=10572.4 2803.18 1250.24 1240.99 943.628 791.368 772.287 686.027 376.245 349.611 323.475 304.853 301.695 301.142 218.795 244.102 438.102 213.416 207.577 203.7 199.864 239.921 234.38 172.212 161.437 350.085 277.941 222.399 161.277 159.005
threshold=0.61985915492957766 0.44949494949494956 0.75000000000000011 1.0000000180025095e-35 0.92718275008837059 0.69169683683750194 0.74862637362637374 0.88516483516483524 0.81666666666666676 1.0000000180025095e-35 0.61250000000000016 0.87895437895437911 0.63068181818181823 0.68469785575048736 0.69047619047619058 0.75000000000000011 0.77836257309941537 0.89898989898989912 1.0000000180025095e-35 0.54631217838765023 0.46428571428571436 0.24316334072431636 0.70659971305595415 0.6831300813008131 0.75000000000000011 0.61250000000000016 0.40833333333333338 0.87802930429053672 0.75123762376237635 0.88194444444444453
decision_type=2 2 2 2 2 2 2 2 2 2 2 2 2 2 2 2 2 2 2 2 2 2 2 2 2 2 2 2 2 2
left_child=1 6 7 4 8 20 13 10 12 11 14 28 18 -1 -3 16 -16 -12 -2 -17 21 -5 -23 -15 25 26 -10 -26 -9 -29
right_child=3 2 -4 5 -6 -7 -8 9 24 -11 17 -13 -14 23 15 19 -18 -19 -20 -21 -22 22 -24 -25 27 -27 -28 29 -30 -31
leaf_value=-0.034337201842671632 -0.027135602883078782 0.0046045802165376763 0.056383232483129611 0.032590014628773721 0.052472825441490005 0.052375697287531699 0.015464865045591964 0.0074625568037613834 0.092734999804765919 0.029289293066234817 0.022623952578190751 0.024242082496863188 0.046108634992301813 0.054779859484923366 -0.046033822447908254 0.020799025106783636 0.034840491181831461 0.0053185395940577732 0.021631452731032813 -0.073492005841830771 0.047062243624367464 0.011143572042765299 -0.047226452127018585 -0.05572112298719159 0.045197561165558821 0.019274188065752804 -0.21014544431973317 -0.035110476440750327 -0.066948629160237069 0.054567475750892526
leaf_weight=3641.5823251204565 248.8924148757942 1604.4895009049214 2268.3591589871794 644.75628959946334 3239.4147618561983 74486.808622719254 1160.8691153165419 108.62971723964438 10.192767485976217 8933.8547186902724 3339.5004337776918 357.71724777529016 1356.5327217318118 151.5003031254746 342.2393124520313 69.969604392303154 327.88131924159825 3818.8829984576441 1769.8304139073007 315.78840451105498 494.96112627163529 502.70859120390378 261.41319060069509 45.954233814496547 121.87214083969593 941.16189849004149 29.486241307109594 632.36313047446311 220.87863152706996 53.619842492043972
leaf_count=822275 964 43884 970 1100 1222 28686 44497 6795 2 104607 50261 3510 669 3514 19309 1652 6424 75569 2194 17756 268 2445 2912 4258 68 934 165 1545 13773 18
internal_value=0.0409151 0.0134819 0.0212559 0.0495559 0.0313184 0.0515621 -0.0202705 0.017157 0.0180479 0.0266458 0.00785924 -0.00771952 0.0278729 -0.0310763 -0.00702747 -0.0247033 -0.00646307 0.0133918 0.0156189 -0.0563893 0.0197301 0.0101279 -0.00882536 0.0290626 -0.000491637 0.0131407 -0.132341 -0.0170431 -0.0424173 -0.0281008
internal_weight=111502 26708.1 21708.2 84794 8403.37 76390.6 4999.91 19439.8 5163.95 9621.08 9818.75 687.226 3375.26 3839.04 2660.37 1055.88 670.121 7158.38 2018.72 385.758 1903.84 1408.88 764.122 197.455 1788.7 980.841 39.679 807.855 329.508 685.983
internal_count=1262246 1219054 344510 43192 7781 35411 874544 343540 6559 128685 214855 24078 3827 830047 89025 45141 25733 125830 3158 19408 6725 6457 5357 7772 2732 1101 167 1631 20568 1563
is_linear=0
shrinkage=0.05


Tree=49
num_leaves=31
num_cat=0
split_feature=9 4 18 14 1 14 3 18 10 9 17 12 18 5 4 3 5 1 6 6 1 5 9 12 9 3 1 17 6 17
split_gain=11443.2 2435.96 1396.72 1111.9 948.718 854.136 774.246 765.836 679.645 446.791 400.942 380.911 279.945 271.453 695.601 251.96 250.647 236.045 228.789 245.124 295.996 194.546 186.366 184.22 183.651 248.347 180.044 165.624 164.346 170.011
threshold=0.27429467084639503 0.91331186258722508 0.44749373433583967 1.0000000180025095e-35 0.708026387193054 0.75000000000000011 0.92718275008837059 0.57637088733798614 0.63798951588035779 0.15504807692307696 0.89009661835748799 1.0000000180025095e-35 0.22684744000693063 0.81666666666666676 0.95713410900183715 0.86240703177822864 0.64583333333333337 0.95000948766603421 1.0000000180025095e-35 0.75000000000000011 0.93252124695228156 0.89898989898989912 0.73030303030303034 1.0000000180025095e-35 0.097167584579071611 0.74862637362637374 0.92832157775102275 0.48808848553601819 1.0000000180025095e-35 0.94665718349928885
decision_type=2 2 2 2 2 2 2 2 2 2 2 2 2 2 2 2 2 2 2 2 2 2 2 2 2 2 2 2 2 2
left_child=1 2 18 6 16 7 13 9 11 10 12 -9 21 14 15 22 23 -4 -1 24 -21 -3 -2 -5 25 26 -20 -23 29 -12
right_child=3 5 17 4 -6 -7 -8 8 -10 -11 28 -13 -14 -15 -16 -17 -18 -19 19 20 -22 27 -24 -25 -26 -27 -28 -29 -30 -31
leaf_value=-0.02444431890692627 -0.011186600835365731 0.021208408016452504 -0.042872876514668423 -0.0086087717215788968 0.052074757568862096 0.056936981094375817 0.051672462102061417 -0.029880959950235059 0.036561802421469336 0.048164003067132907 -0.1239326147364084 0.026009914738192353 -0.024675036341027232 0.0035872285456076619 0.053410460751535493 0.040915003760960245 0.052271114771690753 0.038876675318322396 0.0016363445220746538 -0.026982884308981006 0.032482782085549486 -0.079225120118861472 0.043166458021129971 0.02394703382291051 0.062706652507158081 0.038206447098658329 -0.16376819076248517 0.0053556020426292431 0.030096753491453007 0.0043502174283096707
leaf_weight=510.02174382191151 1157.2583717191592 3442.9940468338318 2978.8970280480571 727.53844056837261 72728.241721026599 1421.2076881704852 2955.9475818276405 1823.0721486913972 684.05017934925854 1402.4706582091749 28.50239673233591 366.05748614412732 529.39838311774656 1761.1134870424867 1466.5808797106147 412.38266436755657 457.37335389479995 90.997966039227322 848.90219894307666 667.19821439264342 304.89073959458619 59.081898707896471 182.59352120012045 1078.9334508953616 248.36028959951364 717.84235559822991 16.777346254326403 2842.5139788780361 5486.3331147653516 275.18046116456389
leaf_count=21709 2717 4763 853880 6463 28975 558 1166 231528 529 762 581 3184 29268 2572 469 260 172 3308 29220 13097 396 334 144 1645 1846 1846 112 4392 14496 1854
internal_value=0.0402952 0.0104551 -0.0161502 0.0491991 0.0510825 0.0197055 0.0314015 0.0165818 -0.00694141 0.0213866 0.0184212 -0.0205351 0.0102561 0.0193692 0.0280039 0.00673926 0.0192069 -0.0404497 0.00635945 0.0119624 -0.00833178 0.0131708 -0.00377943 0.0108355 0.0227316 0.0164619 -0.00156929 0.00363338 0.0281149 -0.00768987
internal_weight=107673 24744.8 6383.89 82928 74992.1 18360.9 7935.88 16939.7 2873.18 14066.5 12664 2189.13 6873.99 4979.93 3218.82 1752.23 2263.85 3069.89 3313.99 2803.97 972.089 6344.59 1339.85 1806.47 1831.88 1583.52 865.68 2901.6 5790.02 303.683
internal_count=1262246 1217663 925414 44583 37255 292249 7328 291691 235241 56450 55688 234712 38757 6162 3590 3121 8280 857188 68226 46517 13493 9489 2861 8108 33024 31178 29332 4726 16931 2435
is_linear=0
shrinkage=0.05


Tree=50
num_leaves=31
num_cat=0
split_feature=9 2 4 1 18 6 10 9 10 1 9 18 3 5 6 13 2 2 4 6 5 1 9 9 9 1 12 3 1 12
split_gain=11143.1 2260.31 1089.67 923.343 939.328 916.814 503.048 439.578 566.344 409.119 393.45 543.167 300.632 345.94 481.328 457.286 431.17 526.46 259.974 308.676 251.221 244.132 238.979 232.189 227.802 227.162 223.616 220.63 271.279 205.916
threshold=0.27429467084639503 0.17424242424242428 0.86706827309236967 0.9368501714055254 0.60889328063241122 1.0000000180025095e-35 0.66885964912280715 0.080540540540540564 1.0000000180025095e-35 0.7500426742532007 0.17752100840336138 0.44749373433583967 0.90443574690150041 0.81666666666666676 0.75000000000000011 1.0000000180025095e-35 0.88194444444444453 0.78888888888888908 0.95040983606557383 1.0000000180025095e-35 0.64583333333333337 0.93584259259259273 0.069366479550922219 0.46410256410256417 0.73508771929824568 0.88608889842409122 1.0000000180025095e-35 0.80735492577597856 0.87543668954996201 1.0000000180025095e-35
decision_type=2 2 2 2 2 2 2 2 2 2 2 2 2 2 2 2 2 2 2 2 2 2 2 2 2 2 2 2 2 2
left_child=1 -1 5 4 7 20 26 8 -3 29 11 -5 13 18 -15 16 17 25 19 24 -2 27 -13 -11 -4 -16 -6 -19 -29 -7
right_child=2 3 12 10 6 9 -8 -9 -10 23 -12 22 -14 14 15 -17 -18 21 -20 -21 -22 -23 -24 -25 -26 -27 -28 28 -30 -31
leaf_value=-0.043478132605539094 -0.023436414854750755 0.009376306438899619 -0.030345054378586263 0.023168317261435836 -0.046546360861674282 -0.0061499200468409752 0.02643474888336151 0.037792650002106937 -0.051109508223951196 0.019296878721455295 0.040907271871546379 -0.036980080403504603 0.053230699655317792 0.045826755256424323 0.046506159373508937 0.052531738304510966 0.053259684769640797 0.014167191494326749 0.053391647609352534 0.044146051541633355 -0.11983340386055288 -0.024354010902067336 0.005966525854048629 0.046918418958518372 0.039894390554096382 -0.0040173428903180824 0.0051679904347808215 0.02417477411821951 -0.1764896022947065 0.027513160425057571
leaf_weight=1820.5603092554957 234.30625658715144 5689.8911348977126 258.39592071995139 9255.4978422005661 1435.5115623897873 739.3774555856362 355.73519312590361 1251.3332748329267 415.24560524406843 937.38440545089543 2489.3736699251458 527.22012833459303 43795.71239400655 6428.9503086656332 315.38527138531208 767.02877756208181 385.88509844988585 28.669121921062469 15330.711471769959 3738.7374571412802 94.987951498478651 197.65995968878269 840.04253340442665 4039.4028913006186 208.64144495129585 755.23538954555988 244.66307784290984 20.482584811747074 94.782301388680935 1178.1277789641172
leaf_count=636477 1457 15702 682 17487 310591 5722 414 7644 73213 1290 2113 125977 17023 3372 165 310 147 40 5819 2098 498 435 22904 2062 146 1237 5141 19 503 1558
internal_value=0.0397237 0.0101088 0.0487795 0.0144439 0.0024774 0.0302625 -0.0275796 0.0107957 0.00526232 0.0341555 0.0230156 0.0188228 0.0506289 0.0466349 0.0385205 0.0202088 0.00642059 -0.00637811 0.0503706 0.0393585 -0.051243 -0.0604243 -0.0105938 0.0417159 0.00103329 0.010866 -0.0390158 -0.109959 -0.140832 0.0145329
internal_weight=103875 24325.1 79549.9 22504.5 9392.38 7223.59 2035.91 7356.47 6105.14 6894.29 13112.1 10622.8 72326.3 28530.6 8994.08 2565.13 1798.1 1412.21 19536.5 4205.77 329.294 341.594 1367.26 4976.79 467.037 1070.62 1680.17 143.934 115.265 1917.51
internal_count=1262246 1217663 44583 581186 412705 12587 316146 96559 88915 10632 168481 166368 31996 14973 6228 2856 2546 2399 8745 2926 1955 997 148881 3352 828 1402 315732 562 522 7280
is_linear=0
shrinkage=0.05


Tree=51
num_leaves=31
num_cat=0
split_feature=9 4 18 14 1 14 3 17 18 10 9 16 10 18 5 4 10 16 3 1 9 10 2 17 5 9 2 4 14 9
split_gain=10870.9 2214.51 1286.07 1174.94 928.357 852.631 778.242 578.508 564.158 389.743 366.211 292.276 331.851 287.22 265.008 676.588 254.625 236.352 235.086 230.791 200.186 247.584 190.234 184.886 171.168 170.688 167.07 161.757 255.28 189.51
threshold=0.28869047619047622 0.91331186258722508 0.60889328063241122 1.0000000180025095e-35 0.69169683683750194 0.75000000000000011 0.92718275008837059 0.89528508771929838 0.59581754590498404 0.66885964912280715 0.14907407407407411 1.0000000180025095e-35 1.0000000180025095e-35 0.22684744000693063 0.81666666666666676 0.95713410900183715 0.66885964912280715 1.0000000180025095e-35 0.86240703177822864 0.88381521796705353 0.080540540540540564 1.0000000180025095e-35 0.36931818181818188 0.38138528138528144 0.89898989898989912 0.73030303030303034 0.61250000000000016 0.89512961508248245 0.75000000000000011 0.36602870813397131
decision_type=2 2 2 2 2 2 2 2 2 2 2 2 2 2 2 2 2 2 2 2 2 2 2 2 2 2 2 2 2 2
left_child=1 2 17 6 22 7 14 8 10 -10 13 12 -9 24 15 18 -4 19 25 -1 21 -19 23 -5 -3 -2 -26 28 29 -6
right_child=3 5 16 4 27 -7 -8 11 9 -11 -12 -13 -14 -15 -16 -17 -18 20 -20 -21 -22 -23 -24 -25 26 -27 -28 -29 -30 -31
leaf_value=-0.032856472202619655 -0.012150049691014429 0.019513614821330925 -0.048065171023309622 0.044528316394831652 -0.032070657142875179 0.056117960227950098 0.051025614739267082 0.020844560867594262 -0.033389369325886216 0.029108617367266588 0.043077662743184593 0.034081251473916309 -0.026359537282649628 -0.027052787994376333 0.0015007638462295474 0.052759441385286737 0.01223373494084512 0.01351286316688222 0.039281512876804328 0.0035709103144085704 0.042152174497687683 -0.050784554753507606 0.051416827629168931 0.0017147333736153667 -0.03479787055046122 0.040776669410802463 0.0068048536194250317 0.052331948523324893 0.050277042140365436 0.03216858675214173
leaf_weight=681.7321439657826 1126.7987675881013 3411.5595581149682 2293.5707236628514 310.95095176342875 123.5659104436636 1423.7638033716939 2696.6253692507744 2546.7128501459956 1202.773018225329 314.7248258292675 890.4403829863295 4550.7064216367435 436.08092726860195 511.40071604284458 1691.1572013273835 1339.137766726315 189.54272497491911 1197.391543907579 389.38888634741306 1200.5037619061768 510.86631017178297 171.11376803810708 329.79939872771502 1333.7703922945075 265.332505017519 176.14650377631187 2666.7241649059579 60331.27611612156 4327.6779225170612 1619.7534921690822
leaf_count=113052 2673 4795 754016 451 269 599 1160 2470 154628 284 639 35346 55696 33247 2553 462 700 5405 258 13061 3677 36474 133 6744 868 144 3920 25317 1927 1278
internal_value=0.0391401 0.0101608 -0.0155347 0.0484939 0.0505445 0.0189675 0.0295953 0.0158185 0.00745012 -0.0204275 0.0129119 0.0261079 0.0139434 0.00899352 0.0173585 0.0262051 -0.0434624 0.00290088 0.0051927 -0.00962282 0.0154437 0.00547331 0.0167587 0.00980907 0.0118994 -0.00499483 0.00304007 0.0515491 0.0437696 0.0276153
internal_weight=100261 24464.9 6244.72 75796 68376.8 18220.2 7419.25 16796.5 9262.96 1517.5 7745.46 7533.5 2982.79 6855.02 4722.63 3031.47 2483.11 3761.61 1692.33 1882.24 1879.37 1368.51 1974.52 1644.72 6343.62 1302.95 2932.06 66402.3 6071 1743.32
internal_count=1262246 1218877 926385 43369 36119 292492 7250 291893 198381 154912 43469 93512 58166 42830 6090 3537 754716 171669 3075 126113 45556 41879 7328 7195 9583 2817 4788 28791 3474 1547
is_linear=0
shrinkage=0.05


Tree=52
num_leaves=31
num_cat=0
split_feature=10 4 4 6 18 12 18 17 1 0 10 0 5 13 2 6 1 2 2 1 6 5 1 17 10 4 0 1 1 18
split_gain=9699.54 2190.99 998.555 1180.87 886.49 658.706 1169.1 434.502 358.036 312.797 263.086 256.063 290.151 352.208 404.459 707.471 896.163 449.105 385.55 299.004 268.244 312.972 299.742 236.548 224.24 211.619 208.347 205.055 203.636 198.733
threshold=0.61985915492957766 0.83424908424908428 0.89699381078691431 1.0000000180025095e-35 0.44749373433583967 1.0000000180025095e-35 0.702836499866203 0.77003205128205143 0.69169683683750194 0.76253132832080206 0.41189093663216364 0.8765243902439025 0.81666666666666676 1.0000000180025095e-35 0.88194444444444453 0.75000000000000011 0.88541849871261646 0.78888888888888908 0.61250000000000016 0.9164448051948052 1.0000000180025095e-35 0.86607142857142871 0.84519416312099249 0.80810147299509005 0.43083176985616017 0.95293466223698797 0.75235849056603787 0.95200732600732607 0.94074345606603682 0.70036496350364974
decision_type=2 2 2 2 2 2 2 2 2 2 2 2 2 2 2 2 2 2 2 2 2 2 2 2 2 2 2 2 2 2
left_child=1 4 3 28 -1 6 7 9 -5 -3 -9 12 25 14 15 18 -17 23 -14 -19 21 -20 -23 -18 -8 -4 -21 -28 -2 -12
right_child=2 5 11 8 -6 -7 24 10 -10 -11 29 -13 13 -15 -16 16 17 19 20 26 -22 22 -24 -25 -26 -27 27 -29 -30 -31
leaf_value=0.0059219306817581835 -0.060580156560349901 0.010799996883915912 0.036224501631502599 0.014305959114209652 -0.041922606962271521 0.043247850192837792 -0.044889092634208455 0.021335211575727153 0.041274621133529671 -0.031384453607474473 0.04179045487277757 0.053035526934212866 -0.043773000041188281 0.053097815705789302 0.053243956779674598 0.04909057733083888 -0.017676342508120283 -0.18089186612999472 0.018851148647136426 0.0024902678708714713 0.043738932278270082 0.044694725751363851 -0.41296498781433888 0.044240250028458605 -0.0091457615107224544 0.053017736471403537 -0.14280064886708688 -0.040773252077671643 0.031966409855351138 0.36819453140032499
leaf_weight=1645.7890480111819 385.7770467705559 4248.8595159908291 2148.1171553898603 1506.5430267094634 2351.4426201714668 2328.0504513869528 691.9535150998272 10302.571656362386 6721.2688180333935 490.1296920911409 1670.214345209999 33910.33070487529 134.06198637932539 3950.1557177752256 2221.6416520364583 672.1248986274004 628.89746474474669 51.020380329340696 28.900964021682739 117.47771682217717 4055.8967856578529 5.4244138933718196 10.508764233440159 204.3902534507215 1199.357366532553 14807.445570711046 81.20276665687561 125.13901884108782 70.265527687966824 4.6764269850682458
leaf_count=59510 2283 50213 1706 5728 784748 6237 195457 64631 4729 8120 8767 14307 316 1648 908 341 1211 276 32 210 2342 3 105 121 41185 6172 380 296 78 186
internal_value=0.0385671 0.0116975 0.047893 0.0319957 -0.0222235 0.018174 0.0150369 0.0192525 0.0363366 0.00643707 0.024323 0.050079 0.0466504 0.0407997 0.0349725 0.0283343 0.00281128 -0.0229356 0.0396666 -0.0683885 0.0423944 -0.0792363 -0.257156 -0.00248933 -0.0222228 0.0508902 -0.0506627 -0.0809246 -0.0463209 0.0427018
internal_weight=96769.6 24933 71836.6 8683.85 3997.23 20935.8 18607.8 16716.5 8227.81 4738.99 11977.5 63152.7 29242.4 12286.8 8336.69 6115.05 1880.25 1208.13 4234.79 374.84 4100.73 44.8341 15.9332 833.288 1891.31 16955.6 323.82 206.342 456.043 1674.89
internal_count=1262246 1219054 43192 12818 844258 374796 368559 131917 10457 58333 73584 30374 16067 8189 6541 5633 2835 2494 2798 1162 2482 140 108 1332 236642 7878 886 676 2361 8953
is_linear=0
shrinkage=0.05


Tree=53
num_leaves=31
num_cat=0
split_feature=9 16 18 14 1 0 14 6 1 8 18 1 9 13 18 9 18 5 5 1 0 0 1 6 14 1 1 5 14 18
split_gain=10434.5 1951.96 2234.53 1233.65 935.742 737.571 683.85 457.18 386.826 380.053 333.526 258.544 241.691 240.039 231.52 184.306 371.337 175.82 187.951 170.043 169.856 172.718 150.025 604.482 343.35 309.681 293.551 180.676 150.311 146.254
threshold=0.28869047619047622 1.0000000180025095e-35 0.28616924476797095 1.0000000180025095e-35 0.69169683683750194 0.88303693570451447 0.75000000000000011 1.0000000180025095e-35 0.90933082402414711 0.5885620915032681 0.68304757304998809 0.97275461380724548 0.10762548262548265 1.0000000180025095e-35 0.60889328063241122 0.17519181585677754 0.44749373433583967 0.46428571428571436 0.10101010101010102 0.61025180959391501 0.31296641791044782 0.14854215918045707 0.93252124695228156 1.0000000180025095e-35 0.75000000000000011 0.81916013584117042 0.92986483891215366 0.76388888888888895 0.75000000000000011 0.98675438596491238
decision_type=2 2 2 2 2 2 2 2 2 2 2 2 2 2 2 2 2 2 2 2 2 2 2 2 2 2 2 2 2 2
left_child=1 2 11 5 17 13 7 10 14 -4 12 -1 -3 29 -9 16 -10 18 20 -8 21 -5 23 24 25 -6 27 -27 -25 -2
right_child=3 6 9 4 22 -7 19 8 15 -11 -12 -13 -14 -15 -16 -17 -18 -19 -20 -21 -22 -23 -24 28 -26 26 -28 -29 -30 -31
leaf_value=0.0017123766438915619 0.016230995306740322 -0.014319643571978558 -0.04483285545964108 0.023380192906885939 0.044133823969858821 0.050724912005519596 -0.017013994435701403 0.011729616321139899 0.027772483930049163 0.048437062539820566 -0.070426649126939952 0.021555968907622979 0.029177730761507217 0.058486620954541962 -0.027770397659086871 0.040941631994651534 -0.0079178799018560665 0.044185460728171304 -0.053752190127448612 0.056603474269489064 0.066960337930710018 -0.013877950295377207 0.052515749238696112 0.041236886275595325 0.03155413327622824 -0.1097812381869495 0.029350242829290541 -0.34767478991097994 0.051771456171513068 -0.015115411535214264
leaf_weight=4778.2136322348379 3946.0062861219049 895.56398997711949 3097.5679529056652 713.77476865984499 59.998811729252338 2337.3668631352484 82.732821094803512 1735.2871608952992 5212.6603358881548 113.21149641345255 184.06114988261834 2500.4721289551817 496.35287219332531 314.7876416221261 471.83257761970162 1816.0434015393257 847.25334456912242 422.35965165961534 114.97841093782336 1511.6896427115425 130.96542061539367 551.30273642856628 44312.764297157526 4853.2642069086432 253.51248480379581 117.2263377122581 40.118361063301563 8.5644121244549734 11200.634516306221 410.85605005081743
leaf_count=21552 5269 30252 924899 2008 35 1084 18738 32843 11271 526 31175 2395 849 85 72837 1107 65210 262 767 5223 141 4150 19774 3169 220 425 34 70 5064 812
internal_value=0.0379489 0.00931691 -0.00679796 0.0476898 0.0499111 0.0277943 0.022071 0.017871 0.0217853 -0.0415442 -0.00717302 0.00852931 0.00119137 0.0163215 0.0032854 0.0269697 0.0227825 0.0156661 0.00769439 0.0527835 0.0127551 0.00714363 0.0509992 0.0469346 -0.00838941 -0.0532138 -0.0884183 -0.125978 0.0485867 0.013275
internal_weight=93531.4 23742.9 10489.5 69788.5 62779.5 7009.02 13253.5 11659.1 10083.1 3210.78 1575.98 7278.69 1391.92 4671.65 2207.12 7875.96 6059.91 1933.38 1511.02 1594.42 1396.04 1265.08 60846.1 16533.3 479.42 225.908 165.909 125.791 16053.9 4356.86
internal_count=1262246 1218877 949372 43369 36119 7250 269505 245544 183268 925425 62276 23947 31101 6166 105680 77588 76481 7328 7066 23961 6299 6158 28791 9017 784 564 529 495 8233 6081
is_linear=0
shrinkage=0.05


Tree=54
num_leaves=31
num_cat=0
split_feature=9 16 18 14 1 3 14 17 18 8 6 5 10 1 5 9 0 1 9 18 18 17 3 6 1 1 17 17 17 8
split_gain=10158.3 1794 2089.01 1259.36 945.668 771.714 661.901 433.453 367.695 355.335 262.477 255.846 239.977 238.753 232.916 224.957 211.914 222.864 188.688 293.205 182.426 174.05 170.746 169.496 204.598 163.966 163.773 161.698 159.788 142.584
threshold=0.28869047619047622 1.0000000180025095e-35 0.28616924476797095 1.0000000180025095e-35 0.71949134866691189 0.92718275008837059 0.75000000000000011 0.83935483870967753 0.673576799140709 0.5885620915032681 1.0000000180025095e-35 0.58571428571428574 0.58853389071364604 0.97275461380724548 0.76388888888888895 0.18350168350168353 0.85857142857142865 0.90933082402414711 0.17752100840336138 0.5884438881935754 0.45540134370579921 0.38138528138528144 0.83827375762859646 1.0000000180025095e-35 0.93252124695228156 0.77762260765550251 0.48808848553601819 0.66397849462365599 0.87138130686517801 0.40078740157480319
decision_type=2 2 2 2 2 2 2 2 2 2 2 2 2 2 2 2 2 2 2 2 2 2 2 2 2 2 2 2 2 2
left_child=1 2 13 5 11 14 7 8 15 -4 20 21 -10 26 22 16 17 -3 19 -12 -9 -5 -2 24 -19 28 -1 -26 -8 -21
right_child=3 6 9 4 -6 -7 25 10 12 -11 18 -13 -14 -15 -16 -17 -18 23 -20 29 -22 -23 -24 -25 27 -27 -28 -29 -30 -31
leaf_value=-0.053473963999387697 0.015540864040782188 -0.0072043900723044486 -0.044156407230099524 0.042582516070921256 0.050806648832588314 0.05007446555085944 -0.051784663680442745 0.0086951256227129747 -0.050589762038611076 0.046868546105797347 0.028141007965691928 0.050327390256249951 0.0068486361755783183 0.020790429138055885 0.0018605710344859576 0.04080455328659395 -0.036650754791620305 -0.073765443704908298 0.044393483165262163 -0.021575236368142958 -0.058230566923800353 0.00097380831139497626 0.04296293896471437 0.029023287963153989 -0.098951845065246347 0.057391178494053258 0.0031831182500959357 0.017190930299420717 0.054485550019257881 0.049248930561228178
leaf_weight=131.14938363176771 1678.6594478180632 1154.5948267811909 2990.5064460219583 305.74130376242101 57918.851309031248 2369.4834173955023 71.350301390280947 423.06188854086213 433.2339067182038 111.20218134438619 4162.690042987233 461.02011526748538 313.38888347474858 2463.8662852919661 1958.6817449554801 570.50978755811229 258.18782040243968 86.422266097506508 1422.0577493435703 464.74128814786673 134.09579582163133 1412.2546479818411 857.71180186420679 1505.3191713967826 32.05235820193775 1392.3442943589762 4645.1790996952914 460.86679806536995 70.148494626628235 83.891512135276571
leaf_count=1894 2623 43051 924899 452 28558 1160 18418 4401 82272 526 19604 217 559 2395 2940 379 4015 3171 852 55241 19587 6892 527 7888 724 596 19658 3537 4947 263
internal_value=0.0373656 0.00899177 -0.00655974 0.0472727 0.0495901 0.026984 0.0213265 0.0172132 0.00577267 -0.040893 0.025446 0.0172539 -0.0264805 0.00814866 0.0148123 0.0116923 0.0069435 0.0104182 0.0284308 0.0236127 -0.00741244 0.00837866 0.024814 0.0201785 -0.00280299 0.0521797 0.00162742 0.00963868 0.000899145 -0.0107455
internal_weight=90343.3 23380.9 10341.9 66962.4 60097.9 6864.54 13039 11505.1 4814.58 3101.71 6690.54 2179.02 746.623 7240.19 4495.05 4067.95 3497.44 3239.26 6133.38 4711.32 557.158 1718 2536.37 2084.66 579.341 1533.84 4776.33 492.919 141.499 548.633
internal_count=1262246 1218877 949372 43369 36119 7250 269505 245544 145596 925425 99948 7561 82831 23947 6090 62765 62386 58371 75960 75108 23988 7344 3150 15320 7432 23961 21552 4261 23365 55504
is_linear=0
shrinkage=0.05


Tree=55
num_leaves=31
num_cat=0
split_feature=10 16 18 14 3 1 14 18 8 17 0 5 2 8 2 6 17 1 5 3 17 1 6 14 17 3 14 13 1 3
split_gain=9033.11 1820.13 1500.85 1440.81 911.816 827.946 652.185 510.348 444.16 308.972 316.218 283.612 394.181 279.8 277.209 183.45 180.302 170.846 161.976 208.711 200.394 158.388 605.172 347.641 444.506 357.27 187.855 157.106 154.905 152.196
threshold=0.61985915492957766 1.0000000180025095e-35 0.44749373433583967 1.0000000180025095e-35 0.92718275008837059 0.69169683683750194 0.75000000000000011 0.71063505872118327 0.47930936073059366 0.79830508474576278 0.86729559748427687 0.76388888888888895 0.63068181818181823 0.40078740157480319 0.76388888888888895 0.75000000000000011 0.60172413793103463 0.90933082402414711 0.46428571428571436 0.24316334072431636 0.70659971305595415 0.93584259259259273 1.0000000180025095e-35 0.75000000000000011 0.96609195402298864 0.7590571802706243 0.75000000000000011 1.0000000180025095e-35 0.91351816933212293 0.86582551161717203
decision_type=2 2 2 2 2 2 2 2 2 2 2 2 2 2 2 2 2 2 2 2 2 2 2 2 2 2 2 2 2 2
left_child=1 2 14 4 11 18 7 9 -4 10 28 12 15 -9 -1 16 -2 -10 19 -5 -21 22 23 24 25 -7 -24 -13 -3 -18
right_child=3 6 8 5 -6 21 -8 13 17 -11 -12 27 -14 -15 -16 -17 29 -19 -20 20 -22 -23 26 -25 -26 -27 -28 -29 -30 -31
leaf_value=0.0003928662984624851 0.049779985541396683 0.00070435445205214065 -0.041778029123014794 0.028961960717694725 0.050184073254982045 -0.14845852482388081 0.051381420161959436 -0.026624136945519062 -0.031034780640088213 0.028454536534815562 -0.05746862048701782 -0.0050776390772391197 0.05159539337199022 0.027074259108069661 0.020713255335382805 0.0292669422982214 -0.020645331106327137 0.032276187900719448 0.04355205047725956 0.0081960996042093719 -0.046393056533884793 0.052102222084370743 0.039631017994164325 0.033852590326984955 -0.28623418331327044 0.0011675294701031446 0.051595819005603186 0.060467119042467612 0.022775485439460428 0.033653697925380234
leaf_weight=4941.399725258816 138.28914564987645 1378.5603468961781 2672.0843778651906 604.57550251856446 2409.430281419307 50.156808510888368 1747.5912747532129 888.04782540828455 161.58255939593073 6744.7715196829522 165.24219354684465 1905.0396400019526 827.84405851736665 333.7577645604033 2541.6180315674283 721.14716853154823 762.91591327660717 312.91757624736056 394.59163877926767 488.85531884850934 256.23608199087903 38631.042693531141 4696.3328431630507 267.30672413110733 18.096330817788839 195.00255664810538 10882.439811342862 96.031645059585571 1877.9328103151638 155.32342175580561
leaf_count=54531 139 45493 881783 1100 1222 276 24034 127982 9472 53986 3499 3136 332 1007 3568 760 2043 564 268 2445 2912 18921 3467 231 135 301 5355 21 13135 128
internal_value=0.0367892 0.0104937 -0.0048885 0.0466305 0.0252605 0.0492848 0.022941 0.0185767 -0.0338619 0.0222461 0.0100083 0.0122244 0.0230969 -0.0119555 0.00729472 0.00982539 -0.00344469 0.0107168 0.0153728 0.00713422 -0.010577 0.0503654 0.0462005 -0.00631273 -0.0470961 -0.0294443 0.0479889 -0.00193214 0.0134322 -0.0114605
internal_weight=87266.2 23765.5 10629.6 63500.7 7016.02 56484.6 13135.9 11388.3 3146.58 10166.5 3421.74 4606.59 2605.52 1221.81 7483.02 1777.68 1056.53 474.5 1744.26 1349.67 745.091 54740.4 16109.3 530.562 263.256 245.159 15578.8 2001.07 3256.49 918.239
internal_count=1262246 1219054 949918 43192 7781 35411 269136 245102 891819 116113 62127 6559 3402 128989 58099 3070 2310 10036 6725 6457 5357 28686 9765 943 712 577 8822 3157 58628 2171
is_linear=0
shrinkage=0.05


Tree=56
num_leaves=31
num_cat=0
split_feature=10 4 14 18 14 3 1 18 10 16 6 6 17 0 4 6 6 2 17 2 4 6 0 0 3 0 17 1 0 3
split_gain=8837.39 1714 1453.28 1121.32 923.721 889.088 828.235 549.317 490.186 343.052 283.509 242.508 236.386 323.679 207.557 220.725 218.637 212.667 198.587 190.531 185.524 754.768 217.073 181.497 179.737 236.395 174.423 162.705 160.149 190.911
threshold=0.61985915492957766 0.90366769774635458 1.0000000180025095e-35 0.60889328063241122 0.75000000000000011 0.92718275008837059 0.69169683683750194 0.673576799140709 0.4688247607655503 1.0000000180025095e-35 1.0000000180025095e-35 0.75000000000000011 0.78817016317016331 0.84698996655518399 0.95713410900183715 0.75000000000000011 0.75000000000000011 0.68333333333333346 0.86576576576576592 0.76388888888888895 0.89699381078691431 1.0000000180025095e-35 0.65261756876663723 0.66384180790960468 0.74862637362637374 0.7158385093167704 0.95698427382053664 0.93252124695228156 0.5727513227513229 0.69268849961919277
decision_type=2 2 2 2 2 2 2 2 2 2 2 2 2 2 2 2 2 2 2 2 2 2 2 2 2 2 2 2 2 2
left_child=1 3 5 10 7 14 -4 9 -9 19 23 24 13 -11 16 -16 -2 -17 -10 -3 21 22 -8 -1 25 -12 -25 28 29 -13
right_child=2 4 6 -5 -6 -7 20 8 18 12 11 27 -14 -15 15 17 -18 -19 -20 -21 -22 -23 -24 26 -26 -27 -28 -29 -30 -31
leaf_value=-0.057605793686946551 -0.016385473678993921 0.0010639859069166344 0.014825409520448616 -0.043799228926437325 0.054038038560697513 0.049842108073217893 -0.11501775390416769 -0.044033112098167571 -0.015503641015296367 0.016152045057540934 0.010400611086185058 -0.01184782297364367 0.030089084328736339 -0.060449782525132403 0.030804369707793433 0.029623489361346352 0.020354504273839849 -0.015825227555974149 0.025107905102727979 0.018890326636411065 0.051061805616241754 0.045401169963308008 -0.013304528535465727 0.018970713584778164 0.037365852986426397 -0.12739226073261242 -0.084399790770137137 0.025886571908770778 -0.03765118030776396 0.099632968298832017
leaf_weight=287.38578934036195 1039.0596714033745 3562.8546126127476 1719.3565139926504 2023.534015666577 1589.5773760550655 2307.2510481439531 74.656577100977302 707.30750359862577 516.8968532361323 2519.1720574647188 1206.0244134758832 172.97217274468858 5524.8936220554169 145.88997996458784 1778.8976644407958 425.41302789002657 663.51462813280523 651.70226836018264 720.75143381406087 2587.5359156960621 47338.066621670499 4758.9112658444792 176.39346502302215 217.74011125939433 790.26275580620859 31.950736561324447 50.220843599992804 223.2678705167491 530.30527058499865 49.363063363125548
leaf_count=44029 2569 31437 6725 746519 825 1222 352 193301 9764 21922 77227 25537 23552 3011 1425 381 838 1346 5763 13122 25015 3000 319 4051 3667 457 2024 647 11637 562
internal_value=0.036181 0.0101035 0.0462202 -0.0140799 0.0176569 0.0245513 0.0489719 0.0141058 -0.0108291 0.0174877 0.00281523 0.00888233 0.0241894 0.0119587 0.0117507 0.0199883 -0.00206744 0.00212501 0.00814672 0.00856372 0.0500935 0.0409437 -0.0435517 -0.0300047 0.0187364 0.00684433 -0.000402833 -0.0115975 -0.0227171 0.0129032
internal_weight=84391.1 23457.9 60933.2 5583.03 17874.9 6865.84 54067.4 16285.3 1944.96 14340.3 3559.49 3004.15 8189.96 2665.06 4558.59 2856.01 1702.57 1077.12 1237.65 6150.39 52348 5009.96 251.05 555.347 2028.24 1237.98 267.961 975.908 752.641 222.335
internal_count=1262246 1219054 43192 916357 302697 7781 35411 301872 208828 93044 169838 119734 48485 24933 6559 3152 3407 1727 15527 44559 28686 3671 671 50104 81351 77684 6075 38383 37736 26099
is_linear=0
shrinkage=0.05


Tree=57
num_leaves=31
num_cat=0
split_feature=10 4 14 18 14 3 4 17 18 16 5 4 5 3 4 6 6 10 16 3 17 10 16 18 4 10 13 4 10 2
split_gain=8627.16 1639.76 1446.73 1126.44 905.35 863.166 776.994 422.273 356.832 282.556 258.328 588.253 239.27 218.847 215.402 735.477 190.186 184.812 230.247 178.5 392.363 173.492 170.542 182.887 168.367 159.188 145.757 144.956 142.448 153.515
threshold=0.63798951588035779 0.93419913419913436 1.0000000180025095e-35 0.60889328063241122 0.75000000000000011 0.92718275008837059 0.47559523809523813 0.89528508771929838 0.673576799140709 1.0000000180025095e-35 0.76388888888888895 0.94201680672268928 0.89898989898989912 0.83827375762859646 0.89699381078691431 1.0000000180025095e-35 1.0000000180025095e-35 0.52467131959097568 1.0000000180025095e-35 0.86240703177822864 0.93405797101449284 0.4688247607655503 1.0000000180025095e-35 0.83390804597701162 0.76631205673758873 0.41682754182754189 1.0000000180025095e-35 0.22378716744913932 0.4096973258889216 0.61250000000000016
decision_type=2 2 2 2 2 2 2 2 2 2 2 2 2 2 2 2 2 2 2 2 2 2 2 2 2 2 2 2 2 2
left_child=1 3 5 9 7 10 27 8 12 16 11 13 -3 -2 15 19 -1 -5 -19 20 -8 -10 23 -9 -22 -11 -12 -4 29 -14
right_child=2 4 6 17 -6 -7 14 22 21 25 26 -13 28 -15 -16 -17 -18 18 -20 -21 24 -23 -24 -25 -26 -27 -28 -29 -30 -31
leaf_value=-0.045320338522204795 -0.010801574904312116 0.019409214688527701 0.0319513932557043 -0.049865514097394231 0.053676026226988041 0.049737215457881179 -0.034635933276565764 0.01753732171156781 -0.047667173703783858 0.0093458174797842238 -0.005155415136518458 0.051054242626812602 -0.036480012214836786 0.032059670421177813 0.050899962786842272 0.044441061758207487 -0.0029189798206374798 -0.040603601127826301 0.015167385202562965 0.033001189614909686 -0.058783983743687478 -0.0049105550082424645 0.030554071095675962 -0.038076120542176468 -0.30736000042643674 0.041703912405837394 0.059700416623668429 -0.0024017571025107191 0.027257360039120535 0.0014221246787489055
leaf_weight=309.35834168398287 1030.312532776501 4052.1865076366812 496.15580126922578 1481.1272621122189 1641.7815951746888 2184.5069861039519 167.3876818343997 2529.8943255102495 370.26727167097852 1752.0198288857937 1878.0691431798041 1026.8646157309413 294.76850722369272 418.90557956695557 45066.33237401396 4653.150443145074 1822.1709835708607 500.13653769565281 293.76063954853453 60.643477447330952 10.030215475708248 660.43850870593451 4025.3366148716304 157.00432101578917 21.231625638902187 485.38887779042125 90.819957256317139 805.77719336841255 474.60417615028564 2851.8022936966736
leaf_count=35079 2397 29678 656 722955 842 1194 467 28515 119105 43857 3090 429 5791 370 24832 3168 93636 45597 2960 48 45 9876 33275 23148 158 2916 21 3712 3289 21140
internal_value=0.0355812 0.0101708 0.0459814 -0.0109018 0.0183784 0.0240016 0.0488229 0.0146193 0.00735242 0.00395464 0.0113536 0.0221022 0.0110628 0.00158774 0.0498162 0.0398741 -0.00907288 -0.0394321 -0.019967 -0.0420825 -0.0650039 -0.0202703 0.0240426 0.0142876 -0.227606 0.0163657 -0.00216378 0.0106899 0.0017229 -0.00212852
internal_weight=81612.2 23702 57910.2 6643.96 17058.1 6629.48 51280.7 15416.3 8704.07 4368.94 4444.97 2476.08 7673.36 1449.22 49978.8 4912.44 2131.53 2275.02 793.897 259.293 198.65 1030.71 6712.24 2686.9 31.2618 2237.41 1968.89 1301.93 3621.17 3146.57
internal_count=1262246 1221659 40587 947000 274659 7501 33086 273817 188879 175488 6307 3196 59898 2767 28718 3886 128715 771512 48557 718 670 128981 84938 51663 203 46773 3111 4368 30220 26931
is_linear=0
shrinkage=0.05


Tree=58
num_leaves=31
num_cat=0
split_feature=9 4 14 4 14 1 16 10 1 9 10 9 8 4 5 1 14 2 1 16 14 1 9 4 8 6 9 1 1 8
split_gain=9330.53 1402.42 1301.06 971.589 663.193 653.79 646.031 699.216 323.446 293.184 698.734 461.79 305.519 251.472 560.511 243.996 221.432 220.397 225.155 213.534 201.395 182.671 155.889 150.001 149.999 149.417 193.926 144.803 149.036 142.901
threshold=0.28869047619047622 0.94201680672268928 1.0000000180025095e-35 0.7701575532900834 0.75000000000000011 0.96605158730158747 1.0000000180025095e-35 1.0000000180025095e-35 0.78380811563755948 0.17519181585677754 1.0000000180025095e-35 0.061553030303030311 0.21886405109489052 0.94804318488529027 0.89898989898989912 0.95791350032836109 1.0000000180025095e-35 0.88194444444444453 0.95295157850938794 1.0000000180025095e-35 0.75000000000000011 0.85297932330827086 0.11651583710407241 0.25158227848101272 0.31440092165898625 0.75000000000000011 0.73030303030303034 0.97275461380724548 0.56830887658093554 0.53589837997054501
decision_type=2 2 2 2 2 2 2 2 2 2 2 2 2 2 2 2 2 2 2 2 2 2 2 2 2 2 2 2 2 2
left_child=1 6 5 8 9 13 7 27 23 10 -3 24 -13 25 -15 16 -8 18 -16 21 -10 -11 -18 -4 -12 26 -2 28 -1 -23
right_child=2 4 3 -5 -6 -7 15 -9 20 19 11 12 -14 14 17 -17 22 -19 -20 -21 -22 29 -24 -25 -26 -27 -28 -29 -30 -31
leaf_value=0.21616458541549266 -0.02469917447787839 0.015797453808727931 0.024081423736660869 0.050025212982505445 0.054152120525587114 0.048269674366343711 -0.034026702170303409 -0.048684934411836064 -0.0043490817078572202 0.085207757551137853 -0.042396853501991079 0.031337946969469233 -0.01423167729802177 0.049822338924807308 0.0032145260713734684 0.044473553813465287 -0.0022853410849632632 0.052002550764270572 -0.068312536028479073 0.036962514798072652 0.051302390195052061 -0.028608591332725194 0.0275769540874733 -0.0062398509174529833 0.071660472046243914 0.017515044272617106 0.036282061578153391 0.043489320456350691 -0.0096110851441536613 0.043874807398043114
leaf_weight=7.3423579279333344 807.05402717506513 9785.5475627053529 682.94031072081998 47796.35386640951 1034.6434946348891 1957.0770107768476 403.30164061498363 1778.3211219980149 199.49131008610129 53.753972086124122 1012.6926798535278 612.78772054624278 920.05990954802837 1118.2724549770355 1370.4446766227484 350.13412647717632 1503.802454356919 211.61180251091719 119.62600944563746 1810.2633925117552 878.33158957585692 314.61641272017732 616.06352290511131 1012.7461496070027 29.670331116998568 566.56885887961835 155.48941648006439 145.33933488279581 1623.5360615858808 86.747222691774368
leaf_count=358 2203 11346 1412 27948 546 1150 66100 775852 326 54 209932 9445 31675 501 2060 1499 88505 89 353 1282 422 1643 5333 6011 3544 754 140 75 11619 69
internal_value=0.0349743 0.00739479 0.0456852 0.0483557 0.0154662 0.0242702 -0.0122704 -0.026522 0.0195852 0.0127296 0.00969904 -0.0134743 0.00398573 0.0134705 0.022324 0.00536008 -6.76019e-05 0.00425328 -0.00252782 0.0292655 0.041002 -0.00135011 0.00639307 0.00597209 -0.0391503 -0.00285696 -0.0148483 -0.00433285 -0.00859462 -0.0129427
internal_weight=78964.6 22088.6 56876 50569.9 15660.8 6306.14 6427.84 3554.54 2773.51 14626.1 12360.8 2575.21 1532.85 4349.07 2819.95 2873.3 2523.17 1701.68 1490.07 2265.38 1077.82 455.118 2119.87 1695.69 1042.36 1529.11 962.543 1776.22 1630.88 401.364
internal_count=1262246 1218877 43369 36119 269536 7250 949341 787904 8171 268990 265942 254596 41120 6100 3003 161437 159938 2502 2413 3048 748 1766 93838 7423 213476 3097 2343 12052 11977 1712
is_linear=0
shrinkage=0.05


Tree=59
num_leaves=31
num_cat=0
split_feature=9 14 1 14 4 18 1 10 9 16 6 1 5 17 9 4 5 17 17 17 14 6 17 18 18 6 1 4 5 8
split_gain=9056.63 1306.42 1297.69 1023.19 981.339 865.327 636.926 597.077 512.527 439.984 316.441 310.588 308.228 266.975 249.303 233.507 540.144 225.375 203.808 201.74 194.296 181.475 167.224 163.141 169.388 156.688 158.975 160.096 375.618 153.97
threshold=0.28869047619047622 1.0000000180025095e-35 0.77208203933747421 0.75000000000000011 0.7701575532900834 0.57637088733798614 0.96605158730158747 0.66885964912280715 0.15504807692307696 1.0000000180025095e-35 1.0000000180025095e-35 0.77208203933747421 0.64583333333333337 0.94804318488529027 0.080540540540540564 0.94804318488529027 0.89898989898989912 0.79830508474576278 0.65058139534883741 0.48808848553601819 0.75000000000000011 1.0000000180025095e-35 0.34833164812942369 0.98675438596491238 0.95670914542728647 0.75000000000000011 0.82289129977672804 0.95293466223698797 0.69047619047619058 0.46410162002945515
decision_type=2 2 2 2 2 2 2 2 2 2 2 2 2 2 2 2 2 2 2 2 2 2 2 2 2 2 2 2 2 2
left_child=2 6 12 5 11 8 15 9 10 -7 18 22 -1 19 29 23 -17 -14 -4 -12 -13 -16 -3 24 -2 -21 -27 28 -28 -11
right_child=1 4 3 -5 -6 7 -8 -9 -10 14 13 20 17 -15 21 16 -18 -19 -20 25 -22 -23 -24 -25 -26 26 27 -29 -30 -31
leaf_value=-0.042947419693811308 -0.0078281534650507332 0.04516101803797716 -0.075360716883432696 0.054853529642825971 0.049776023936662535 -0.050683202304068344 0.047913723162959491 0.027507400278677915 0.042008566209774348 -0.050235347293594738 -0.034294132773097459 -0.0036878100319539513 -0.066636266444840872 0.022772689215670862 -0.053664421677714728 0.049418107350858914 0.0040689189746333813 0.050590997349913271 -0.005939048729534345 0.015135655157648429 0.050816062323604187 0.0087389942840555013 -0.00067794327794000486 -0.057746077183850969 0.032420338384556165 0.043014426091676598 0.0022585600979848539 0.0039784608786951536 -0.076505520343574482 0.16652592584649265
leaf_weight=1483.5375904523535 1055.3957070019096 230.56517658010125 113.59451270208228 1230.7234818515135 45687.197091445327 1075.9133482574252 1875.112448617816 647.39983311854303 1363.1011281269602 357.21379805065226 280.62405209254939 202.7027908526361 54.915042816777714 4265.0159639304038 130.80931520694867 1072.2161095440388 1694.0067004114389 161.81206577108242 1525.7361939504044 4419.6462686714949 845.71939079836011 1065.3195131252287 1451.528847661335 123.75192964076996 347.47828255407512 212.44981995655689 472.96064865950029 2673.9178072276991 222.61122326285113 8.3847297579050046
leaf_count=673283 2308 311 5428 2073 27948 287926 1150 683 1269 123383 6133 329 6663 15385 3043 501 2502 3921 24858 28231 429 11852 7102 397 392 2543 5647 13734 2820 2
internal_value=0.0344009 0.045275 0.00713009 0.010684 0.0480358 0.00779779 0.0236027 -0.0155191 0.0127238 -0.0260798 0.00990995 0.0189184 -0.0348106 0.0126092 -0.00912994 0.0129837 0.0216467 0.0208876 -0.0107495 0.00737535 0.0402782 0.00191452 0.00560522 -0.00271358 0.00214101 0.00883674 0.0010647 -0.00158027 -0.0229491 -0.0452641
internal_weight=76351.4 54585.7 21765.7 20065.4 48417.7 18834.7 6167.96 3285.04 15549.7 2637.64 14186.6 2730.52 1700.26 12547.2 1561.73 4292.85 2766.22 216.727 1639.33 8282.21 1048.42 1196.13 1682.09 1526.63 1402.87 8001.59 3581.94 3369.49 695.572 365.599
internal_count=1262246 43369 1218877 535010 36119 532937 7250 426889 106048 426206 104779 8171 683867 74493 138280 6100 3003 10584 30286 59108 758 14895 7413 3097 2700 52975 24744 22201 8467 123385
is_linear=0
shrinkage=0.05


Tree=60
num_leaves=31
num_cat=0
split_feature=10 16 4 18 6 4 17 1 10 3 5 6 1 2 2 2 3 1 3 10 18 10 18 2 6 10 18 2 17 0
split_gain=7969.4 1382.98 1088.29 1030.26 871.68 471.667 413.315 367.006 361.261 343.316 666.009 533.252 543.594 663.323 410.669 333.519 285.613 285.292 284.088 276.825 256.029 214.563 253.976 211.604 204.109 176.92 218.872 171.46 171.167 163.798
threshold=0.63798951588035779 1.0000000180025095e-35 0.91715686274509822 0.49603149606299218 1.0000000180025095e-35 0.93643953676272573 0.84924242424242435 0.92251711734850694 0.4658084392363977 0.917156862745098 0.89898989898989912 0.75000000000000011 0.88608889842409122 0.88194444444444453 0.76388888888888895 0.61250000000000016 0.85857142857142865 0.9164448051948052 0.86582551161717203 0.88942052099946844 0.73179568752209267 0.47769485903814263 0.66781609195402314 0.76388888888888895 1.0000000180025095e-35 0.41682754182754189 0.28616924476797095 0.58571428571428574 0.95060975609756104 0.82650501672240806
decision_type=2 2 2 2 2 2 2 2 2 2 2 2 2 2 2 2 2 2 2 2 2 2 2 2 2 2 2 2 2 2
left_child=1 3 4 23 16 -5 19 20 -7 10 -4 15 -13 14 -14 -12 28 -16 -19 -6 24 22 -9 -1 29 26 -26 -22 -2 -3
right_child=2 7 9 5 6 8 -8 21 -10 -11 11 12 13 -15 17 -17 -18 18 -20 -21 27 -23 -24 -25 25 -27 -28 -29 -30 -31
leaf_value=-0.00067062569494312279 -0.034309046448036867 -0.028848384350820384 0.049987895230417641 -0.047664776329255282 0.0013834358141242603 -0.047422330967526877 0.041728931857989787 0.023520322833850946 0.012720320178423679 0.051608292824348326 -0.032511424728649367 0.047247491940444551 -0.0071293707477210911 0.051264719827836883 -0.18423854734152056 0.042358187982609929 0.025850412493757299 -0.00091909962430782196 -0.10167850521397366 0.032213025040869869 -0.048823269025124183 0.039159641470130437 -0.022841147519267888 0.017383746759764208 0.015805200759575536 0.039980229522678434 -0.033958241855868813 0.012406182891086692 -0.10807050712268679 0.10872542747469063
leaf_weight=4952.4928794683656 314.83280443563126 380.14221753180027 10999.9974090904 1638.2846272267634 1368.7911245143041 362.82263841410168 4695.3124344018288 6085.3196965237148 800.73895549646113 25580.272326365113 154.20961265824735 642.28277757018805 759.62846202403307 355.63211028277874 49.75742082297802 4199.5126259922981 159.581905933097 131.94692611321807 148.89853866770864 1555.6780276559293 311.19020389788784 2271.1935430229641 310.47685738676228 2413.9951049881056 2015.9010819313116 648.01320799114183 248.15741466963664 180.74357149284333 104.84129152121022 22.941724774893373
leaf_count=73207 1434 26680 6825 723647 3930 138453 4208 32785 12337 15492 341 419 1344 206 278 3052 177 247 575 1444 83694 3759 46520 4528 8018 8010 48413 11493 615 115
internal_value=0.0338189 0.00911695 0.0447384 -0.00456965 0.0280436 -0.0303759 0.0325386 0.0202737 -0.00603341 0.0479201 0.042511 0.0297435 0.00897144 -0.00803159 -0.027374 0.0397063 -0.0310857 -0.0738901 -0.0543397 0.0177833 0.00733351 0.0259578 0.0212698 0.00524578 0.0123283 0.0169441 0.0103508 -0.0263267 -0.0527358 -0.0210183
internal_weight=73863.6 22642.4 51221.2 10168.3 8199.04 2801.85 7619.78 12474.1 1163.56 43022.1 17441.9 6441.87 2088.15 1445.86 1090.23 4353.72 579.256 330.603 280.845 2924.47 3807.09 8666.99 6395.8 7366.49 3315.16 2912.07 2264.06 491.934 419.674 403.084
internal_count=1262246 1221659 40587 952172 11808 874437 9582 269487 150790 28779 13287 6462 3069 2650 2444 3393 2226 1100 822 5374 186423 83064 79305 77735 91236 64441 56431 95187 2049 26795
is_linear=0
shrinkage=0.05


Tree=61
num_leaves=31
num_cat=0
split_feature=9 14 4 4 18 3 14 17 1 18 1 9 8 1 9 8 13 10 14 9 18 3 8 4 17 1 14 13 4 17
split_gain=8610.5 1349.81 1131.25 997.457 812.596 679.859 613.437 393.145 359.314 343.698 297.214 289.396 296.155 220.818 220.404 232.891 220.38 195.087 190.955 181.964 301.956 178.456 175.666 168.793 155.938 151.052 315.844 212.912 199.504 288.174
threshold=0.28869047619047622 1.0000000180025095e-35 0.94201680672268928 0.7701575532900834 0.60889328063241122 0.92718275008837059 0.75000000000000011 0.90399385560675893 0.95295157850938794 0.59581754590498404 0.77208203933747421 0.14907407407407411 0.15610665137614679 0.97039821776663893 0.10762548262548265 1.0000000180025095e-35 1.0000000180025095e-35 0.66885964912280715 0.75000000000000011 0.17519181585677754 0.58076375711574968 0.27072835547411828 0.40078740157480319 0.95713410900183715 0.34833164812942369 0.94074345606603682 0.75000000000000011 1.0000000180025095e-35 0.92390405293631106 0.82650501672240806
decision_type=2 2 2 2 2 2 2 2 2 2 2 2 2 2 2 2 2 2 2 2 2 2 2 2 2 2 2 2 2 2
left_child=2 5 4 10 13 16 7 9 -6 11 24 12 -4 14 15 21 23 -11 -12 20 -9 -1 -22 -2 -3 26 27 28 29 -5
right_child=1 3 6 25 8 -7 -8 19 -10 17 18 -13 -14 -15 -16 -17 -18 -19 -20 -21 22 -23 -24 -25 -26 -27 -28 -29 -30 -31
leaf_value=0.26750843343064312 -0.0053614371321792816 0.043595935424830361 0.007936713754704016 -0.054854829486943257 -0.04477354743314408 0.047936912427469253 0.053350615144823289 0.02132444062303079 0.034497605546952012 -0.030279273764033995 -0.0043020738451427587 0.03853535220804899 -0.03589509917162545 0.042768311714252473 0.025618163992906708 -0.041106161513744167 0.057375334905571979 0.019986330517032542 0.050414231948376603 0.041318471913688683 -0.035820604244823771 -0.0027903105023823691 0.048949797222824137 0.016122471742106678 -0.001326317404172961 0.05136982151675943 0.050332285719946447 0.050137786625115303 0.034055609121281118 0.020355809377383141
leaf_weight=6.1194235468283287 1483.7773981220089 223.2297965567559 5996.0797482517082 161.10060501098633 1782.2240712350467 1755.1927103288472 922.13815224077553 4396.6480447285576 155.41550458187703 971.82602944166865 199.85016547888517 720.81869949679822 411.84144198102877 290.70818528754171 595.08620461367536 444.53224571072496 238.75047390535474 240.87494096159935 788.88620978966355 946.82563990820199 371.96344983030576 2864.1876494202297 73.128773540491238 2381.9099780470133 1435.2103464319371 28416.617805324495 8987.0514627732337 1406.7208175510168 2277.5600301586092 608.12570544704795
leaf_count=73 3115 311 12767 414 767018 1160 546 14783 6113 147014 329 618 28329 388 15607 142642 77 268 429 953 63595 17500 663 2898 7102 18070 5745 890 2133 696
internal_value=0.0332009 0.0444515 0.00646122 0.0474217 -0.0116295 0.0218928 0.0138386 0.01126 -0.0384153 0.00431234 0.0176564 0.00849843 0.00511961 0.000726111 -0.00239978 -0.00742962 0.0107555 -0.0202952 0.0393546 0.0212718 0.0173516 -0.00221404 -0.0218928 0.00787624 0.00472032 0.0493041 0.0449367 0.0340485 0.02662 0.00460429
internal_weight=71554.4 50364 21190.4 44504.4 6138.27 5859.63 15052.1 14130 1937.64 8341.44 2647.18 7128.74 6407.92 4200.63 3909.93 3314.84 4104.44 1212.7 988.736 5788.57 4841.74 2870.31 445.092 3865.69 1658.44 41857.2 13440.6 4453.51 3046.79 769.226
internal_count=1262246 43369 1218877 36119 949341 7250 269536 268990 773131 188996 8171 41714 41096 176210 175822 160215 6090 147282 758 79994 79041 17573 64258 6013 7413 27948 9878 4133 3243 1110
is_linear=0
shrinkage=0.05


Tree=62
num_leaves=31
num_cat=0
split_feature=9 14 16 18 1 3 14 6 10 17 18 13 17 5 4 3 6 5 4 17 9 18 4 6 3 9 3 1 4 1
split_gain=8343.98 1314.38 1226.18 1385.37 948.005 641.208 639.467 359.204 322.257 299.121 245.05 210.578 208.536 194.422 439.426 193.264 190.544 204.498 329.762 199.605 187.755 212.421 184.515 606.999 169.737 165.222 163.618 154.82 152.491 150.989
threshold=0.31698564593301443 1.0000000180025095e-35 1.0000000180025095e-35 0.37407326047558903 0.69169683683750194 0.94201680672268906 0.75000000000000011 1.0000000180025095e-35 0.63798951588035779 0.89528508771929838 0.68583234946871319 1.0000000180025095e-35 0.67890835579514841 0.76388888888888895 0.95713410900183715 0.86240703177822864 0.75000000000000011 0.69047619047619058 0.83239700374531844 0.77459677419354855 0.17752100840336138 0.58076375711574968 0.89512961508248245 1.0000000180025095e-35 0.71892556179775291 0.10762548262548265 0.82413583990297157 0.91933029309284697 0.95713410900183715 0.97275461380724548
decision_type=2 2 2 2 2 2 2 2 2 2 2 2 2 2 2 2 2 2 2 2 2 2 2 2 2 2 2 2 2 2
left_child=2 5 3 29 -3 11 7 10 -5 16 12 13 -4 14 15 -2 24 18 -18 26 21 -11 23 -6 -9 -14 27 -19 -21 -1
right_child=1 4 6 8 22 -7 -8 9 -10 20 -12 -13 25 -15 -16 -17 17 19 -20 28 -22 -23 -24 -25 -26 -27 -28 -29 -30 -31
leaf_value=-0.00012694249260180595 -0.0081172558322829009 0.010464938880569286 -0.066656862553793064 -0.044808756893001185 -0.04147911640905836 0.04961188043075701 0.04952454128609398 0.001709359753994557 0.010256244698267393 0.025008605467512154 -0.06819267869674954 0.056743038649570067 -0.010313899571285033 -0.0037043935374947916 0.05021938825404141 0.037642958762917719 -0.054540259879285659 -0.073779627745537923 0.039072442573070743 -0.083346461836287244 0.044212028012603259 -0.014692111082184246 0.049992564285065662 0.043411403356648351 0.025766785451001153 0.028276265907623915 -0.073554427516612564 0.028536391349226076 0.0030451593733069899 0.015596203896497393
leaf_weight=4748.088209828129 1050.0718536013737 1673.3124552934896 115.56218699458987 2228.2789760401938 223.01508030295372 1487.3339636214077 1375.9800435496727 1225.8179391883314 301.67109987419099 2919.6905232807621 159.1604759163456 239.6599101908505 765.52128767909016 1775.389613930136 725.21487007290125 295.71392694115639 117.90829558810219 57.065615858882666 465.39377603947651 54.510458615608513 1108.3366820169613 380.88473080703989 36366.57650789991 3775.4758404605091 1824.4247464928776 434.9646585858427 222.22208896616939 105.00482662615832 811.40138850780204 2250.650998047553
leaf_count=35005 2354 6241 8250 910864 509 980 24136 60228 2264 13426 30972 83 22402 2899 354 214 16582 2628 6263 2306 741 39710 24971 2785 21825 709 7882 1220 10746 2697
internal_value=0.0326112 0.044318 0.00689297 -0.00653327 0.0473429 0.0215021 0.0174279 0.0133264 -0.0382428 0.016965 -0.00959385 0.01127 -0.00250701 0.00843673 0.0188448 0.00193779 0.00844159 -0.00429686 0.0201496 -0.0157028 0.0264063 0.0204272 0.0488716 0.0386767 0.0160987 0.00366824 -0.0456924 -0.00748947 -0.00239332 0.0049293
internal_weight=69284.3 47611.8 21672.5 9528.69 42038.4 5573.38 12143.8 10767.9 2529.95 9292.66 1475.21 4086.05 1316.05 3846.39 2071 1345.79 4883.75 1833.51 583.302 1250.2 4408.91 3300.58 40365.1 3998.49 3050.24 1200.49 384.293 162.07 865.912 6998.74
internal_count=1262246 41390 1220856 950830 34506 6884 270026 245890 913128 183557 62333 5904 31361 5821 2922 2568 129680 47627 22845 24782 53877 53136 28265 3294 82053 23111 11730 3848 13052 37702
is_linear=0
shrinkage=0.05


Tree=63
num_leaves=31
num_cat=0
split_feature=9 14 16 18 1 3 14 6 10 17 18 17 5 4 1 14 6 1 1 9 18 3 18 9 1 2 17 9 8 9
split_gain=8095.4 1316.35 1124.25 1292.15 955.01 624.749 608.686 328.557 297.07 279.739 229.226 193.664 192.77 540.624 191.09 350.853 268.813 411.691 349.235 184.522 194.48 182.861 179.077 167.83 224.56 159.913 157.38 151.169 147.216 182.077
threshold=0.31698564593301443 1.0000000180025095e-35 1.0000000180025095e-35 0.30451766304347833 0.69169683683750194 0.94201680672268906 0.75000000000000011 1.0000000180025095e-35 0.63798951588035779 0.89528508771929838 0.68583234946871319 0.67890835579514841 0.81666666666666676 0.95293466223698797 0.94074345606603682 0.75000000000000011 1.0000000180025095e-35 0.92986483891215366 0.8617349498327761 0.17752100840336138 0.58076375711574968 0.86240703177822864 0.60889328063241122 0.17519181585677754 0.98759469696969704 0.76388888888888895 0.96190130624092907 0.10762548262548265 1.0000000180025095e-35 0.069366479550922219
decision_type=2 2 2 2 2 2 2 2 2 2 2 2 2 2 2 2 2 2 2 2 2 2 2 2 2 2 2 2 2 2
left_child=2 5 3 25 -3 12 7 10 -5 22 11 -4 13 21 15 16 17 18 -6 20 -11 -2 23 24 28 -1 -20 -13 -9 -30
right_child=1 4 6 8 14 -7 -8 9 -10 19 -12 27 -14 -15 -16 -17 -18 -19 26 -21 -22 -23 -24 -25 -26 -27 -28 -29 29 -31
leaf_value=-0.00040030772385051715 -0.0075272403264360676 0.009974810720366295 -0.065134747887734004 -0.04316435917252804 0.025533928134100554 0.049375927949620091 0.048680876003859161 0.018428276541168642 0.0097709276414011583 0.02407310618572471 -0.066816152413468013 -0.0097993695852116522 -0.0028351444065806658 0.050386347010107739 0.051125748599316206 0.049377217573887716 0.035824029080027193 0.038733095324424788 -0.09511510900918857 0.043584867128184795 -0.014046506029452264 0.033106229419664332 -0.011531229940241826 0.039817760046500429 -0.023188137801190955 0.0158057589604256 -0.2627427656146798 0.027300552361758101 -0.051932969754481931 0.015618938689880119
leaf_weight=4635.3761201542802 1206.7539990511723 1667.8986895172857 112.43018790276255 2226.8615191319259 65.479363992810249 1421.3872355557978 1330.987287271535 2535.0265190955251 300.84390716603957 2882.4632774207275 154.43919002881739 765.43266008631326 1574.0964709743857 902.2314574867487 25593.552986290306 8778.3551085330546 3836.846332360059 211.13738958537579 90.356336310505867 1069.0714839608409 378.53305252792779 359.32472616434097 939.1711220924044 500.56850630417466 472.26432071859017 2266.4713556324132 16.570064906030893 428.16122228535824 177.80162677413318 227.23807899153326
leaf_count=23471 2615 6241 8250 922616 68 980 24136 4929 2264 13426 30972 22402 2543 452 17846 6166 3593 185 298 741 39710 294 90002 359 4830 2479 109 709 27515 2045
internal_value=0.0320124 0.0438921 0.00663344 -0.0062796 0.0470174 0.0208632 0.0168028 0.0128161 -0.0368641 0.0163198 -0.00921205 -0.00240029 0.0108375 0.0195569 0.0486183 0.0436815 0.0318343 -0.00807723 -0.0654037 0.0255581 0.0196482 0.0017958 0.0080754 0.0127814 0.00881529 0.00492154 -0.121092 0.00350897 0.013956 -0.0140345
internal_weight=67127.1 45724 21403.1 9429.55 40260.2 5463.79 11973.6 10642.6 2527.71 9182.14 1460.46 1306.02 4042.41 2468.31 38592.3 12998.7 4220.39 383.543 172.406 4330.07 3261 1566.08 4852.07 3912.9 3412.33 6901.85 106.926 1193.59 2940.07 405.04
internal_count=1262246 41390 1220856 950830 34506 6884 270026 245890 924880 183557 62333 31361 5904 3361 28265 10419 4253 660 475 53877 53136 2909 129680 39678 39319 25950 407 23111 34489 29560
is_linear=0
shrinkage=0.05


Tree=64
num_leaves=31
num_cat=0
split_feature=9 14 4 1 14 3 1 17 8 9 8 2 9 13 1 14 6 1 1 17 10 13 6 17 2 2 2 3 9 17
split_gain=7848.75 1316.87 1060.45 965.544 644.8 608.1 495.422 345.408 330.355 334.885 371.379 220.956 208.924 201.072 184.561 370.47 256.131 374.095 271.194 173.927 170.509 158.549 169.545 321.25 491.361 900.215 606.751 238.267 158.227 191.95
threshold=0.31698564593301443 1.0000000180025095e-35 0.94201680672268928 0.71949134866691189 0.75000000000000011 0.94201680672268906 0.95791350032836109 0.90399385560675893 0.069292885202968182 0.11651583710407241 0.29584650761713144 0.36931818181818188 0.17519181585677754 1.0000000180025095e-35 0.94074345606603682 0.75000000000000011 1.0000000180025095e-35 0.92986483891215366 0.8617349498327761 0.48528138528138537 1.0000000180025095e-35 1.0000000180025095e-35 0.75000000000000011 0.8174242424242425 0.73214285714285732 0.88194444444444453 0.76388888888888895 0.77836257309941537 0.050641025641025648 0.9294019933554819
decision_type=2 2 2 2 2 2 2 2 2 2 2 2 2 2 2 2 2 2 2 2 2 2 2 2 2 2 2 2 2 2
left_child=2 5 6 11 7 13 8 19 -1 -10 -11 -3 20 -2 15 16 17 18 -5 -4 -9 22 -18 24 -24 26 -26 -28 -22 -30
right_child=1 3 4 14 -6 -7 -8 12 9 10 -12 -13 -14 -15 -16 -17 21 -19 -20 -21 28 -23 23 -25 25 -27 27 -29 29 -31
leaf_value=-0.0034849250419049316 0.0076811332084404721 0.0033774877261925616 -0.029349302604757883 0.024284833562975172 0.052286762645292022 0.04914009575620077 0.032042125096592516 0.02090397160980062 -0.045959293859707685 0.018818727183467717 -0.032656918970001447 0.048391179370523861 0.04052049909088587 0.056307873802736934 0.050983307265366019 0.049578513877947934 0.037335034994092027 0.038149092815371523 -0.10634221395520048 0.0058178750095011752 -0.028518641644857047 0.050240037656774796 0.012209767820501186 0.035436710870486755 -0.1121405121648284 0.050970240811607163 -4.6114072434237183e-05 -0.49109859766433472 0.072444196385900939 0.00064410340489771175
leaf_weight=2712.1186853267718 3774.4074644139037 1518.8788507641293 367.79526478203479 60.600857734680176 1000.8045092518441 1358.3915417902172 597.20619004068431 3601.4477750509977 1343.7346283491934 599.43938108813018 843.36554111971054 332.25493976473808 1038.2285027704202 225.27722582221031 24411.648989640176 8225.6665999032557 1660.3248209357262 203.83736293762922 115.38783131912351 7977.3068631087663 365.90654811868444 1184.2048194259405 241.26634177938104 501.75925581902266 35.581856448203325 45.37306410074234 2.7867977730929878 21.750446423888206 110.80213080381509 582.13435269275215
leaf_count=20677 5821 6229 17767 65 673 980 5607 3438 811632 36785 76146 214 1090 83 17846 5983 1521 185 407 171438 61765 831 334 482 136 31 4 238 1602 12236
internal_value=0.0314142 0.0434629 0.0063827 0.0466903 0.0135111 0.0202364 -0.0112099 0.0107477 -0.0159075 -0.0279982 -0.0112704 0.0114569 0.020237 0.01042 0.0484669 0.0434721 0.0311395 -0.00795813 -0.0613614 0.00426795 0.0157182 0.0351607 0.028043 0.00986104 -0.0271469 -0.117158 -0.244047 -0.435328 -0.00192024 0.0121251
internal_weight=65059.7 43919.4 21140.3 38561.3 15044.4 5358.08 6095.86 14043.6 5498.66 2786.54 1442.8 1851.13 5698.52 3999.68 36710.2 12298.5 4072.87 379.826 175.989 8345.1 4660.29 3693.05 2508.84 848.518 346.759 105.492 60.1191 24.5372 1058.84 692.936
internal_count=1262246 41390 1220856 34506 270009 6884 950847 269336 945240 924563 112931 6443 80131 5904 28063 10217 4234 657 472 189205 79041 3577 2746 1225 743 409 378 242 75603 13838
is_linear=0
shrinkage=0.05


Tree=65
num_leaves=31
num_cat=0
split_feature=9 14 16 18 1 3 14 9 18 10 3 13 1 14 13 6 1 17 9 18 3 3 1 6 17 17 0 1 1 0
split_gain=7610.48 1327.64 1006.18 1163.53 967.619 593.546 564.661 297.268 413.208 283.897 194.837 193.195 190.18 373.319 248.298 249.776 316.576 185.619 172.897 171.629 240.263 169.257 163.572 162.274 292.374 154.953 152.786 459.436 150.107 238.855
threshold=0.31698564593301443 1.0000000180025095e-35 1.0000000180025095e-35 0.37407326047558903 0.71949134866691189 0.94494949494949509 0.75000000000000011 0.19677419354838713 0.44749373433583967 0.63798951588035779 0.64425612052730707 1.0000000180025095e-35 0.94074345606603682 0.75000000000000011 1.0000000180025095e-35 1.0000000180025095e-35 0.92986483891215366 0.78817016317016331 0.069366479550922219 0.5884438881935754 0.91331186258722508 0.8755952380952382 0.8617349498327761 0.75000000000000011 0.83935483870967753 0.34833164812942369 0.68819444444444455 0.88218502761606221 0.90933082402414711 0.54653679653679665
decision_type=2 2 2 2 2 2 2 2 2 2 2 2 2 2 2 2 2 2 2 2 2 2 2 2 2 2 2 2 2 2
left_child=2 5 3 -1 10 11 7 8 17 -5 25 -2 13 14 15 16 22 21 -10 -9 -21 28 -6 -17 26 -3 -25 -28 29 -4
right_child=1 4 6 9 12 -7 -8 19 18 -11 -12 -13 -14 -15 -16 23 -18 -19 -20 20 -22 -23 -24 24 -26 -27 27 -29 -30 -31
leaf_value=0.004129911642921316 0.0073884435330358062 0.042046836116425873 0.00084161523959384421 -0.043328367637620907 0.013824266296334223 0.049102764394027505 0.047696511827390632 0.044530098569935207 -0.042357815043443457 0.0090589310405735125 0.046289117016384801 0.055893409845814618 0.050843987225185627 0.04936172121559991 0.049319670490677002 0.036730163622385799 0.032824795049539189 0.018724308872025874 -0.0048066834463540943 -0.0055832768154215296 0.041789482630171536 -0.046119378759211543 -0.10264331598971739 0.0033028288743294333 0.037155936186174431 -0.0031654342924641861 0.042686671076229421 -0.13234505497560931 0.015524929686265211 -0.070097987486248778
leaf_weight=6901.8993537283968 3770.9540366157889 222.09881869889796 674.68788676417898 2040.7077558002202 41.300388291478157 1285.0849043428898 1246.4576627229108 963.05079320725054 448.71477225457784 296.14158176770434 322.20480546168983 217.10662095621228 23283.109639339149 7857.9997806362808 1217.1258336566389 1604.7043198645115 140.23513159900904 4626.3803142360412 967.4206291034352 600.80431347480044 482.6782548725605 173.24729429720901 111.62652122229338 237.00932953506708 449.14074287563562 1291.4729422293603 63.56779707223177 91.394587371498346 1343.8320344213862 143.97981986764353
leaf_count=37702 5834 284 11999 910864 54 966 24136 639 178780 2264 231 84 17846 5983 905 1521 142 18637 24364 1207 344 1676 387 369 425 5928 53 378 4987 3257
internal_value=0.0307998 0.0430205 0.00613278 -0.00619495 0.0463713 0.0195514 0.0158912 0.0120883 0.00791537 -0.0366895 0.0109845 0.010029 0.0482222 0.0430552 0.0305287 0.0221785 -0.0214338 0.0129233 -0.0167051 0.0291719 0.0155207 0.00143336 -0.0711894 0.027406 0.00961693 0.00346893 -0.0219386 -0.0605445 0.00524302 -0.0116346
internal_weight=63116.1 42206.1 20910 9238.75 36933 5273.15 11671.3 10424.8 8378.26 2336.85 1835.78 3988.06 35097.2 11814.1 3956.1 2738.98 293.162 6962.13 1416.14 2046.53 1083.48 2335.75 152.927 2445.82 841.112 1513.57 391.972 154.962 2162.5 818.668
internal_count=1262246 41390 1220856 950830 34506 6884 270026 245890 243700 913128 6443 5918 28063 10217 4234 3329 583 40556 203144 2190 1551 21919 441 2746 1225 6212 800 431 20243 15256
is_linear=0
shrinkage=0.05


Tree=66
num_leaves=31
num_cat=0
split_feature=9 14 4 4 18 14 3 1 17 5 1 9 18 1 9 13 5 4 0 4 8 18 9 8 1 14 6 1 1 14
split_gain=7370.1 1336.78 979.639 934.594 659.609 603.404 578.779 330.492 313.631 296.878 265.462 195.931 207.028 186.006 185.7 184.65 171.306 411.677 184.676 168.457 162.165 162.157 198.273 174.771 161.384 312.165 220.351 271.972 209.394 154.65
threshold=0.31698564593301443 1.0000000180025095e-35 0.7701575532900834 0.94201680672268928 0.60889328063241122 0.75000000000000011 0.94201680672268906 0.94839417534634463 0.90399385560675893 0.89898989898989912 0.77208203933747421 0.17519181585677754 0.58076375711574968 0.97039821776663893 0.19677419354838713 1.0000000180025095e-35 0.76388888888888895 0.95713410900183715 0.79449472096530938 0.121830550401979 0.40078740157480319 0.65283516988062462 0.15075757575757578 0.13359580052493439 0.94074345606603682 0.75000000000000011 1.0000000180025095e-35 0.92986483891215366 0.88381521796705353 0.75000000000000011
decision_type=2 2 2 2 2 2 2 2 2 2 2 2 2 2 2 2 2 2 2 2 2 2 2 2 2 2 2 2 2 2
left_child=3 6 10 4 13 8 15 19 9 -5 -3 12 -10 14 -1 16 17 18 -2 -6 -14 22 23 -11 25 26 27 28 -4 -12
right_child=1 2 24 5 7 -7 -8 -9 11 21 29 -13 20 -15 -16 -17 -18 -19 -20 -21 -22 -23 -24 -25 -26 -27 -28 -29 -30 -31
leaf_value=-0.0060454253058091585 -0.010674542533268617 0.0026386138361567529 0.011011374655001719 0.013094184954537942 0.034875844830230956 0.051781807386246437 0.048667743187249451 0.02837895354901154 0.01823940452035817 -0.0023574500266828422 -0.005734535914864369 0.039526414594839784 -0.033422313070645367 0.040329459629634662 0.032047898188889347 0.055544529025627766 -0.0043596250710269046 0.0494969323407492 0.030694107230207119 -0.046178544568923494 0.048957490712026486 -0.030402925816337925 0.032392325705401563 -0.045386177366833966 0.050705289202039608 0.04941030970105563 0.035610497075547524 0.036962850001293311 -0.096609387069727992 0.049334717654462672
leaf_weight=3500.997702048393 950.97416120348498 1540.4723926135339 81.813699841499329 4241.2750559365377 66.815008835750632 923.37019872898236 1240.9822236560285 180.51688212598674 4145.8536769372877 2811.6540537498659 159.63023711368442 979.72957429802045 339.46290980547201 270.48469493805896 352.10470447875559 206.57442081719637 1761.7442518621683 655.20717556402087 376.62143811956048 1579.1152136161691 72.496801766799763 576.75365826894995 378.35776128992438 257.61208084260579 22180.500917442143 7121.0770041532815 3368.0389853604138 190.21271556615829 100.98597518727183 633.16559794917703
leaf_count=173594 2225 6281 103 86940 14258 673 980 7901 14783 5400 266 1090 63595 389 2393 83 2899 354 343 752312 663 74408 422 22035 17831 5690 3392 185 335 423
internal_value=0.0301889 0.0425718 0.0460489 0.00589346 -0.0108303 0.0126504 0.0188804 -0.0358445 0.0100327 0.00386377 0.0147374 0.0192408 0.0148803 0.000249224 -0.00256438 0.00952467 0.0069859 0.0170665 0.0010612 -0.0428882 -0.0189251 -0.00586413 -0.00175903 -0.00596897 0.04826 0.0432666 0.0315721 -0.00489128 -0.0484427 0.0382465
internal_weight=61244.6 40568 35375.9 20676.6 5950.03 14726.6 5192.1 1826.45 13803.2 8265.65 2333.27 5537.54 4557.81 4123.59 3853.1 3951.12 3744.55 1982.8 1327.6 1645.93 411.96 4024.38 3447.62 3069.27 33042.6 10862.1 3741.05 373.012 182.8 792.796
internal_count=1262246 41390 34506 1220856 950847 270009 6884 774471 269336 189205 6970 80131 79041 176376 175987 5904 5821 2922 2568 766570 64258 102265 27857 27435 27536 9705 4015 623 438 689
is_linear=0
shrinkage=0.05


Tree=67
num_leaves=31
num_cat=0
split_feature=9 14 4 16 18 3 14 9 18 9 8 8 1 5 4 3 14 5 4 3 18 3 8 9 14 9 17 2 9 8
split_gain=7138.02 1334.06 983.752 896.471 1045.28 562.054 522.536 270.773 358.323 423.838 299.822 269.591 252.75 168.461 511.231 167.696 319.933 269.049 305.641 163.883 159.511 213.626 158.652 153.441 150.567 149.531 153.9 148.157 156.933 166.975
threshold=0.31698564593301443 1.0000000180025095e-35 0.7701575532900834 1.0000000180025095e-35 0.37407326047558903 0.94494949494949509 0.75000000000000011 0.19677419354838713 0.22684744000693063 0.069366479550922219 0.20067114093959734 0.5885620915032681 0.77208203933747421 0.81666666666666676 0.95293466223698797 0.90443574690150041 0.75000000000000011 0.86607142857142871 0.94201680672268928 0.86240703177822864 0.5884438881935754 0.91331186258722508 0.31440092165898625 0.79057017543859665 0.75000000000000011 0.79057017543859665 0.83935483870967753 0.78888888888888908 0.17752100840336138 0.2669211195928754
decision_type=2 2 2 2 2 2 2 2 2 2 2 2 2 2 2 2 2 2 2 2 2 2 2 2 2 2 2 2 2 2
left_child=3 5 12 4 -1 13 7 8 -5 22 -11 27 -3 14 19 16 17 18 25 -2 -9 -22 -10 -19 -14 26 -4 -6 -29 -30
right_child=1 2 15 6 11 -7 -8 20 9 10 -12 -13 24 -15 -16 -17 -18 23 -20 -21 21 -23 -24 -25 -26 -27 -28 28 29 -31
leaf_value=0.0036038667194141314 -0.0079833900372583266 0.0025084207224230796 -0.030934544957695473 0.014077282980103937 -0.046473213654280213 0.048645218907834499 0.046693251581753865 0.043465755360338997 -0.043427690202934799 0.043035426106829255 -0.0067095131072061678 0.034607452873682401 -0.0054229056447121539 -0.0035036371113129241 0.049722449107455297 0.051134574838860504 0.04958652277416891 0.00035155154090314462 0.050344906588569806 0.031078318282422884 -0.0046263655847204113 0.040805633306978915 0.079840528109501846 0.038825751773989475 0.049067751975599906 0.044989805390868103 0.019717985464911644 -0.051586108849196635 0.073709781412049785 -0.016185172031558462
leaf_weight=6853.2843543770723 1199.6349188266322 1539.4327366109937 199.0311081558466 5856.9988900029566 1709.286196737783 1173.7037759758532 1167.7184624320362 906.40030000079423 752.68933623644989 403.99977435008623 1210.4673444529762 127.93154591915663 160.3444345779717 1566.059596631676 813.84794504567981 18245.633311739191 8516.0569484010339 802.28885419107974 2443.5172961484641 345.95126817002892 602.84695432148874 453.30356489866972 27.040277038700879 382.78899436444044 605.48050816729665 388.29356164112687 608.24386610090733 152.49412138678599 77.330913630314171 155.58380240015686
leaf_count=37702 2615 6281 432 13344 858552 966 24136 639 201864 4664 21593 601 266 2549 452 15232 7072 1362 1954 302 1207 344 2235 389 423 321 774 53296 141 538
internal_value=0.0295807 0.0421306 0.045718 0.00566162 -0.00605945 0.018287 0.0150083 0.0113859 0.00741549 -0.00888147 0.00573852 -0.0358555 0.0141857 0.00921006 0.0176487 0.0480194 0.0437587 0.0334708 0.0402091 0.000759861 0.0280786 0.0148732 -0.0391529 0.012779 0.0376588 0.0194934 0.00722976 -0.0401589 -0.0121551 0.0136612
internal_weight=59447.7 38990.3 33891.1 20457.4 9075.91 5099.2 11381.5 10213.7 8251.2 2394.2 1614.47 2222.63 2305.26 3925.49 2359.43 31585.9 13340.2 4824.16 3639.09 1545.59 1962.55 1056.15 779.73 1185.08 765.825 1195.57 807.275 2094.7 385.409 232.915
internal_count=1262246 41390 34506 1220856 950830 6884 270026 245890 243700 230356 26257 913128 6970 5918 3369 27536 12304 5232 3481 2917 2190 1551 204099 1751 689 1527 1206 912527 53975 679
is_linear=0
shrinkage=0.05


Tree=68
num_leaves=31
num_cat=0
split_feature=9 14 4 16 18 3 14 6 10 1 17 18 17 3 14 5 6 2 2 18 4 6 1 3 9 17 1 18 6 5
split_gain=6904.09 1329.39 986.809 820.82 976.414 545.12 494.119 299.245 260.142 240.409 220.864 196.148 174.988 173.921 325.888 263.715 812.51 619.347 797.06 352.733 306.374 305.628 297.215 425.542 278.37 262.482 168.606 162.956 162.833 191.979
threshold=0.31698564593301443 1.0000000180025095e-35 0.7701575532900834 1.0000000180025095e-35 0.37407326047558903 0.94494949494949509 0.75000000000000011 1.0000000180025095e-35 0.63798951588035779 0.77208203933747421 0.89528508771929838 0.68583234946871319 0.65058139534883741 0.90443574690150041 0.75000000000000011 0.86607142857142871 0.75000000000000011 0.88194444444444453 0.73214285714285732 0.84389334862385335 0.94201680672268928 1.0000000180025095e-35 0.91043998879043453 0.84660633484162906 0.5590277777777779 0.76705426356589157 0.96192933313676365 0.98984745413316855 0.75000000000000011 0.69047619047619058
decision_type=2 2 2 2 2 2 2 2 2 2 2 2 2 2 2 2 2 2 2 2 2 2 2 2 2 2 2 2 2 2
left_child=3 5 9 4 -1 27 7 11 -6 -3 28 12 -5 14 15 20 -17 18 -18 24 21 -4 -21 -24 25 -20 -25 -2 -9 -30
right_child=1 2 13 6 8 -7 -8 10 -10 -11 -12 -13 -14 -15 -16 16 17 -19 19 22 -22 -23 23 26 -26 -27 -28 -29 29 -31
leaf_value=0.0034285627356648359 0.012127264819986584 0.0023845707437189071 -0.03682257388945738 -0.076961652419693882 -0.041992742015919654 0.0484137400314128 0.045766768706792943 0.014257039439008509 0.0090205433465160006 0.037066023943272575 0.02300078495685183 -0.066228250757655677 0.00055389291108839727 0.051029208416997096 0.049400556423835715 0.035395763414575489 -0.0076363145977210965 0.047290721352316628 -0.58954809686357179 -0.15861252176551494 0.050189014051334073 0.030553675352281651 -0.82162447598285415 -0.36667418163396348 -0.0055691794295319869 -0.12010406396099038 -0.028606000485519523 -0.02309954237739931 0.019240560009972207 -0.016215676862491629
leaf_weight=6843.7600877253572 3525.8998432960361 1538.4445279859938 203.61114140972495 77.594987193704583 1866.6523934347206 1121.6660471763462 1132.6890865915921 2924.6680045824032 288.54044275358319 740.05211860314012 4013.5537604134297 141.97766120929737 1179.8233538878849 17390.718570595607 8130.455236973241 895.64961713738739 91.164528893306851 87.314195839688182 4.6413756385445586 24.148725744336843 2331.3842232339084 970.90805668197572 4.8541516941040745 24.300449486821893 26.526754386723042 8.3068377338349801 4.348033118993043 361.99977369233966 558.90448525163811 1204.6463734380668
leaf_count=37702 5116 6281 449 6804 910864 966 24136 82053 2264 689 53877 30972 24557 15232 7072 959 166 72 60 111 1954 1078 85 209 47 32 10 802 22845 24782
internal_value=0.0289764 0.0416808 0.0453788 0.00543824 -0.00581388 0.0177064 0.0144518 0.0109403 -0.035163 0.0136491 0.0143915 -0.0105197 -0.00422957 0.0477729 0.0433513 0.0328356 0.0122946 -0.0627784 -0.11382 -0.213485 0.039698 0.0188735 -0.292331 -0.388716 -0.098334 -0.288379 -0.315365 0.00884732 0.00702113 -0.00497889
internal_weight=57719.2 37486.4 32476.8 20232.8 8998.95 5009.57 11233.9 10101.2 2155.19 2278.5 8701.77 1399.4 1257.42 30198.3 12807.6 4677.16 1171.25 275.605 188.291 97.1263 3505.9 1174.52 57.6514 33.5026 39.475 12.9482 28.6485 3887.9 4688.22 1763.55
internal_count=1262246 41390 34506 1220856 950830 6884 270026 245890 913128 6970 183557 62333 31361 27536 12304 5232 1751 792 720 554 3481 1527 415 304 139 92 219 5918 129680 47627
is_linear=0
shrinkage=0.05


Tree=69
num_leaves=31
num_cat=0
split_feature=9 14 16 18 3 9 3 9 18 14 3 14 13 5 6 2 2 2 8 8 2 18 3 3 13 2 6 5 3 17
split_gain=6696.28 1240.3 863.665 831.439 822.638 573.728 497.422 351.003 253.433 223.61 219.253 298.961 248.369 310.188 741.881 543.203 460.998 210.266 205.74 197.455 174.482 233.12 237.423 266.621 173.571 167.378 263.083 162.681 159.141 153.558
threshold=0.33974358974358981 1.0000000180025095e-35 1.0000000180025095e-35 0.30451766304347833 0.46234817813765189 0.19677419354838713 0.94494949494949509 0.17752100840336138 0.44749373433583967 1.0000000180025095e-35 0.90443574690150041 0.75000000000000011 1.0000000180025095e-35 0.81666666666666676 0.75000000000000011 0.88194444444444453 0.73214285714285732 0.63068181818181823 0.73363914373088701 0.40078740157480319 0.61250000000000016 0.86121248986212506 0.73443554637044695 0.58499061913696071 1.0000000180025095e-35 0.61250000000000016 1.0000000180025095e-35 0.73214285714285732 0.8128434065934067 0.79449472096530926
decision_type=2 2 2 2 2 2 2 2 2 2 2 2 2 2 2 2 2 2 2 2 2 2 2 2 2 2 2 2 2 2
left_child=2 6 3 -1 -3 8 24 -5 29 -7 11 12 13 25 20 16 -16 -9 -18 -10 21 -15 23 -23 27 26 28 -2 -6 -4
right_child=1 4 5 7 10 9 -8 17 19 -11 -12 -13 -14 14 15 -17 18 -19 -20 -21 -22 22 -24 -25 -26 -27 -28 -29 -30 -31
leaf_value=0.0034491213508700026 0.022197743039680733 0.0076946849949600512 0.0022774424994379656 -0.050514281972520253 -0.093310938988447736 0.0099257612660214999 0.048329886430401925 -0.032761855593552346 -0.017514780432369082 0.040632191832492899 0.050963787384062736 0.047892753822847432 0.049258112472984082 0.0026181347689796537 -0.029514425335342306 0.04544799584647221 -0.13749342256343355 0.0081417499552106625 -0.28777022109553141 0.03101697144277097 0.033976231057011134 -0.19296364235161256 -0.079655650126784217 -1.0138225017402276 0.055064895017311967 0.046482763585082063 0.029631990820329891 -0.0010480579596901872 0.0042914661907248984 0.017777575676153849
leaf_weight=6765.6110510322032 1108.7318961517885 1386.4770934819244 2476.8052959857741 1162.0318010232295 73.188307542353868 787.69213185063563 1031.463112147525 630.86983633361524 1333.4549439708935 2397.335626038257 16300.423893181607 8280.3141956962645 1426.1922866683453 21.105250664055351 68.443110849708319 62.413566906005144 54.554124683141708 625.89129560813308 39.099493853747845 248.66707114630844 539.76840062439442 2.0391673780977713 5.3100635260343552 1.9212647117674349 193.64507218077779 1183.0415071677417 990.91691109910607 2343.443443570286 97.269710425287485 4502.706606948399
leaf_count=25952 1551 4665 22892 855357 245 1265 928 69419 222830 3838 14984 7737 1240 33 151 54 227 1774 275 1438 598 11 17 41 84 1109 1122 3812 135 18462
internal_value=0.028337 0.0416511 0.0059403 -0.00554597 0.045324 0.0149211 0.0176745 -0.0307061 0.00818135 0.0330382 0.0471141 0.0422289 0.0319561 0.0240951 -0.00290154 -0.0798894 -0.128149 -0.0123911 -0.200233 -0.00988689 0.0274146 -0.0891839 -0.298181 -0.591175 0.00900163 0.0332458 0.0197619 0.00641777 -0.0376154 0.0122771
internal_weight=56140.8 35209.8 20931.1 9184.4 30532.5 11746.7 4677.28 2418.79 8561.63 3185.03 29146 12845.6 4565.26 3139.07 794.654 224.51 162.097 1256.76 93.6536 1582.12 570.144 30.3757 9.2705 3.96043 3645.82 2344.42 1161.37 3452.18 170.458 6979.51
internal_count=1262246 39019 1223227 952502 32644 270725 6375 926550 265622 5103 27979 12995 5258 4018 1407 707 653 71193 502 224268 700 102 69 52 5447 2611 1502 5363 380 41354
is_linear=0
shrinkage=0.05


Tree=70
num_leaves=31
num_cat=0
split_feature=10 3 4 13 18 12 4 5 6 6 2 2 1 17 1 1 18 17 5 0 5 6 2 0 12 1 10 2 12 0
split_gain=5996.25 1156.88 835.47 640.78 563.455 526.149 495.36 1102.92 649.02 583.672 463.842 349.531 429.512 344.204 310.541 307.231 286.419 218.39 204.83 243.394 201.197 189.091 379.839 185.813 190.176 182.65 196.473 182.359 176.486 173.3
threshold=0.66885964912280715 0.90443574690150041 0.9457002457002458 1.0000000180025095e-35 0.60889328063241122 1.0000000180025095e-35 0.95040983606557383 0.89898989898989912 1.0000000180025095e-35 0.75000000000000011 0.61250000000000016 0.88194444444444453 0.88541849871261646 0.87939393939393951 0.95791350032836109 0.67932244404113751 0.7649616368286446 0.78817016317016331 0.69047619047619058 0.56711711711711721 0.69047619047619058 1.0000000180025095e-35 0.88194444444444453 0.74772727272727291 1.0000000180025095e-35 0.46021700076001615 0.58086312118570194 0.61250000000000016 1.0000000180025095e-35 0.25760368663594474
decision_type=2 2 2 2 2 2 2 2 2 2 2 2 2 2 2 2 2 2 2 2 2 2 2 2 2 2 2 2 2 2
left_child=2 3 4 6 -1 16 8 -8 -2 10 -9 12 -11 18 25 -5 17 20 23 -20 -4 22 -12 24 29 26 -6 -22 -27 -10
right_child=1 -3 5 15 14 -7 7 9 13 11 21 -13 -14 -15 -16 -17 -18 -19 19 -21 27 -23 -24 -25 -26 28 -28 -29 -30 -31
leaf_value=0.0010371937777642873 -0.04148070971822538 0.049987207272650894 0.016486341553759526 0.0089468906520336101 -0.050851344003202709 0.039637798923336028 0.050181166042048655 -0.080640701402471662 -0.074080504887080623 0.036070918806034601 -0.32164026147135827 0.049207768165578897 -0.044715677219283823 0.033117406197277308 0.040165171339463013 0.050351473343187639 -0.015652602065876577 0.017067738936212939 0.037239379851841864 -0.053198455008299055 -0.039417482129703606 0.034059031011969526 0.052961702201351428 0.047171026214447284 0.017042143646595311 -0.050765813081535188 0.051831889519971114 -0.00047351503023362169 -0.0032030054541696434 -0.0032317985277393818
leaf_weight=4335.979270679818 505.04730543144979 16857.754180816934 1706.8608707997482 496.41232676804066 80.81522691732971 1657.3159648872679 4136.2020849119872 95.334079444408417 124.08189849043265 207.21639901027083 11.246924808248879 171.22215278074145 798.61856930330396 2018.8812176408246 138.15216318459716 4596.9318559821695 1024.4750867289258 7532.1449329536408 101.19189987331629 280.94758465513587 344.62656846363097 1983.8918956387788 16.989003658294678 297.04928972572088 813.78676812024787 1288.2401948871557 109.98318678536452 2352.9424039407168 229.83227445086231 283.55903917690739
leaf_count=177109 1891 16229 20912 758 62396 4858 3612 304 865 199 87 135 2139 2316 5101 4140 140105 61533 103 759 10688 2035 11 231 1176 700998 1505 30327 9094 630
internal_value=0.0277145 0.0407142 0.00659367 0.0314855 -0.00881408 0.0131105 0.0251086 0.0330039 0.0118668 0.0113725 0.0271245 -0.0168308 -0.0280725 0.0187409 -0.0319404 0.0463161 0.00971853 0.0118961 0.00346976 -0.0292502 0.0030518 0.0322304 -0.0962496 0.0117041 0.00307854 -0.0377698 0.00833903 -0.00544878 -0.0435649 -0.0247974
internal_weight=54597.7 33796.4 20801.4 16938.6 6183 14618.4 11845.3 7420.72 4424.55 3284.52 2107.46 1177.06 1005.83 3919.5 1847.02 5093.34 12961 11936.6 1900.62 382.139 4404.43 2012.13 28.2359 1518.48 1221.43 1708.87 190.798 2697.57 1518.07 407.641
internal_count=1262246 37620 1224626 21391 956203 268423 16493 8522 7971 4910 2437 2473 2338 6080 779094 4898 263565 123460 3764 862 61927 2133 98 2902 2671 773993 63901 41015 710092 1495
is_linear=0
shrinkage=0.05


Tree=71
num_leaves=31
num_cat=0
split_feature=10 14 1 4 14 0 1 12 1 14 13 6 17 17 17 5 13 5 4 6 4 5 0 2 10 8 0 1 5 2
split_gain=5810.92 1506.66 780.08 762.311 733.601 622.051 402.902 276.421 215.255 386.811 260.677 221.61 221.877 213.072 211.688 197.124 171.923 160.212 245.57 212.447 191.531 321.706 281.382 184.358 162.677 188.496 159.001 174.406 484 158.751
threshold=0.66885964912280715 1.0000000180025095e-35 0.69169683683750194 0.9457002457002458 0.75000000000000011 0.89039039039039047 0.95791350032836109 1.0000000180025095e-35 0.94074345606603682 0.75000000000000011 1.0000000180025095e-35 1.0000000180025095e-35 0.96609195402298864 0.78817016317016331 0.83935483870967753 0.69047619047619058 1.0000000180025095e-35 0.73214285714285732 0.91715686274509822 0.75000000000000011 0.95293466223698797 0.89898989898989912 0.68819444444444455 0.88194444444444453 0.96785673286649077 0.89504283965728282 0.78817016317016331 0.82656695468155927 0.35416666666666669 0.61250000000000016
decision_type=2 2 2 2 2 2 2 2 2 2 2 2 2 2 2 2 2 2 2 2 2 2 2 2 2 2 2 2 2 2
left_child=3 5 -3 6 7 16 14 13 9 10 11 12 -4 15 26 -5 17 18 19 -2 22 -22 -19 24 25 -23 27 -1 -29 -17
right_child=1 2 8 4 -6 -7 -8 -9 -10 -11 -12 -13 -14 -15 -16 29 -18 20 -20 -21 21 23 -24 -25 -26 -27 -28 28 -30 -31
leaf_value=-0.036501412591600016 -0.026164498138290748 0.0079654875294869129 -0.012247880914893795 0.011566952014545693 0.05087039259385763 0.047549577095022048 0.029762762088085089 0.033268044863500629 0.050031957462856526 0.047996563214597693 0.04815695133317352 0.022741161713840063 -0.17753441042371806 0.012216867589719257 -0.0036832987154867564 -0.039811038290081979 0.053530997655544726 0.0087704663413374542 0.049296142796252544 0.028593916844108482 0.047614894535144885 -0.011774771961255219 -0.060511146896958093 0.048643246539814639 0.030397336076981241 -0.077296917122348208 -0.086703539113363357 0.050415182790659735 -0.023747493552188793 -0.0049922017780694829
leaf_weight=1032.1710093877045 361.45761229749769 1366.3099404666573 240.1310586258769 1782.9917645341484 1151.4499349449761 1116.3446162436157 619.9843219819013 1101.039350915933 17083.081225128844 5990.1058697886765 957.6952316109091 1941.0555732604116 22.179099710658193 7650.2319752471521 2969.5728254611604 378.69761327560991 174.72777086496353 267.80036824103445 409.71405971422791 347.33730398863554 338.69871431216598 1109.6794923432171 323.70299844071269 140.03217819705606 199.66172539442778 121.81531611457467 95.291161804285366 272.4251741268672 1143.1140031410614 2414.9267773142783
leaf_count=510360 1058 3166 451 43474 1023 1033 6280 4393 17343 5964 907 2595 115 135993 322934 23283 86 434 244 365 213 2017 969 89 190 381 6154 23813 86662 60257
internal_value=0.0270914 0.0402585 0.0447988 0.0063227 0.0125805 0.0147412 -0.00845241 0.00927251 0.0467171 0.040529 0.0263781 0.0169119 -0.0262233 0.00711169 -0.0127504 -0.00142209 0.00508927 0.00275105 0.0184815 0.000669273 -0.00428288 0.00341682 -0.0291442 -0.00611089 -0.0114683 -0.018256 -0.0233384 -0.0208715 -0.00947464 -0.00971217
internal_weight=53123.4 32511.5 27600.6 20611.9 14479.3 4910.97 6132.56 13327.9 26234.2 9151.17 3161.06 2203.37 262.31 12226.8 5512.57 4576.62 3794.63 3619.9 1118.51 708.795 2501.39 1909.89 591.503 1571.19 1431.16 1231.49 2543 2447.71 1415.54 2793.62
internal_count=1262246 37620 30541 1224626 268423 7079 956203 267400 27375 10032 4068 3161 566 263007 949923 127014 6046 5960 1667 1423 4293 2890 1403 2677 2588 2398 626989 620835 110475 83540
is_linear=0
shrinkage=0.05


Tree=72
num_leaves=31
num_cat=0
split_feature=9 14 1 1 18 14 3 10 0 1 9 8 3 1 14 13 14 0 9 18 17 17 18 17 5 12 13 6 17 3
split_gain=6138.51 1235.09 892.408 642.57 521.082 508.302 457.631 429.674 256.195 296.4 249.58 360.794 227.315 210.381 357.341 227.455 209.425 208.012 197.422 221.074 165.376 163.56 160.995 230.855 157.071 156.906 155.828 152.9 186.517 162.777
threshold=0.33974358974358981 1.0000000180025095e-35 0.71949134866691189 0.9368501714055254 0.60889328063241122 0.75000000000000011 0.94494949494949509 0.58853389071364604 0.70871212121212135 0.82289129977672804 0.09449404761904763 1.0000000180025095e-35 0.64425612052730707 0.94074345606603682 0.75000000000000011 1.0000000180025095e-35 0.75000000000000011 0.82426470588235301 0.17752100840336138 0.44749373433583967 0.68819444444444455 0.48808848553601819 0.56052281052281061 0.86240703177822864 0.58571428571428574 1.0000000180025095e-35 1.0000000180025095e-35 1.0000000180025095e-35 0.96609195402298864 0.7590571802706243
decision_type=2 2 2 2 2 2 2 2 2 2 2 2 2 2 2 2 2 2 2 2 2 2 2 2 2 2 2 2 2 2
left_child=3 6 24 4 8 18 26 25 10 -10 11 21 -11 14 15 27 -9 -14 19 20 -5 -1 -20 -24 -3 -6 -2 28 29 -4
right_child=1 2 13 5 7 -7 -8 16 9 12 -12 -13 17 -15 -16 -17 -18 -19 22 -21 -22 -23 23 -25 -26 -27 -28 -29 -30 -31
leaf_value=-0.032233375620768119 0.0053155109407474017 0.0025970050754493511 -0.092422164902086601 -0.042159757904046108 -0.048060833921440588 0.051811782403738661 0.047633809663874455 -0.015335066712712182 0.036372814912927487 0.057201324111810892 0.030814294655853759 -0.044736221556695863 -0.048377172491901661 0.049998340657755901 0.047924289030789671 0.047902600392015944 0.032520725884426276 -0.0044141045209147882 0.045808224074702392 -0.015808338956503475 0.011133948805487957 0.0090867720643115196 -0.022848198506265873 0.028501128267966042 0.046277381143746799 0.0059166625990825401 0.054258198095126366 0.023218007405053635 -0.15477403261336112 0.013683871201773161
leaf_weight=254.46680105174892 3349.7260438622907 1426.2055594509002 43.515933867543936 148.56828827923164 1257.2966552917496 798.18370342999697 900.56003880314529 714.943008031114 225.3780258660554 76.832006909418851 940.62460561777698 370.80199699627701 707.11652522778604 16515.584526209161 5658.0720876045525 911.69710868783295 336.07653237570776 434.32460131065454 633.31089099030942 930.65714133251458 7204.8370451391675 4070.057776438538 304.3997154366225 779.10408464865759 240.51554943434894 150.7792202931596 170.93198822066188 1941.372322242707 22.384264562278986 213.40724049881101
leaf_count=1893 5363 4953 148 892 830647 692 928 2874 2212 386 22356 140864 12748 17559 5880 905 8826 3878 493 148871 16536 16676 869 1213 209 10301 84 2596 106 288
internal_value=0.0264603 0.0403231 0.0443383 0.00506128 -0.00439515 0.013414 0.0158276 -0.0242239 0.00249235 -0.016301 0.00730627 0.00259686 -0.0260455 0.0466724 0.0404235 0.0268746 -3.25835e-05 -0.031649 0.0103495 0.00715139 0.0100572 0.00665538 0.025781 0.014075 0.00890028 -0.0422808 0.00769173 0.0182416 -0.0163479 -0.00428766
internal_weight=51731.7 31394 26972.8 20337.8 9538.7 10799.1 4421.22 2459.1 7079.6 1443.65 5635.95 4695.33 1218.27 25306 8790.45 3132.38 1051.02 1141.44 10000.9 8284.06 7353.41 4324.52 1716.81 1083.5 1666.72 1408.08 3520.66 2220.68 279.307 256.923
internal_count=1262246 39019 32644 1223227 1053661 169566 6375 852648 201013 19224 181789 159433 17012 27482 9923 4043 11700 16626 168874 166299 17428 18569 2575 2082 5162 840948 5447 3138 542 436
is_linear=0
shrinkage=0.05


Tree=73
num_leaves=31
num_cat=0
split_feature=9 14 1 16 18 14 2 12 6 1 14 13 1 16 5 17 2 1 9 8 9 8 8 8 2 2 9 2 1 2
split_gain=5911.63 1233.63 889.835 721.157 707.959 528.081 428.66 316.095 249.387 216.672 359.492 224.134 198.442 187.757 170.89 158.559 155.81 155.174 155.169 160.816 238.661 217.553 155.428 149.517 217.177 143.944 161.428 143.385 133.628 138.836
threshold=0.33974358974358981 1.0000000180025095e-35 0.71949134866691189 1.0000000180025095e-35 0.30451766304347833 0.75000000000000011 0.88194444444444453 1.0000000180025095e-35 1.0000000180025095e-35 0.94074345606603682 0.75000000000000011 1.0000000180025095e-35 0.90933082402414711 1.0000000180025095e-35 0.81666666666666676 0.65058139534883741 0.36931818181818188 0.77762260765550251 0.17519181585677754 1.0000000180025095e-35 0.069366479550922219 0.20067114093959734 0.26483157365510307 0.5885620915032681 0.81666666666666676 0.63068181818181823 0.17752100840336138 0.63068181818181823 0.93252124695228156 0.61250000000000016
decision_type=2 2 2 2 2 2 2 2 2 2 2 2 2 2 2 2 2 2 2 2 2 2 2 2 2 2 2 2 2 2
left_child=3 6 16 4 -1 8 14 25 15 10 11 13 -10 -4 27 -5 -3 -7 19 -14 22 -22 -21 -16 -25 -6 -27 -2 29 -17
right_child=1 2 9 5 7 17 -8 -9 12 -11 -12 -13 18 -15 23 28 -18 -19 -20 20 21 -23 -24 24 -26 26 -28 -29 -30 -31
leaf_value=0.0023834274269601678 0.0083138820185862956 0.0022570592745073544 -0.00019478966882364616 -0.075512012869298539 -0.049278870802871355 -0.0014756442392555328 0.048842623117844874 0.010898868377625234 -0.00077432064249960907 0.049873343145080171 0.047695679909153521 0.047665062032697735 0.018506131171161563 0.029719149999737283 0.018210366230488748 -0.0097324348712623746 0.046091225761720117 0.051886225964752578 0.030579516937717207 -0.03603147299873101 0.049259750014825361 -0.0021358889688631449 0.056802218985362266 -0.011719134027250435 -0.12759644165574954 -0.051325744960061065 -0.00065792974304172257 0.036298879551703238 0.0057056620513493061 -0.07071543346489885
leaf_weight=6651.5592845143983 1530.875173673965 1419.1898766907398 878.57539589144289 86.707897125685122 1179.3518803183106 157.02453221462201 779.72762502357364 387.21593278687214 2073.912187061389 15748.498196059838 5407.2769213803113 871.44692516326904 3500.9707661792636 1301.778585838154 446.03877368196845 311.8263287502923 236.51114389300346 1029.1333282783162 1587.4609982222319 493.19957660138607 299.75982145487797 657.55999240861274 49.624254876514897 912.94887850061059 42.308899514377117 255.66569895163411 408.17250379780307 652.92934571392834 869.13512792275287 133.19708905549487
leaf_count=25952 2592 4950 1550 12138 796730 23447 794 12403 105856 17559 5880 905 3659 1588 541 31939 212 923 1616 58346 1678 7422 5376 1661 187 115911 1506 600 11647 6678
internal_value=0.0258512 0.0398315 0.043981 0.00485938 -0.00579086 0.0132682 0.0152439 -0.0301684 0.00954896 0.0464065 0.0399521 0.0262318 0.0127142 0.0176653 0.00793652 -0.0100241 0.00851862 0.0448221 0.0169601 0.012637 -0.00106011 0.0139573 -0.0275447 -0.00569109 -0.0168514 -0.0387957 -0.0201718 0.016681 -0.00570321 -0.0279849
internal_weight=50359.6 30228.1 25863.3 20131.5 8881.97 11249.5 4364.83 2230.41 10063.4 24207.6 8459.08 3051.8 8662.49 2180.35 3585.1 1400.87 1655.7 1186.16 6588.58 5001.11 1500.14 957.32 542.824 1401.3 955.258 1843.19 663.838 2183.8 1314.16 445.023
internal_count=1262246 39019 32644 1223227 952502 270725 6375 926550 246355 27482 9923 4043 183953 3138 5581 62402 5162 24370 78097 76481 72822 9100 63722 2389 1848 914147 117417 3192 50264 38617
is_linear=0
shrinkage=0.05


Tree=74
num_leaves=31
num_cat=0
split_feature=10 14 4 4 14 3 18 6 0 12 18 0 5 4 6 6 3 10 8 4 3 10 0 6 2 3 5 4 3 0
split_gain=5217.69 1473.25 781.067 626.711 659.072 583.614 489.493 432.585 357.237 239.94 355.946 188.87 182.861 404.245 161.209 160.562 192.897 132.937 135.719 130.383 136.687 129.122 168.8 165.806 212.627 151.122 139.104 126.36 120.558 120.53
threshold=0.66885964912280715 1.0000000180025095e-35 0.89512961508248245 0.9457002457002458 0.75000000000000011 0.93788580246913589 0.72509541984732839 1.0000000180025095e-35 0.31622807017543864 1.0000000180025095e-35 0.702836499866203 0.89039039039039047 0.76388888888888895 0.95713410900183715 0.75000000000000011 1.0000000180025095e-35 0.8427393785668994 0.96785673286649077 0.76705426356589157 0.24440019910403191 0.47856705450091863 0.53361581920903967 0.3504385964912281 0.75000000000000011 0.52272727272727282 0.27072835547411828 0.64583333333333337 0.87298335467349564 0.70801282051282055 0.75809822361546508
decision_type=2 2 2 2 2 2 2 2 2 2 2 2 2 2 2 2 2 2 2 2 2 2 2 2 2 2 2 2 2 2
left_child=3 5 7 6 9 12 15 -3 19 10 -5 -8 13 14 28 16 -1 18 -14 -9 -21 22 -17 25 26 -24 -25 -18 -2 -28
right_child=1 2 -4 4 -6 -7 11 8 -10 -11 -12 -13 17 -15 -16 21 27 -19 -20 20 -22 -23 23 24 -26 -27 29 -29 -30 -31
leaf_value=-0.039145548128473089 -0.049776545253160352 -0.038488595535563552 0.047527590662196154 0.0090397593366885586 0.050207237786877815 0.0476098578399579 -0.040334578459400333 0.021658636103475178 0.037657922208074568 0.03143723649121731 -0.021116472984107203 0.035307841977912167 -0.0015340368659980848 0.048813469309408053 0.020713114830607157 -0.040644965258589114 -0.096485191763698019 0.028460782606185495 -0.032296467425881055 -0.025411581659821554 0.04449495470253604 0.02926580994484362 0.25944652414475106 -0.017349857606664205 -0.040417343582225956 0.012054983739802726 -0.0062677517082856812 0.027591456436923401 -0.0039845352152944255 0.04322976213243717
leaf_weight=506.64576076640515 186.9056096021086 268.70163603452966 20632.230093335733 10900.365471585712 1012.5709647834301 976.08637480437756 1208.7692735788296 460.22876455634832 2446.810276824981 1033.9546120750019 1075.0255835134885 88.56921373977093 998.5177463889122 602.59963438659906 540.06468591466546 233.81485421117395 22.709926124487538 225.9263292811811 559.410610165447 453.18760771304369 82.682377764955163 435.48470918292878 6.1932465655263504 446.01094740623375 404.12185846635839 1892.4655604227446 222.4101951936027 212.76240114058601 622.26188447512686 275.13407310412731
leaf_count=85873 720 907 24373 93685 1023 1026 618452 558 2847 4393 169322 5207 1611 401 621 131782 1113 223 1243 1773 83 4574 8 32299 6934 60227 5996 2051 1234 1687
internal_value=0.0252513 0.0387757 0.043729 0.00558079 0.0113522 0.0131842 -0.00800854 0.022613 0.0273816 0.00832791 0.00633265 -0.0351705 0.00418926 0.0147648 -0.000442117 -0.000443044 -0.021767 -0.00738216 -0.01258 0.00213901 -0.0146253 0.00359842 0.000386556 0.00334182 -0.0100705 0.012862 0.00292695 0.015625 -0.0145618 0.0211036
internal_weight=49032.6 29055.6 24343.8 19977 14021.9 4711.77 5955.09 3711.61 3442.91 13009.3 11975.4 1297.34 3735.69 1951.83 1349.23 4657.75 742.118 1783.85 1557.93 996.099 535.87 3915.64 3480.15 3246.34 1347.68 1898.66 943.555 235.472 809.167 497.544
internal_count=1262246 37620 30541 1224626 268423 7079 956203 6168 5261 267400 263007 623659 6053 2976 2575 332544 89037 3077 2854 2414 1856 243507 238933 107151 46916 60235 39982 3164 1954 7683
is_linear=0
shrinkage=0.05


Tree=75
num_leaves=31
num_cat=0
split_feature=9 14 4 16 18 14 0 12 9 18 9 8 3 14 5 6 4 3 18 6 12 16 8 8 4 18 9 10 4 9
split_gain=5513.01 1210.85 907.423 639.841 639.719 494.658 417.395 301.003 229.563 272.315 349.829 259.303 201.367 337.004 298.107 696.045 283.387 198.188 225.078 185.305 158.818 159.426 172.123 139.391 138.614 137.568 133.914 143.229 132.723 152.097
threshold=0.33974358974358981 1.0000000180025095e-35 0.7701575532900834 1.0000000180025095e-35 0.37407326047558903 0.75000000000000011 0.88303693570451447 1.0000000180025095e-35 0.19677419354838713 0.22684744000693063 0.069366479550922219 0.20067114093959734 0.90443574690150041 0.75000000000000011 0.81666666666666676 0.75000000000000011 0.94360822556709789 0.9099909990999101 0.60474493623405856 1.0000000180025095e-35 1.0000000180025095e-35 1.0000000180025095e-35 0.48591269841269852 0.31440092165898625 0.52689415847310594 0.98675438596491238 0.76696832579185525 0.96785673286649077 0.9948453608247424 0.17752100840336138
decision_type=2 2 2 2 2 2 2 2 2 2 2 2 2 2 2 2 2 2 2 2 2 2 2 2 2 2 2 2 2 2
left_child=3 6 20 4 -1 8 25 28 9 -5 23 -12 13 14 16 -16 19 18 -10 -4 21 22 -3 -11 -7 26 27 -2 -6 -30
right_child=1 2 12 5 7 24 -8 -9 17 10 11 -13 -14 -15 15 -17 -18 -19 -20 -21 -22 -23 -24 -25 -26 -27 -28 -29 29 -31
leaf_value=0.0018123126586523154 0.0025756110036506442 0.0023696156256629163 -0.026809331093838557 0.010936263258407608 -0.050497308366261609 -0.0088787479072451117 0.045028151075075337 0.010415638751389537 0.036679711679921165 -0.042877567857739683 0.039141198567788346 -0.0080455042754949951 0.050429544096508808 0.048134366822434188 0.030968557005132388 -0.06407961685419751 0.049649576532946285 0.042194190168227674 -0.0075248366242044208 0.027064745199693398 0.021314098798092495 0.031514434410218485 -0.056222131989426494 0.070308150203099912 0.050097424513368231 -0.023507163322678888 0.044366747232885265 0.039289343444464636 -0.050963617810563515 -0.0025160632071936674
leaf_weight=6679.8090924263233 2470.9171640332788 293.43275787192397 202.95898205786943 5571.7653524742927 1012.681441189372 110.75026663567405 876.34117333032191 376.08609179517953 488.428750843741 691.15771031577606 388.22303251217818 1164.2946464334964 12323.360516646877 5878.0856485012919 706.20189136080444 264.85290095210075 1700.3100427612662 853.20454240962863 701.61958921072073 747.34191008098423 1292.6186198666692 184.80589299742132 218.81525646825321 28.315807955805212 992.35813509707805 347.3290944956243 255.31857397779822 297.65405086800456 269.84125804860378 405.36021552188322
leaf_count=37710 4179 1732 416 13344 758765 21875 996 12286 417 201864 4664 21593 14984 6969 957 785 1886 762 1476 1006 1893 258 1758 2235 2495 783 182 235 142126 1615
internal_value=0.0246379 0.0388788 0.0432655 0.00438833 -0.00570538 0.0124189 0.0142863 -0.0300356 0.00887571 0.00498717 -0.00960222 0.00375402 0.0462126 0.0407423 0.0287446 0.00504439 0.0374273 0.0238033 0.0106179 0.0155587 0.0109406 -0.00829618 -0.0226588 -0.038423 0.0441763 0.00629496 0.00971808 0.00652277 -0.0390487 -0.0218779
internal_weight=47794.2 28060.3 23812.8 19733.9 8743.78 10990.1 4247.56 2063.97 9887.01 7843.76 2271.99 1552.52 21823.1 9499.75 3621.67 971.055 2650.61 2043.25 1190.05 950.301 1989.67 697.054 512.248 719.474 1103.11 3371.22 3023.89 2768.57 1687.88 675.201
internal_count=1262246 39019 32644 1223227 952502 270725 6375 914792 246355 243700 230356 26257 27003 12019 5050 1742 3308 2655 1893 1422 5641 3748 3490 204099 24370 5379 4596 4414 902506 143741
is_linear=0
shrinkage=0.05


Tree=76
num_leaves=31
num_cat=0
split_feature=10 3 13 16 4 5 6 6 2 18 12 17 1 2 1 12 18 5 6 2 3 12 17 3 1 10 10 1 16 2
split_gain=4830.33 1272.82 649.144 585.472 451.838 1124.6 521.393 503.697 442.996 417.368 372.456 333.54 311.618 311.108 380.74 279.079 257.716 198.283 180.924 256.377 165.776 191.368 164.589 198.132 157.947 149.673 231.373 134.071 134.047 142.055
threshold=0.66885964912280715 0.90443574690150041 1.0000000180025095e-35 1.0000000180025095e-35 0.95040983606557383 0.89898989898989912 0.75000000000000011 1.0000000180025095e-35 0.61250000000000016 0.50172413793103454 1.0000000180025095e-35 0.92052631578947375 0.67932244404113751 0.88194444444444453 0.88541849871261646 1.0000000180025095e-35 0.7649616368286446 0.69047619047619058 1.0000000180025095e-35 0.88194444444444453 0.71081871345029246 1.0000000180025095e-35 0.79449472096530926 0.8755952380952382 0.86683182134819725 0.82865035516969232 0.96785673286649077 0.91351816933212293 1.0000000180025095e-35 0.52272727272727282
decision_type=2 2 2 2 2 2 2 2 2 2 2 2 2 2 2 2 2 2 2 2 2 2 2 2 2 2 2 2 2 2
left_child=3 2 4 9 7 -6 8 -2 24 -1 -11 17 -4 14 -8 16 22 20 19 -10 21 -9 23 27 -7 -16 28 -5 29 -27
right_child=1 -3 12 15 5 6 13 11 18 10 -12 -13 -14 -15 25 -17 -18 -19 -20 -21 -22 -23 -24 -25 -26 26 -28 -29 -30 -31
leaf_value=0.0017399598246229516 -0.039519904390187939 0.049170839589579407 0.0065684991656865324 -0.005312998517367001 0.049416055623413578 0.011870742546661744 0.033449166279999602 -0.032848434193049926 -0.25471236117286877 -0.034685687785057949 0.016179308384405417 0.033780113675257649 0.049586740859333907 0.047967159724370802 -0.018146810902031324 0.034379043815954455 -0.017372943820453589 -0.026376089236201494 0.030836693441600789 0.052555622470542157 0.028944530791800878 0.013335046590281015 0.01777743952236659 -0.040384598931421212 -0.12837980380781933 0.038946741475977563 0.010553158885971831 0.016892129349654391 -0.052596434905426197 -0.12422042725106126
leaf_weight=6923.4114797238144 496.55329570919275 12820.676654901356 477.90578404441476 1228.9707956606289 3251.8877627085894 29.491129416972399 185.74270989373326 347.57948773773387 13.416871819645166 1656.2871951360139 459.80770194990328 1348.9773212168366 3533.9272502940148 144.21601098589599 292.8263693805784 1348.9932336898055 784.98473178665154 477.01016266644001 1701.9804959502071 13.741726994514465 690.24385513737798 632.42677433043718 5421.3872984073823 240.18453765712911 62.868288811296225 14.492082759737967 86.332894409075379 1521.2097185640014 209.50174838118255 167.68302770704031
leaf_count=81402 1891 16229 758 58688 3612 46 199 1504 87 861354 11825 1632 4140 135 650 4990 118592 1096 2035 11 808 1040 68282 5299 258 14 139 14194 607 729
internal_value=0.0240415 0.0377542 0.027431 0.00513762 0.0207106 0.0291871 0.00667653 0.0076032 0.0230949 -0.00419975 -0.0236332 0.0142959 0.0444622 -0.0204911 -0.030812 0.0131414 0.0100262 0.00205523 0.0287936 -0.0992407 0.010175 -0.00304488 0.0125831 0.0031659 -0.0835966 -0.0462966 -0.063541 0.00696934 -0.0798727 -0.11124
internal_weight=46584.7 26999.5 14178.8 19585.2 10167 6174.18 2922.29 3992.79 1821.5 9039.51 2116.09 3496.24 4011.83 1100.79 956.579 10545.7 9196.74 2147.26 1729.14 27.1586 1670.25 980.006 8411.75 2990.37 92.3594 770.836 478.01 2750.18 391.677 182.175
internal_count=1262246 37620 21391 1224626 16493 8522 4910 7971 2437 954581 873179 6080 4898 2473 2338 270045 265055 4448 2133 98 3352 2544 146463 78181 304 2139 1489 72882 1350 743
is_linear=0
shrinkage=0.05


Tree=77
num_leaves=31
num_cat=0
split_feature=9 14 4 4 14 3 1 9 10 9 16 10 3 14 5 4 13 4 8 1 16 14 13 0 2 1 5 3 0 0
split_gain=5145.54 1202.3 896.898 577.404 549.064 393.931 341.444 222.373 307.444 300.969 212.977 300.945 211.805 347.012 286.07 281.499 235.289 195.077 168.775 163.891 154.917 144.521 143.384 138.849 165.764 166.615 150.186 137.976 162.316 154.142
threshold=0.33974358974358981 1.0000000180025095e-35 0.7701575532900834 0.94201680672268928 0.75000000000000011 0.94494949494949509 0.95791350032836109 0.17519181585677754 1.0000000180025095e-35 0.043961352657004842 1.0000000180025095e-35 1.0000000180025095e-35 0.90443574690150041 0.75000000000000011 0.81666666666666676 0.94360822556709789 1.0000000180025095e-35 0.20864427860696519 0.31440092165898625 0.77208203933747421 1.0000000180025095e-35 1.0000000180025095e-35 1.0000000180025095e-35 0.7158385093167704 0.5634920634920636 0.9368501714055254 0.73214285714285732 0.68042553191489374 0.5727513227513229 0.57019704433497542
decision_type=2 2 2 2 2 2 2 2 2 2 2 2 2 2 2 2 2 2 2 2 2 2 2 2 2 2 2 2 2 2
left_child=3 5 19 6 7 22 10 8 -5 18 11 23 13 14 15 -4 -16 -13 -10 -3 -11 -12 -2 27 26 -26 -25 -1 29 -29
right_child=1 2 12 4 -6 -7 -8 -9 9 20 21 17 -14 -15 16 -17 -18 -19 -20 -21 -22 -23 -24 24 25 -27 -28 28 -30 -31
leaf_value=-0.025577462282096331 0.0036259905850557607 0.0011738297955164062 0.014446626409663441 0.0082074700518834694 0.049811072282111665 0.046450241353838614 0.027780246356778671 0.021401427642218779 -0.046945975518511145 -0.053665726599965269 -0.031224082615039075 0.0077744838005646376 0.050262115956738324 0.047781170738507489 -0.011270419316508308 0.049381157439048327 0.044605181423698535 -0.051996345376406287 0.086376164721398266 0.03354118739851316 0.0039409884959927272 0.0023122576055621758 0.05356728087413079 -0.024336484458209847 -0.10514396104109368 -0.011079972104607497 0.062249683768147074 0.033455569768112835 0.00061475209741329551 0.15368338133843218
leaf_weight=311.12308061867952 3220.1657266942784 1407.0823618946597 918.09446499310434 8644.9324358534068 792.22933269292116 726.38419304788113 548.94969216908794 2207.0745272210333 611.19973089109408 127.28432877716841 381.82323869416723 159.44277534564026 11215.13943887502 5414.5660038106143 686.83903918787837 1550.4800061956048 259.62504561431706 949.14042139222147 24.697168159822468 541.64097997359931 1404.2079546952154 2024.8548301302362 150.43509163707495 272.41814251523465 114.56472934782505 79.915766149759293 61.361419953405857 133.5578086944297 507.9356592381373 33.308102597016841
leaf_count=7380 5363 4992 1422 11346 872 928 5631 3809 198158 32682 66283 48946 14984 6969 1410 1886 332 725870 2479 649 21277 94053 84 985 458 134 86 602 2129 47
internal_value=0.0234224 0.0379209 0.0425534 0.00391389 0.00939733 0.0130524 -0.00966262 0.00693816 0.00398583 -0.0128528 -0.0137494 -0.0236055 0.0457017 0.0399091 0.027428 0.0363886 0.00405685 -0.0433998 -0.041768 0.0101702 -0.000846781 -0.00300834 0.00585495 -0.00911352 -0.0297982 -0.0664913 -0.00841864 0.00196939 0.0146701 0.0574542
internal_weight=45480.5 26090.5 21993.5 19390 13811.6 4096.99 5578.4 13019.4 10812.3 2167.39 5029.45 2622.77 20044.7 8829.6 3415.04 2468.57 946.464 1108.58 635.897 1948.72 1531.49 2406.68 3370.6 1514.18 528.26 194.48 333.78 985.925 674.802 166.866
internal_count=1262246 39019 32644 1223227 270623 6375 952604 269751 265942 254596 946973 786637 27003 12019 5050 3308 1742 774816 200637 5641 53959 160336 5447 11821 1663 592 1071 10158 2778 649
is_linear=0
shrinkage=0.05


Tree=78
num_leaves=31
num_cat=0
split_feature=9 4 4 9 6 17 1 5 13 2 6 1 2 18 1 9 6 18 4 9 9 17 16 18 17 1 9 8 18 8
split_gain=4928.43 1103.89 527.273 433.428 398.798 353.664 348.262 565.018 405.071 402.284 486.818 708.202 349.498 346.614 307.102 292.875 287.308 222.527 220.4 196.242 193.909 158.131 150.141 150.107 183.675 148.321 153.58 195.332 138.167 135.346
threshold=0.33974358974358981 0.92637759710930456 0.9457002457002458 0.17752100840336138 1.0000000180025095e-35 0.86240703177822864 0.96605158730158747 0.89898989898989912 1.0000000180025095e-35 0.88194444444444453 0.75000000000000011 0.88541849871261646 0.61250000000000016 0.60889328063241122 0.95295157850938794 0.71714285714285719 1.0000000180025095e-35 0.44749373433583967 0.20864427860696519 0.71714285714285719 0.5590277777777779 0.48112535612535617 1.0000000180025095e-35 0.56052281052281061 0.9417420814479639 0.97275461380724548 0.080540540540540564 1.0000000180025095e-35 0.47637648809523814 0.46410162002945515
decision_type=2 2 2 2 2 2 2 2 2 2 2 2 2 2 2 2 2 2 2 2 2 2 2 2 2 2 2 2 2 2
left_child=2 4 13 17 19 20 7 -3 9 10 12 -12 -9 25 18 -13 -14 21 -15 -2 28 -4 -19 -5 -25 26 27 -1 -6 -24
right_child=1 6 3 23 5 -7 -8 8 -10 -11 11 15 16 14 -16 -17 -18 22 -20 -21 -22 -23 29 24 -26 -27 -28 -29 -30 -31
leaf_value=-0.0047400096227529888 -0.045718927390257819 0.047589329866960961 -0.038112292743581092 0.043204035508491251 0.064880228310289625 0.034573347148294971 0.049850310380930303 -0.070085566166601193 0.04916915616863269 0.049853313989938121 0.040619949414648943 -0.036434271703399933 -0.17346952326291531 0.027214022602734939 0.034446249627793434 -0.14924116629520121 0.031525339760684862 -0.050738233097588598 -0.042773016147156888 0.014834278413166542 0.018638555240394258 0.0080540572410599306 -0.012530405463023002 0.0059898039852420435 0.039438140358402714 0.036783511419626852 0.017905248318086722 -0.050735778849462378 -0.016956168514158224 0.054588760461126054
leaf_weight=2877.5477919895202 342.06087391963229 5329.3660798296332 189.17629122233484 936.73984924890101 55.298618756234646 2739.7069300836883 9546.6036201175302 93.694486724212766 1168.8803805243224 672.28769445791841 344.85017247870564 704.45530359447002 17.280546423047781 123.27436628256692 170.235482281656 62.654964439570904 1569.5667046494782 243.47503709909506 1285.9268279264797 219.76336353458464 1538.5702321026474 9501.7641245522536 872.10599712427938 1104.2298457538709 653.23419298510998 239.69474210438784 672.6604878634098 250.95196255622432 766.21897071227431 82.187121554743499
leaf_count=17678 1675 6901 2281 914 27 3965 13337 283 1541 820 397 1835 86 38973 6728 304 1946 147843 732002 342 2241 26758 87288 2467 940 406 35065 123804 3319 80
internal_value=0.0228309 0.0373852 0.00375329 0.00908276 0.017948 0.0223525 0.0430258 0.0364866 0.0237169 0.0151303 0.00677085 -0.0188939 0.0237524 -0.00912677 -0.0289877 -0.045648 0.029293 0.00463994 -0.0366507 -0.0220329 0.00816596 0.00715285 -0.0156916 0.0270386 0.0184223 -0.00136379 -0.0037693 -0.00842955 -0.0114475 -0.00674986
internal_weight=44374.5 25171.3 19203.2 13582.9 5661.62 5099.79 19509.6 9963.04 4633.67 3464.79 2792.5 1111.96 1680.54 5620.29 1579.44 767.11 1586.85 10888.7 1409.2 561.824 2360.09 9690.94 1197.77 2694.2 1757.46 4040.85 3801.16 3128.5 821.518 954.293
internal_count=1262246 39019 1223227 268571 11569 9552 27450 14113 7212 5671 4851 2536 2315 954656 777703 2139 2032 264250 770975 2017 5587 29039 235211 4321 3407 176953 176547 141482 3346 87368
is_linear=0
shrinkage=0.05


Tree=79
num_leaves=31
num_cat=0
split_feature=9 14 16 14 1 4 18 2 6 17 9 12 1 14 14 13 6 5 4 2 4 1 2 18 17 9 9 6 16 1
split_gain=4728.62 814.352 746.199 818.177 673.807 435.182 457.926 282.306 271.601 264.871 223.685 205.344 197.196 285.114 196.922 195.964 177.505 216.922 235.103 206.65 186.907 208.686 195.141 172.443 171.315 157.385 149.993 149.117 143.517 140.671
threshold=0.43167701863354041 1.0000000180025095e-35 1.0000000180025095e-35 0.75000000000000011 0.69169683683750194 0.93419913419913436 0.49603149606299218 0.88194444444444453 1.0000000180025095e-35 0.89528508771929838 0.17519181585677754 1.0000000180025095e-35 0.94074345606603682 0.75000000000000011 0.75000000000000011 1.0000000180025095e-35 0.75000000000000011 0.73214285714285732 0.83239700374531844 0.63068181818181823 0.95713410900183715 0.87369202336307605 0.88194444444444453 0.68898225957049497 0.47673160173160178 0.10762548262548265 0.17752100840336138 1.0000000180025095e-35 1.0000000180025095e-35 0.99795918367346947
decision_type=2 2 2 2 2 2 2 2 2 2 2 2 2 2 2 2 2 2 2 2 2 2 2 2 2 2 2 2 2 2
left_child=2 7 5 8 -3 6 27 11 23 16 -11 -2 13 15 24 28 19 18 -18 -10 -19 -22 -23 25 -7 -4 29 -1 -6 -24
right_child=1 4 3 -5 12 14 -8 -9 9 10 -12 -13 -14 -15 -16 -17 17 20 -20 -21 21 22 26 -25 -26 -27 -28 -29 -30 -31
leaf_value=-0.04162129418674327 0.025633399402903365 0.0066137070743955487 -0.018097825390975167 0.045349170616322716 -0.0027074048415251643 -0.065209760018456159 -0.043786012176753965 0.049287155833864456 -0.0022782983005739071 0.013210485252830431 0.038000194705981094 -0.0035670501975275724 0.049476169225727187 0.046353667342354098 0.048068913165469483 0.046366634659908999 -0.041022434899419383 -0.085916884338572877 0.034018007969056581 0.023298090888756954 0.036431756189956213 -0.048836412848769217 0.050256872573793902 -0.055761261543042055 0.0021201566039705621 0.019100246386429164 0.035321094553105281 0.00098123633338179387 0.027798602869318442 -0.027211637791449875
leaf_weight=235.35592283168808 999.5885891970247 1195.7511799000204 794.05689763848204 1772.1981521141715 690.41667792014778 96.009608412452508 1232.5539690479054 496.98923584073782 1450.3314578952268 2830.1270097375964 1341.2421554047614 1513.9182843212038 10946.107683598995 4000.8958936873823 231.19705781247467 686.96757175028324 133.52792272623628 94.495874716958497 478.11747001635376 1733.9851618212415 183.04645489284303 407.38147292402573 66.393505072104745 191.5267007239745 5912.946598735929 442.99573250720277 171.01601599529386 1613.6162232870702 873.09685989096761 499.18087251204997
leaf_count=18596 1184 2211 30785 25505 1323 7597 726411 638 65013 53118 1526 2761 16052 5575 308 908 16630 4035 6336 17693 1595 7469 297 30936 158104 962 178 45451 1240 11809
internal_value=0.0222458 0.0389609 0.005918 0.0138577 0.0429065 -0.00480515 -0.0201787 0.014854 0.00869851 0.0117889 0.0211813 0.00804558 0.04543 0.0383452 0.00278663 0.0241077 0.0042798 -0.00726185 0.017636 0.011649 -0.0179748 -0.0131367 -0.0210682 -0.0116123 0.00104438 -0.00477698 -0.00571054 -0.00444165 0.0143278 -0.0181175
internal_weight=43315 21403.7 21911.3 12589.6 18393.2 9321.68 3081.53 3010.5 10817.4 9388.85 4171.37 2513.51 17197.5 6251.38 6240.15 2250.48 5217.48 2033.16 611.645 3184.32 1421.51 1327.02 1143.97 1428.58 6008.96 1237.05 736.59 1848.97 1563.51 565.574
internal_count=1262246 31892 1230354 273887 27309 956467 790458 4583 248382 185699 54644 3945 25098 9046 166009 3471 131055 48349 22966 82706 25383 21348 19753 62683 165701 31747 12284 64047 2563 12106
is_linear=0
shrinkage=0.05


Tree=80
num_leaves=31
num_cat=0
split_feature=9 3 14 1 16 18 14 14 13 5 6 2 2 12 6 2 1 1 6 16 9 5 2 6 18 11 5 1 8 18
split_gain=4542.24 1200.48 772.019 603.202 453.908 503.242 427.253 423.586 262.425 279.101 557.496 357.948 263.629 255.79 200.122 167.998 150.736 150.324 142.085 135.806 128.805 137.976 143.728 152.723 135.744 167.502 129.505 146.851 125.159 135.92
threshold=0.33974358974358981 0.90443574690150041 1.0000000180025095e-35 0.73531367183541108 1.0000000180025095e-35 0.44749373433583967 0.75000000000000011 0.75000000000000011 1.0000000180025095e-35 0.81666666666666676 0.75000000000000011 0.88194444444444453 0.73214285714285732 1.0000000180025095e-35 1.0000000180025095e-35 0.61250000000000016 0.90933082402414711 0.77762260765550251 1.0000000180025095e-35 1.0000000180025095e-35 0.75500000000000012 0.73214285714285732 0.73214285714285732 1.0000000180025095e-35 0.98518437225636535 1.0000000180025095e-35 0.89898989898989912 0.95791350032836109 0.82070417145044028 0.50952467343976793
decision_type=2 2 2 2 2 2 2 2 2 2 2 2 2 2 2 2 2 2 2 2 2 2 2 2 2 2 2 2 2 2
left_child=4 2 20 19 5 -1 14 8 9 15 -11 12 -12 -7 -6 18 -16 -8 -5 28 21 -2 23 -23 -25 -26 -24 -28 29 -4
right_child=1 -3 3 7 6 13 17 -9 -10 10 11 -13 -14 -15 16 -17 -18 -19 -20 -21 -22 22 26 24 25 -27 27 -29 -30 -31
leaf_value=0.001010529225782967 0.016326963266081372 0.048708221097136864 0.060304950064257345 -0.029622518539403803 -0.010801958196298431 -0.038708771184863273 -0.0033969257204395295 0.047107208620170468 0.047197448183403781 0.020389229949871239 -0.030778607971963058 0.044210159055359272 -0.15675306608355322 0.0091456213393394884 -0.001791226134438698 0.043229435443123021 0.013983518810536152 0.050633390296248873 0.021014526812555352 0.027083690183181294 0.037330647938944819 -0.08471635475498239 0.043989738617582985 -0.0085544776119752305 0.014360221424782289 -0.14239304856800947 0.001510377159628558 -0.10708805335147192 0.017098740223833241 -0.024763546854432755
leaf_weight=6701.8840594636858 904.77300595585257 10689.334966242313 50.668279706500471 170.6982776299119 1334.5467297543073 1395.7912167097675 152.98869350575842 5051.4795108363032 880.01652699708939 443.7366957180202 66.708479966968298 48.44068643078208 110.03486709669232 349.07842153502861 2011.1807274449966 770.8418925665319 6130.3952650723513 812.01308200368658 735.1736948043108 442.51672774273902 258.6979738548398 88.195428989827633 180.37592325732112 699.6608083806932 28.046149611473083 43.436014890670776 726.53734222054482 32.522882670164108 383.04770302213728 640.77672528498806
leaf_count=58082 1475 16326 30 366 62402 882423 23447 7277 1234 699 149 53 499 11997 105856 1109 78097 923 1132 615 233 450 141 1142 35 189 1239 129 526 3971
internal_value=0.0216484 0.0363486 0.0259918 0.0327565 0.00340098 -0.00521672 0.0103726 0.0380686 0.0239139 0.0151786 -0.0121277 -0.076204 -0.109206 -0.029135 0.00714494 0.0260724 0.0100867 0.0420676 0.0114727 0.00377207 0.00362553 0.000400345 -0.00761065 -0.0223882 -0.0152598 -0.0808906 0.00590697 -0.00314266 -0.00582854 -0.0185298
internal_weight=42333.6 23445.7 12756.4 9794.14 18887.9 8446.75 10441.1 8277.13 3225.65 2345.63 668.921 225.184 176.743 1744.87 9476.12 1676.71 8141.58 965.002 905.872 1517.01 2962.25 2703.55 1798.77 859.338 771.143 71.4822 939.436 759.06 1074.49 691.445
internal_count=1262246 39019 22693 17660 1223227 952502 270725 12518 5241 4007 1400 701 648 894420 246355 2607 183953 24370 1498 5142 5033 4800 3325 1816 1366 224 1509 1368 4527 4001
is_linear=0
shrinkage=0.05


Tree=81
num_leaves=31
num_cat=0
split_feature=9 3 4 14 14 1 1 18 9 14 18 9 8 3 5 17 9 13 5 4 12 17 1 3 18 5 1 16 14 18
split_gain=4384.76 827.924 645.61 882.115 550.413 474.282 348.508 369.327 290.814 282.423 264.011 278.589 252.924 236.303 284.589 217.207 210.612 204.537 230.684 235.124 168.663 150.12 140.804 171.238 134.604 123.261 136.479 120.354 157.547 120.039
threshold=0.43167701863354041 0.90443574690150041 0.94201680672268928 0.75000000000000011 1.0000000180025095e-35 0.69169683683750194 0.95791350032836109 0.60889328063241122 0.17519181585677754 0.75000000000000011 1.0000000180025095e-35 0.069366479550922219 0.20067114093959734 0.93788580246913589 0.81666666666666676 0.95698427382053664 0.19677419354838713 1.0000000180025095e-35 0.76388888888888895 0.9457002457002458 1.0000000180025095e-35 0.94365079365079374 0.89600260126347087 0.81872946330777663 0.86851709565885538 0.89898989898989912 0.86683182134819725 1.0000000180025095e-35 0.75000000000000011 0.38547941767068278
decision_type=2 2 2 2 2 2 2 2 2 2 2 2 2 2 2 2 2 2 2 2 2 2 2 2 2 2 2 2 2 2
left_child=2 4 6 8 20 -6 7 16 10 17 21 -12 24 14 -10 27 -1 18 19 -7 -2 25 -16 -24 29 26 -4 -9 -29 -13
right_child=1 -3 3 -5 5 9 -8 15 13 -11 11 12 -14 -15 22 -17 -18 -19 -20 -21 -22 -23 23 -25 -26 -27 -28 28 -30 -31
leaf_value=-0.0068386614020727919 0.023655629429039954 0.048976920764195825 -0.079848373602576461 0.049250105778296374 0.0042912695787088104 0.0054788123512709338 0.028071986304405772 -0.049326823260109884 0.029152784699378882 0.046628368489577278 -0.034842819788525083 0.023863423750839413 -0.012492508081336897 0.036157755763529788 0.027430935623008496 0.0029202356737759397 0.029448910041770845 0.046993814009795402 -0.0060904788779131847 0.048793428623022071 -0.0047434148677897277 0.017015031203194229 0.0039272171177898198 -0.04337964267988044 -0.060044482772171053 -0.0044378571251952941 0.011403258456211929 -0.036280823452719463 0.015743447955465374 0.085352945386943546
leaf_weight=3195.5667485708254 853.05298591032624 9195.5133499270305 41.579031269997358 1370.8236836004071 1140.2469484368339 552.35220484063029 604.65848549897783 900.53797676693648 888.28306025755592 4554.5973498374224 845.46110984386178 227.26462866133079 881.94581410754472 1364.5611778344028 198.62420305819251 428.2306472203345 457.04948490369134 844.8219736777246 675.21693569794297 723.94057726301253 1350.5414199791849 2647.8508744239807 381.132430779282 384.04010995617136 33.180065030755941 2987.8504043547437 2822.5323405228555 531.02589723275742 200.45976073632482 121.96623928315239
leaf_count=172957 1034 14768 165 1940 2159 926 5744 598834 1407 6888 217354 377 31157 2096 277 76501 2660 1237 1380 1006 2494 2778 717 1113 2980 4750 3653 80929 19237 2728
internal_value=0.0210532 0.0379757 0.00540837 0.0109928 0.0285166 0.0342951 -0.00802531 -0.0118459 0.00719977 0.0389491 0.00320698 -0.0126242 0.00223315 0.0203694 0.00873701 -0.0287733 -0.00229802 0.0264414 0.017544 0.0300478 0.00625039 0.00713659 -0.0100792 -0.0198161 0.0361946 0.00266687 0.0100785 -0.0370894 -0.0220238 0.0453382
internal_weight=41404.9 19890.3 21514.6 15197.1 10694.8 8491.18 6317.53 5712.87 13826.3 7350.93 10609.6 2109.82 1264.36 3216.64 1852.08 2060.25 3652.62 2796.33 1951.51 1276.29 2203.59 8499.81 963.797 765.173 382.411 5851.96 2864.11 1632.02 731.486 349.231
internal_count=1262246 31892 1230354 273492 17124 13596 956862 951118 271552 11437 265942 254596 37242 5610 3514 775501 175617 4549 3312 1932 3528 11346 2107 1830 6085 8568 3818 699000 100166 3105
is_linear=0
shrinkage=0.05


Tree=82
num_leaves=31
num_cat=0
split_feature=14 1 13 3 8 4 5 8 17 2 4 17 2 1 4 3 2 3 1 1 0 0 17 17 3 1 17 2 1 12
split_gain=3054.56 2034.91 1248.51 894.454 759.56 393.836 688.761 445.456 288.629 255.613 285.809 319.216 247.176 199.954 193.38 232.057 189.831 245.535 325.017 717.424 228.515 172.577 160.887 210.804 245.499 152.511 143.444 140.838 175.844 140.339
threshold=0.75000000000000011 0.74487409414586947 1.0000000180025095e-35 0.90443574690150041 0.46410162002945515 0.95293466223698797 0.89898989898989912 0.48591269841269852 0.77459677419354855 0.36931818181818188 0.22378716744913932 0.66939890710382521 0.88194444444444453 0.96806862745098043 0.88273491214667699 0.74543037554004665 0.61250000000000016 0.83047895500725699 0.89249283325370299 0.94074345606603682 0.73273809523809541 0.6436507936507937 0.89897959183673481 0.64365079365079381 0.6831300813008131 0.7500426742532007 0.8218253968253969 0.58571428571428574 0.92727857727857743 1.0000000180025095e-35
decision_type=2 2 2 2 2 2 2 2 2 2 2 2 2 2 2 2 2 2 2 2 2 2 2 2 2 2 2 2 2 2
left_child=2 9 3 5 8 13 7 -7 -5 10 -2 29 16 14 15 22 27 -18 20 -20 -19 -17 23 24 -1 -16 -21 -8 -29 -12
right_child=1 -3 -4 4 -6 6 12 -9 -10 -11 11 -13 -14 -15 25 21 17 18 19 26 -22 -23 -24 -25 -26 -27 -28 28 -30 -31
leaf_value=-0.018763348735054232 0.018373841669451465 0.048672961406371201 0.049161914596662852 -0.036677738629569842 0.0420251904604904 0.010975816070982063 -0.027235252593627246 0.045908259516235908 0.013130003685315281 0.047557383849045079 -0.023159917049621826 -0.049563214038483613 0.0432402451474398 0.042073994021105648 0.035040958198171997 0.035344496968242933 0.0034902902431948367 -0.25729088286944868 -0.10718550017525684 -0.026023819317506275 0.051513253254609807 -0.00099941909884162876 0.00064919225563443825 -0.03756452929974087 0.065884109911665809 -0.03152467783025583 0.014625858212489878 -0.15461994232896858 -0.013554460964431038 0.020530012729191114
leaf_weight=332.22405107558006 614.71404505346436 11176.533681387431 1971.6499728504568 303.95375321462052 2734.5018574228743 3871.5548098901054 371.73011952429079 1194.0860488138278 6752.6193994796486 215.03164605924394 356.33057774376357 608.84878192079486 223.63201694528107 180.60891835874645 91.93555179447867 419.98616520757787 2219.2261701807147 6.2105950735276556 253.37947012414224 674.1809797922615 169.31830401578918 1469.4868416039972 897.2984613487497 1113.8730854372261 115.41376126155956 1343.6971174477367 320.05112592334626 53.681415494298562 37.540526795899495 379.62441699963529
leaf_count=85710 62027 21611 3031 10711 4579 82440 17968 1499 111187 535 180220 273066 843 936 3034 10479 31537 427 8684 10460 701 44828 77477 159375 5587 44112 2504 3246 1043 2389
internal_value=0.0204849 0.0400627 0.0108475 0.00784387 0.0196538 0.000315335 0.00669493 0.0192102 0.0109846 -0.00419139 -0.00987015 -0.0227806 -0.00795013 -0.00973303 -0.0113508 -0.00609752 -0.0107387 -0.00690551 -0.0231166 -0.0320792 0.0405871 0.00707899 -0.016223 -0.0259184 0.00306117 -0.0272619 -0.0129384 -0.0408967 -0.0965673 -0.000623533
internal_weight=40472.9 13351.1 27121.8 25150.2 9791.08 15359.1 9394.59 5065.64 7056.57 2174.55 1959.52 1344.8 4328.95 5964.52 5783.92 4348.28 4105.32 3642.37 1423.14 1247.61 175.529 1889.47 2458.81 1561.51 447.638 1435.63 994.232 462.952 91.2219 735.955
internal_count=1262246 539848 722398 719367 126477 592890 161352 83939 121898 518237 517702 455675 77413 431538 430602 383456 76570 54313 22776 21648 1128 55307 328149 250672 91297 47146 12964 22257 4289 182609
is_linear=0
shrinkage=0.05


Tree=83
num_leaves=31
num_cat=0
split_feature=9 3 16 14 14 1 4 14 8 17 13 5 4 9 3 8 14 17 12 4 5 2 2 17 13 1 0 17 1 3
split_gain=4072.83 840.259 593.394 687.367 507.105 444.126 329.171 282.794 242.72 219.587 195.472 206.358 223.701 178.577 215.567 175.971 162.873 155.811 154.72 153.992 149.348 230.684 190.942 144.377 143.65 138.93 136.928 169.924 124.68 122.082
threshold=0.43167701863354041 0.90443574690150041 1.0000000180025095e-35 0.75000000000000011 1.0000000180025095e-35 0.69169683683750194 0.9457002457002458 0.75000000000000011 1.0000000180025095e-35 0.83935483870967753 1.0000000180025095e-35 0.76388888888888895 0.9457002457002458 0.21807065217391305 0.89009661835748799 0.42514367816091964 0.75000000000000011 0.48808848553601819 1.0000000180025095e-35 0.20864427860696519 0.73214285714285732 0.63068181818181823 0.5634920634920636 0.9900000000000001 1.0000000180025095e-35 0.76191700456406353 0.7158385093167704 0.70659971305595415 0.89600260126347087 0.27072835547411828
decision_type=2 2 2 2 2 2 2 2 2 2 2 2 2 2 2 2 2 2 2 2 2 2 2 2 2 2 2 2 2 2
left_child=2 4 6 9 18 -6 8 10 29 20 11 12 -7 -11 15 -15 17 -8 -2 23 22 -22 -4 -10 -21 -5 -23 -28 -19 -1
right_child=1 -3 3 25 5 7 16 -9 19 13 -12 -13 -14 14 -16 -17 -18 28 -20 24 21 26 -24 -25 -26 -27 27 -29 -30 -31
leaf_value=0.19227290039849576 0.022856937047354444 0.048715278872991929 -0.00091374959258781838 0.0040072646936779267 0.0041188709118001312 0.0054447970906004563 -0.05287669686229305 0.046131001535835131 -0.013232025676485723 0.0089452116446420132 0.046511573237288294 -0.0054318434036874546 0.048510972571647867 0.034388526670484788 0.043728356816876819 -0.02168898757483578 0.047248341258089022 0.024641147319223608 -0.0045624363614555005 -0.043465319287854562 -0.044699166744963083 0.010607738358286213 0.031981678018894677 0.094838321598328335 0.067422697385732241 0.049324532189164341 -0.070273997672798405 -0.0076009157466842784 -0.00053516201647722101 -0.006298242648643375
leaf_weight=7.7749240256962358 833.93688039854169 8394.1451393319294 1337.2480989457108 193.78019925020635 1128.4328137459233 552.03436755016446 132.82645481824875 4158.2474404703826 188.70083401317243 4299.591931492032 770.16954334825277 679.42773538269103 664.49300383962691 262.77669984404929 933.76420068182051 299.16247040405869 193.82550362125039 544.7955649648211 1343.0592747330666 1143.5943302416708 371.37076803535456 1094.0377081200131 658.29407151095802 36.957606697338633 29.971822766587138 1329.295083487872 119.83110534359002 1109.6042103115469 5051.5950571657741 1739.6293789827614
leaf_count=53 1034 14768 90106 23534 2159 926 9098 6888 47887 99266 1237 1380 1006 277 1162 744 297 14582 2494 734155 13857 13595 7147 1289 18 1971 4406 17822 136993 12095
internal_value=0.0199125 0.037017 0.0048809 0.0121716 0.0273231 0.0331762 -0.00477239 0.037981 -0.0178412 0.00761252 0.0252697 0.0166409 0.0289685 0.0141219 0.029003 0.00453425 0.00217042 0.000645383 0.00594104 -0.0333598 -0.000430301 -0.00810797 0.00993787 0.00446738 -0.0406333 0.0435588 -0.00225944 -0.0137096 0.00191569 -0.00541472
internal_weight=39602.4 18523.9 21078.4 12008.8 10129.8 7952.8 9069.67 6824.37 3146.63 10485.7 2666.12 1895.96 1216.53 5795.3 1495.7 561.939 5923.04 5729.22 2177 1399.22 4690.39 2694.84 1995.54 225.658 1173.57 1523.08 2323.47 1229.44 5596.39 1747.4
internal_count=1262246 31892 1230354 273887 17124 13596 956467 11437 795497 248382 4549 3312 1932 101449 2183 1021 160970 160673 3528 783349 146933 49680 97253 49176 734173 25505 35823 22228 151575 12148
is_linear=0
shrinkage=0.05


Tree=84
num_leaves=31
num_cat=0
split_feature=9 3 16 14 14 1 18 4 14 9 6 13 6 5 4 18 9 3 8 9 8 10 18 1 4 8 9 14 11 1
split_gain=3897.45 849.865 542.102 658.176 489.819 433.037 308.039 339.393 284.235 243.116 217.053 192.47 207.369 383.699 177.396 155.916 154.28 249.097 173.009 290.957 197.513 148.976 148.109 137.938 137.894 137.79 132.36 130.698 125.11 123.214
threshold=0.43167701863354041 0.90443574690150041 1.0000000180025095e-35 0.75000000000000011 1.0000000180025095e-35 0.69169683683750194 0.52548558703451709 0.93643953676272573 0.75000000000000011 0.17752100840336138 1.0000000180025095e-35 1.0000000180025095e-35 0.75000000000000011 0.76388888888888895 0.96051948051948066 0.68898225957049497 0.19677419354838713 0.92718275008837059 1.0000000180025095e-35 0.069366479550922219 0.20067114093959734 0.76980056980056988 0.98675438596491238 0.76191700456406353 0.20864427860696519 0.40936473165388831 0.10762548262548265 0.75000000000000011 1.0000000180025095e-35 0.93252124695228156
decision_type=2 2 2 2 2 2 2 2 2 2 2 2 2 2 2 2 2 2 2 2 2 2 2 2 2 2 2 2 2 2
left_child=2 4 6 10 22 -6 -1 21 11 -9 15 12 14 -14 -7 26 18 25 -12 -20 -21 24 28 -5 -8 -18 -4 -11 -2 -28
right_child=1 -3 3 23 5 8 7 9 -10 27 16 -13 13 -15 -16 -17 17 -19 19 20 -22 -23 -24 -25 -26 -27 29 -29 -30 -31
leaf_value=0.00076626804638336337 -0.051117550232367831 0.048574894780824947 -0.016800963380798738 0.0038035904441108938 0.0039194411725995363 0.0002925079931225432 -0.0017938281389852158 -0.050673012347147821 0.045874338923032866 0.00015966599191897211 0.011510767501679141 0.046267432426133327 0.030882757725309809 -0.059352749703102864 0.038256349387516014 -0.054049052371582043 0.026510825717140071 0.042021653909758004 -0.032585413973413607 0.037507878931480707 -0.0048947420214558324 0.0099937483453838658 -0.029735840489567147 0.049074297823590463 -0.055092508879384827 -0.0022196639892481341 -0.023383877154506749 0.04780205337637139 0.01314745530867264 0.035220864006724327
leaf_weight=6780.9261827160371 79.001618079841137 8007.2587031433359 782.77030041994294 193.94454086339101 1126.6054519470781 458.41398414596915 142.29710229492048 207.71727077971445 3977.0252859378234 771.34048662893474 4393.5937656480819 736.37723488826305 244.6432367330417 227.23241621814668 936.00888215005398 183.30171081318986 699.2138167116791 880.18882680218667 687.50792545836885 387.84803476929665 940.81011414859677 128.81044096290134 260.01443853974342 1270.7512513280381 824.51461180308252 1035.1351506684441 127.74986899946816 176.98266062047333 1830.2790322266519 301.02439747098833
leaf_count=93110 223 14768 30785 23534 2159 803 42149 146506 6888 2372 7932 1237 383 649 1477 30936 848 1159 153503 3804 16556 291 629 1971 671790 1897 626 249 2676 336
internal_value=0.0193313 0.0364699 0.00467842 0.0116961 0.0266549 0.032563 -0.0045545 -0.0205781 0.0374674 -0.00168019 0.00728426 0.0246212 0.0160804 -0.0125703 0.0257758 -0.0110718 0.0101215 0.0203577 0.00594613 -0.00618024 0.00748299 -0.0405181 0.005667 0.0430799 -0.0472479 0.00936322 -0.00456957 0.00905102 0.0104883 0.01776
internal_weight=38799.3 17882.9 20916.4 11883.8 9875.6 7706.31 9032.59 2251.66 6579.7 1156.04 10419.1 2602.68 1866.3 471.876 1394.42 1394.85 9024.3 2614.54 6409.76 2016.17 1328.66 1095.62 2169.3 1464.7 966.812 1734.35 1211.54 948.323 1909.28 428.774
internal_count=1262246 31892 1230354 273887 17124 13596 956467 863357 11437 149127 248382 4549 3312 1032 2280 62683 185699 3904 181795 173863 20360 714230 3528 25505 713939 2745 31747 2621 2899 962
is_linear=0
shrinkage=0.05


Tree=85
num_leaves=31
num_cat=0
split_feature=9 3 16 14 14 1 14 18 9 6 17 13 6 2 2 17 9 3 0 1 18 9 8 1 2 18 8 6 14 0
split_gain=3720.83 857.677 496.705 628.447 472.59 422.145 294.282 285.443 309.082 226.126 199.035 187.736 189.322 257.108 264.132 186.594 162.641 212.568 159.593 152.813 138.868 138.487 139.563 136.819 133.111 132.959 131.892 134.92 128.607 138.315
threshold=0.43167701863354041 0.90443574690150041 1.0000000180025095e-35 0.75000000000000011 1.0000000180025095e-35 0.71949134866691189 0.75000000000000011 0.44749373433583967 0.17752100840336138 1.0000000180025095e-35 0.81322674418604668 1.0000000180025095e-35 0.75000000000000011 0.73214285714285732 0.88194444444444453 0.9900000000000001 0.21807065217391305 0.89009661835748799 0.82426470588235301 0.91277995249532262 0.44749373433583967 0.18350168350168353 1.0000000180025095e-35 0.76191700456406353 0.63068181818181823 0.98675438596491238 0.40936473165388831 1.0000000180025095e-35 0.75000000000000011 0.6195238095238097
decision_type=2 2 2 2 2 2 2 2 2 2 2 2 2 2 2 2 2 2 2 2 2 2 2 2 2 2 2 2 2 2
left_child=2 4 7 10 25 -6 11 21 -9 -10 18 12 24 -14 -15 19 20 26 -4 -11 -12 22 -1 -5 -7 -2 -18 -28 29 -21
right_child=1 -3 3 23 5 6 -8 8 9 15 16 -13 13 14 -16 -17 17 -19 -20 28 -22 -23 -24 -25 -26 -27 27 -29 -30 -31
leaf_value=0.00088774636245613154 0.010025105638977759 0.048431575598853464 0.001059864649253081 0.0036104087831041291 0.0046984393237098996 0.0066049820857287059 0.046036467086396138 -0.050290938069749824 -0.069064308262898527 -0.028143244477267022 0.012032591272484107 0.045983640647033447 0.0159186207324983 -0.096751091376554424 0.046713346236920306 0.035262971264546993 0.031699025313492772 0.042011135771340753 -0.038952366950600135 0.049839011454309613 -0.010333864412131501 0.050972101487869993 -0.053006432570388257 0.048818035823498529 0.038371576045482338 -0.027892958829101616 -0.094441889586444172 -0.0030493885807151198 0.048976784016388802 -0.017046385397218203
leaf_weight=6399.8917122180574 1898.2761597260833 7638.7172982404009 3851.718389158952 194.10170584288426 1193.5944023802876 567.51720821112394 3745.8867028830573 601.51678258262109 142.21787747662165 651.24520473036682 3769.3888905121712 700.10792613122612 304.49031206406653 127.8309686742723 42.832962585613132 262.43159220146481 269.77433000900783 921.08989487960935 266.45108973520109 93.823540293611586 850.57925689063268 135.36212959408294 122.42100306571228 1214.9628617293201 787.19367746077478 263.24770299345255 45.755610283464193 343.90147162787616 137.50659508351237 438.73186515970156
leaf_count=18759 2899 14768 127021 23534 2266 997 6792 823619 11180 59050 16891 1233 535 449 46 2667 303 1234 7753 140 94294 411 38927 1971 1278 629 288 598 176 1538
internal_value=0.0187813 0.0359199 0.00449173 0.011269 0.0259964 0.0319546 0.0371384 -0.00435419 -0.0194267 -0.00867015 0.00699188 0.0239639 0.0155391 -0.011617 -0.0607446 -0.00324683 0.0126512 0.0264961 -0.00152898 -0.0108955 0.00791472 0.000915045 -0.000123824 0.0425906 0.0250639 0.00540714 0.00482484 -0.0137812 0.00586798 -0.00526278
internal_weight=37982.6 17269.7 20712.9 11727.7 9630.98 7469.45 6275.86 8985.15 2327.47 1725.96 10318.7 2529.97 1829.87 475.154 170.664 1583.74 6200.49 1580.52 4118.17 1321.31 4619.97 6657.67 6522.31 1409.06 1354.71 2161.52 659.431 389.657 670.062 532.555
internal_count=1262246 31892 1230354 273887 17124 13596 11330 956467 898370 74751 248382 4538 3305 1030 495 63571 113608 2423 134774 60904 111185 58097 57686 25505 2275 3528 1189 886 1854 1678
is_linear=0
shrinkage=0.05


Tree=86
num_leaves=31
num_cat=0
split_feature=9 3 4 14 14 1 14 1 18 17 5 9 12 0 13 5 6 4 1 17 9 8 18 12 0 3 3 0 3 6
split_gain=3552.04 864.35 459.133 723.305 455.547 412.052 284.078 282.932 290.754 232.77 257.575 226.255 200.198 186.33 185.023 186.269 311.708 216.998 177.857 174.28 166.816 155.115 143.426 139.724 129.036 200.603 237.43 163.412 144.385 151.482
threshold=0.43167701863354041 0.90443574690150041 0.94201680672268928 0.75000000000000011 1.0000000180025095e-35 0.69169683683750194 0.75000000000000011 0.97275461380724548 0.72758194186765623 0.91751700680272119 0.89898989898989912 0.17519181585677754 1.0000000180025095e-35 0.9177927927927928 1.0000000180025095e-35 0.76388888888888895 0.75000000000000011 0.9457002457002458 0.86541041378793249 0.95698427382053664 0.19677419354838713 0.40553289138194804 0.28616924476797095 1.0000000180025095e-35 0.7158385093167704 0.8427393785668994 0.63676588897827846 0.86425061425061445 0.74862637362637374 1.0000000180025095e-35
decision_type=2 2 2 2 2 2 2 2 2 2 2 2 2 2 2 2 2 2 2 2 2 2 2 2 2 2 2 2 2 2
left_child=2 4 7 9 23 -6 14 8 20 10 12 -11 13 -4 15 17 -17 -7 -12 -10 22 -22 24 -2 28 26 -26 -27 29 -1
right_child=1 -3 3 -5 5 6 -8 -9 19 11 18 -13 -14 -15 -16 16 -18 -19 -20 -21 21 -23 -24 -25 25 27 -28 -29 -30 -31
leaf_value=-0.057123255833982367 0.021467886369595859 0.048285033992974624 0.0080031073958946163 0.048216408383491734 0.003501152285470105 0.0044291454900266076 0.04534269431537525 0.039478875881256231 -0.036690329335881504 0.0091893413616689745 0.027569442130420837 0.035924246359190795 0.04142347411711661 -0.063133935205960195 0.045761368247515123 0.019784151962824608 -0.051338561325914245 0.048144445654908649 -0.01010838320342268 0.003088993698259141 0.035013382394813969 -0.014832954046246081 -0.032513916942788573 -0.0047836950529035471 0.060390225006525702 0.019847900764389342 -0.056215739760169608 -0.032563049606280918 0.022854344149780083 0.00033896857662537834
leaf_weight=128.5764596456429 815.73004336468875 7287.6747788209468 3613.8486936307745 1095.0533721274696 1122.7844756450504 541.28613670542836 3640.5896955402568 307.72683058353141 1242.3820221745409 3734.0272879730328 338.85441091333632 1004.1979785501026 452.38150997483172 94.457488595158793 673.68902501743287 426.41185598354787 241.18977467529476 596.93854141328484 4139.1485490211053 353.73952904084581 489.84993016876979 229.05152364325477 486.23669452848844 1338.7291632723063 49.184679673751816 408.95383393345401 388.3034423252102 233.72126958356239 691.88934197707567 1062.1911926711909
leaf_count=6069 1034 14768 83853 1940 2159 926 6888 1761 558099 74334 7021 1690 1636 3405 1237 731 649 1006 99613 61492 6899 3525 298991 2494 88 838 1791 650 2218 14441
internal_value=0.0182247 0.0353621 0.0043062 0.00914786 0.0253404 0.0313445 0.0364526 -0.00723375 -0.0097276 0.00594965 0.00106494 0.0148554 0.0100218 0.00619111 0.0233995 0.0150571 -0.00591092 0.0273555 -0.00725727 -0.0278743 -0.00277832 0.0191317 -0.00734512 0.00515578 -0.0032146 -0.0169903 -0.0431063 0.000787642 0.00468913 -0.00586568
internal_weight=37228.8 16685 20543.8 14472 9397.35 7242.89 6120.11 6071.81 5764.08 13376.9 8638.69 4738.23 4160.69 3708.31 2479.52 1805.83 667.602 1138.22 4478 1596.12 4167.96 718.901 3449.06 2154.46 2962.82 1080.16 437.488 642.675 1882.66 1190.77
internal_count=1262246 31892 1230354 273492 17124 13596 11437 956862 955101 271552 195528 76024 88894 87258 4549 3312 1380 1932 106634 619591 335510 10424 325086 3528 26095 3367 1879 1488 22728 20510
is_linear=0
shrinkage=0.05


Tree=87
num_leaves=31
num_cat=0
split_feature=9 3 14 16 14 1 14 18 12 13 5 4 17 5 4 4 14 9 3 2 18 1 18 18 3 3 9 10 17 4
split_gain=3388.91 870.424 457.715 439.522 584.451 408.87 300.045 263.276 331.026 183.151 178.68 211.811 176.441 176.544 176.235 149.907 152.603 149.751 198.371 147.335 133.382 129.091 125.661 113.716 111.091 125.151 109.511 144.492 113.76 104.213
threshold=0.43167701863354041 0.9099909990999101 1.0000000180025095e-35 1.0000000180025095e-35 0.75000000000000011 0.71949134866691189 0.75000000000000011 0.52548558703451709 1.0000000180025095e-35 1.0000000180025095e-35 0.76388888888888895 0.9457002457002458 0.81322674418604668 0.73214285714285732 0.91545844394527276 0.93643953676272573 0.75000000000000011 0.21807065217391305 0.89009661835748799 0.58571428571428574 0.98675438596491238 0.76191700456406353 0.44749373433583967 0.94884877027734182 0.8402898550724639 0.84561213434452875 0.21240601503759401 1.0000000180025095e-35 0.48808848553601819 0.20864427860696519
decision_type=2 2 2 2 2 2 2 2 2 2 2 2 2 2 2 2 2 2 2 2 2 2 2 2 2 2 2 2 2 2
left_child=3 2 20 7 12 -4 9 26 15 10 11 -7 13 19 -15 29 -17 22 -19 -5 23 -6 -14 -2 -16 -26 27 28 -1 -9
right_child=1 -3 5 4 21 6 -8 8 -10 -11 -12 -13 17 14 24 16 -18 18 -20 -21 -22 -23 -24 -25 25 -27 -28 -29 -30 -31
leaf_value=-0.047692937028903558 0.0019300530613176289 0.048546298010857442 0.004270730689497718 0.00033817092521539805 0.003975973457371708 0.0044933060143926657 0.045625055207282196 -0.0033748929376221544 0.0099599046584721296 0.045459622027024665 -0.0055187376617616916 0.048014453336078615 0.011358193203210623 -0.078783365344520087 0.0019828238671174628 -0.02473601061676339 0.045185827406531348 0.0047339376373638524 0.041269117692167123 0.030845261772641769 -0.027695678417768283 0.048435732613834243 -0.0099989381517122528 0.028783016564363217 -0.16794031748909 -0.018436311749469258 0.038001580266630766 -0.045231556028106412 0.0016792532802842567 -0.055062580265340888
leaf_weight=118.88564158696681 1371.8989142179489 6715.6517298696563 1188.7910800278187 1223.9202289300738 191.06514201092068 541.65224763378501 3565.3145815813914 114.0368016178254 658.64637487166328 659.94442673306912 681.36657857149839 577.78893494233489 3734.0984456514707 91.223479800217319 1246.1600635827635 601.56740139433532 89.663681868696585 652.05480773863383 863.59208457265049 584.91125980362995 273.03902081400156 1122.2647624413949 844.50716327712871 553.24917217344046 14.208396581583655 945.61666462296853 190.33801244432107 175.47319004399469 6264.2179444474168 673.22232122864807
leaf_count=1284 2371 14286 2269 83285 23534 937 7086 41146 12228 1275 1416 1023 16891 3754 21457 146706 166 1189 1234 6382 650 1971 94294 579 384 19512 649 73702 17475 663111
internal_value=0.017667 0.0347946 0.0249835 0.00412529 0.0105729 0.0310694 0.0363561 -0.00422883 -0.0195229 0.0229266 0.0146688 0.0269563 0.00653067 -0.00148079 -0.0106807 -0.032657 -0.015666 0.0119284 0.0255511 0.0102031 0.00500868 0.0419677 0.00741895 0.00964706 -0.00786448 -0.0206494 0.000614235 -0.000470792 0.000759694 -0.0475755
internal_weight=36528.4 16128.7 9413.04 20399.7 11513.6 7214.86 6026.07 8886.05 2137.14 2460.75 1800.81 1119.44 10200.3 4106.04 2297.21 1478.49 691.231 6094.25 1515.65 1808.83 2198.19 1313.33 4578.61 1925.15 2205.99 959.825 6748.91 6558.58 6383.1 787.259
internal_count=1262246 31892 17606 1230354 273887 14006 11737 956467 863357 4651 3376 1960 248382 134774 45107 851129 146872 113608 2423 89667 3600 25505 111185 2950 41353 19896 93110 92461 18759 704257
is_linear=0
shrinkage=0.05


Tree=88
num_leaves=31
num_cat=0
split_feature=9 3 16 9 13 16 1 3 18 9 4 9 18 18 5 4 10 10 9 2 5 10 8 9 8 0 17 3 2 5
split_gain=3227.32 876.227 401.301 437.378 374.238 401.37 306.237 294.455 242.352 290.838 234.917 168.163 158.266 147.386 139.407 579.466 141.188 244.629 135.131 133.253 132.447 140.323 127.823 114.647 124.603 108.031 104.743 100.86 97.1472 188.316
threshold=0.43167701863354041 0.9099909990999101 1.0000000180025095e-35 0.19677419354838713 1.0000000180025095e-35 1.0000000180025095e-35 0.67932244404113751 0.92718275008837059 0.44749373433583967 0.17752100840336138 0.93643953676272573 0.5590277777777779 0.56826357096141289 0.66781609195402314 0.89898989898989912 0.95293466223698797 0.96785673286649077 0.85254529767040566 0.77097902097902116 0.88194444444444453 0.18333333333333338 0.76980056980056988 0.40078740157480319 0.18350168350168353 1.0000000180025095e-35 0.86729559748427687 0.48112535612535617 0.27072835547411828 0.23611111111111113 0.35416666666666669
decision_type=2 2 2 2 2 2 2 2 2 2 2 2 2 2 2 2 2 2 2 2 2 2 2 2 2 2 2 2 2 2
left_child=2 4 8 13 5 14 18 12 23 -10 20 -7 -5 -4 15 25 17 -16 -6 -19 -11 -22 -15 24 26 -2 -1 -28 -29 -30
right_child=1 -3 3 7 6 11 -8 -9 9 10 -12 -13 -14 22 16 -17 -18 19 -20 -21 21 -23 -24 -25 -26 -27 27 28 29 -31
leaf_value=-0.053180649327875973 -0.0092727488638255171 0.048413626713047532 0.0056278949152211025 0.036621098761063876 -0.057030137952710371 0.013915285220091337 0.047980193281054635 0.04395986739930835 -0.050290885770450405 -0.0020838460982398137 0.0083220076739394678 0.038090718142267409 0.0072871622701060172 -0.027184774969307553 0.012107184960298008 0.047974163920175561 0.022697386369607948 -0.052995537752510084 0.015285320567133968 0.050411920384899049 -0.061228535853434719 0.0046633366624883581 0.022816495980796467 0.046864054471393475 -0.052903260632753024 0.044478571507842929 0.1776283524394966 -0.058598266702499457 0.083610321039297775 0.00097498734446197031
leaf_weight=88.868656495818868 1391.0453344918787 6405.1949064433575 6827.7209776203963 603.55059584788978 77.948282543569803 1063.7901027295738 2186.5236689560115 1245.8709709113464 539.2778974356188 276.09945781243732 948.88696744828485 2221.3873284384608 1930.8529045779724 634.96213838265976 328.08048567268997 760.3514455948025 250.8218508278951 403.53648262377828 377.24013219773769 33.760390531271696 349.3902312949358 105.10523619502783 160.03012225113343 132.09401725954376 110.19651052483823 100.21250132843852 8.1163739813491684 67.067664648173377 69.726529479958117 6143.0977296433412
leaf_count=1119 3168 14286 104679 690 245 2024 4320 2141 823619 60536 2682 3829 5434 159661 567 1244 334 1195 516 24 11313 220 1282 411 38927 140 16 4489 289 12846
internal_value=0.0171253 0.0342159 0.00395342 0.0101515 0.0243254 0.0179207 0.0402128 0.0240568 -0.00404353 -0.0183445 -0.00808655 0.0302623 0.0142728 0.0032555 0.00551353 0.0124514 -0.00985887 -0.0205279 0.00290173 -0.0450122 -0.0293978 -0.0459906 -0.0171196 0.000750179 -0.000188821 -0.00566066 0.000722118 0.00148393 0.00125627 0.0019024
internal_weight=35840.8 15599.9 20240.9 11403 9194.7 6552.99 2641.71 3780.27 8837.93 2218.76 1679.48 3285.18 2534.4 7622.71 3267.81 2251.61 1016.2 765.377 455.188 437.297 730.595 454.495 794.992 6619.17 6487.07 1491.26 6376.88 6288.01 6279.89 6212.82
internal_count=1262246 31892 1230354 273887 17606 12525 5081 8265 956467 898370 74751 5853 6124 265622 6672 4552 2120 1786 761 1219 72069 11533 160943 58097 57686 3308 18759 17640 17624 13135
is_linear=0
shrinkage=0.05


Tree=89
num_leaves=31
num_cat=0
split_feature=9 3 4 9 9 4 5 6 18 6 3 5 2 0 2 2 10 18 18 10 9 6 18 3 16 6 8 2 8 11
split_gain=3072.83 880.032 381.65 494.423 334.306 256.365 631.859 311.566 224.578 221.245 208.164 266.801 173.466 170.143 156.852 147.346 182.86 179.447 140.943 140.875 140.552 138.996 136.168 126.347 119.955 114.194 114.152 111.205 108.433 107.582
threshold=0.43167701863354041 0.9099909990999101 0.94201680672268928 0.17752100840336138 0.76696832579185525 0.95293466223698797 0.89898989898989912 1.0000000180025095e-35 0.72758194186765623 0.75000000000000011 0.93788580246913589 0.89898989898989912 0.61250000000000016 0.85239651416122009 0.86607142857142871 0.73214285714285732 0.96785673286649077 0.93533452807646367 0.44749373433583967 0.90489491886139939 0.19677419354838713 0.75000000000000011 0.28616924476797095 0.8402898550724639 1.0000000180025095e-35 1.0000000180025095e-35 0.40553289138194804 0.44949494949494956 0.46410162002945515 1.0000000180025095e-35
decision_type=2 2 2 2 2 2 2 2 2 2 2 2 2 2 2 2 2 2 2 2 2 2 2 2 2 2 2 2 2 2
left_child=2 4 8 18 5 7 -7 -2 20 12 11 -5 27 19 15 -11 17 -17 -4 -10 22 -13 -1 29 -20 -14 -22 -8 -26 -9
right_child=1 -3 3 10 -6 6 9 23 13 14 -12 21 25 -15 -16 16 -18 -19 24 -21 26 -23 -24 -25 28 -27 -28 -29 -30 -31
leaf_value=-0.0012019154750536555 -0.040540895306277594 0.048277671327600788 0.0046985575889621628 0.031513089897824073 0.037854585261960456 0.04871853137272155 0.083875648164890113 -0.097930465323601598 -0.032948039250155513 0.0094098893575488025 0.037654881371222186 0.011173205888531101 -0.11572375242289597 0.022640678143366191 0.046234019421924379 -0.033582887446634381 0.03279379629896275 -0.11310047620637105 -0.050670770535320965 0.027202770532899847 0.03325521503417278 -0.025713233233683387 -0.030110189888926032 0.034995010682492236 -0.011784397832677249 0.02771455873919948 -0.0085616554949544486 -0.086345647992933164 0.051681720825776302 0.0073923279917517161
leaf_weight=3133.1337445591344 323.2568982206285 6109.5399975180626 9351.8133325288072 1048.7066563048866 2843.4906858932227 1632.3107401579618 11.58456479012966 24.566778562963009 1328.7223845027329 227.60105699673295 1587.6214736266993 615.87092590937391 14.07185531593859 183.11091541609494 92.593802746385336 269.79995432496071 71.762853302061558 96.26398856472224 187.00236046916689 105.03432397078723 482.5295901884092 436.33386276708916 468.22795873502037 470.20166653208435 848.07916795829078 994.94444497209042 246.60771029541502 55.861575594171882 73.101130346767604 1855.51295754686
leaf_count=26229 1166 14286 29252 1843 5469 3054 3 87 611952 389 3069 1137 60 8624 120 726 85 420 149174 144 6908 1162 299461 700 87774 1599 3544 190 81 3538
internal_value=0.0165884 0.0336373 0.00378361 0.00825102 0.0236809 0.0171174 0.0260892 0.00548349 -0.00684416 0.0059538 0.0239909 0.0136653 0.0205249 -0.0227451 -0.0147385 -0.0232228 -0.0401866 -0.0544937 0.00270061 -0.0285415 -0.000907272 -0.00412306 -0.0049604 0.0118137 -0.0141598 0.0257142 0.019112 -0.0571084 -0.00674798 0.00601609
internal_weight=35189.3 15093.4 20095.9 14148.5 8983.82 6140.33 3466.79 2673.54 5947.37 1834.48 3688.53 2100.91 1076.46 1616.87 758.022 665.428 437.827 366.064 10460 1433.76 4330.5 1052.2 3601.36 2350.28 1108.18 1009.02 729.137 67.4461 921.18 1880.08
internal_count=1262246 31892 1230354 273492 17606 12137 6646 5491 956862 3592 7211 4142 1852 620720 1740 1620 1231 1146 266281 612096 336142 2299 325690 4325 237029 1659 10452 193 87855 3625
is_linear=0
shrinkage=0.05


Tree=90
num_leaves=31
num_cat=0
split_feature=9 3 14 14 1 1 14 6 17 17 18 9 18 5 6 4 10 4 5 1 18 12 1 17 4 17 1 1 4 5
split_gain=2925.55 801.896 420.384 397.31 872.357 374.922 287.917 287.402 317.368 211.187 209.197 205.002 181.263 162.465 281.384 222.337 152.311 146.841 245.313 172.673 196.349 156.233 147.793 148.919 143.824 143.732 242.937 136.677 136.565 127.625
threshold=0.45643939393939398 0.917156862745098 1.0000000180025095e-35 0.75000000000000011 0.80379870129870146 0.71949134866691189 0.75000000000000011 1.0000000180025095e-35 0.94804318488529027 0.65058139534883741 0.54580419580419581 0.17519181585677754 0.28616924476797095 0.86607142857142871 0.75000000000000011 0.94201680672268928 0.53361581920903967 0.9948453608247424 0.89898989898989912 0.97039821776663893 0.73931311655096832 1.0000000180025095e-35 0.86541041378793249 0.89528508771929838 0.98275349390425226 0.64365079365079381 0.85731897252982192 0.86316136495083873 0.73499399759903972 0.58571428571428574
decision_type=2 2 2 2 2 2 2 2 2 2 2 2 2 2 2 2 2 2 2 2 2 2 2 2 2 2 2 2 2 2
left_child=3 2 28 7 16 -4 13 9 17 -1 -11 12 -10 15 -15 -7 -5 19 21 20 25 29 -20 -24 -21 26 -9 -16 -2 -19
right_child=1 -3 5 4 -6 6 -8 8 11 10 -12 -13 -14 14 27 -17 -18 18 22 24 -22 -23 23 -25 -26 -27 -28 -29 -30 -31
leaf_value=-0.075693603952266847 -0.096408485100422631 0.048589417239315702 0.0035924669748793655 -0.041181017130671918 0.047419313637706018 0.010440233851412656 0.045186341153575726 -0.040596250699916521 0.013530375580366931 -0.0033607958513604008 -0.042942322103154372 0.033530214488107828 -0.017429328893347858 0.026642829593829166 0.043428472660521904 0.048324073364039682 0.0015612752425864984 -0.0052941167621221542 0.027780408863390973 0.033494252031684595 -0.037726868156408216 0.047112776130046191 -0.010287764233676437 0.013115513498259049 -0.16818027523147239 -0.011634561627473134 0.05181166584641908 -0.054740929075987127 0.0055561135648491758 0.018269129982744752
leaf_weight=136.04531189019326 33.405036937445402 5487.443029708229 1103.5520601943135 357.99430853922968 1440.0282745744626 720.35896023735404 3200.6569929532707 102.187457284017 3241.2174758913461 1647.8059084546403 418.62607258267235 1099.8788555104111 553.51308879855787 429.85616713669151 42.228499226272106 837.65683122258633 498.88053024344845 864.60491782071767 345.21361936119501 280.74337969371118 643.52718233005726 325.8228260910837 3823.8018567733816 826.68100188073004 9.127790814090984 1984.2795382426411 233.97138384159189 221.05531860794872 1935.9340479392558 1713.5581000017701
leaf_count=31729 154 13472 2057 481868 3190 1346 7147 31198 5561 32081 104889 2147 92019 805 53 1761 37380 29158 6757 2746 145086 890 89964 13724 490 81249 5831 634 3130 33730
internal_value=0.0160647 0.033681 0.0240843 0.00405139 0.0236499 0.0301701 0.0355499 0.00158485 0.0039093 -0.015352 -0.0113794 0.0145235 0.00901448 0.021849 0.00171067 0.0308082 -0.0162961 -0.000748627 0.00293334 -0.00968773 -0.0132898 0.0144898 -0.00378443 -0.00612754 0.0271437 -0.00651265 0.023721 -0.0389954 0.00382653 0.010367
internal_weight=34559.7 14012.1 8524.7 20547.5 2296.9 6555.36 5451.81 18250.6 16048.1 2202.48 2066.43 4894.61 3794.73 2251.16 693.14 1558.02 856.875 11153.5 7899.68 3253.84 2963.97 2903.99 4995.7 4650.48 289.871 2320.44 336.159 263.284 1969.34 2578.16
internal_count=1262246 30559 17087 1231687 522438 13803 11746 709249 540550 168699 136970 99727 97580 4599 1492 3107 519248 440823 174223 266600 263364 63778 110445 103688 3236 118278 37029 687 3284 62888
is_linear=0
shrinkage=0.05


Tree=91
num_leaves=31
num_cat=0
split_feature=9 3 14 14 1 1 14 17 4 5 3 5 1 12 5 4 1 4 10 9 10 8 0 1 17 4 10 8 9 9
split_gain=2779.49 805.189 402.655 373.784 827.053 364.104 277.078 243.976 195.347 194.206 165.339 170.818 198.706 162.18 156.491 216.518 146.235 154.722 144.321 143.818 202.172 141.644 159.904 138.768 152.02 123.042 120.902 119.25 166.245 156.09
threshold=0.45643939393939398 0.917156862745098 1.0000000180025095e-35 0.75000000000000011 0.80379870129870146 0.69169683683750194 0.75000000000000011 0.94665718349928885 0.9948453608247424 0.89898989898989912 0.54653679653679665 0.35416666666666669 0.86541041378793249 1.0000000180025095e-35 0.86607142857142871 0.94201680672268928 0.97039821776663893 0.97979591836734703 0.53116172316384191 0.17519181585677754 0.22660960902548141 0.36678657074340537 0.88303693570451447 0.86541041378793249 0.89528508771929838 0.73499399759903972 0.9182634657269414 0.20318851626016263 0.069366479550922219 0.22474747474747478
decision_type=2 2 2 2 2 2 2 2 2 2 2 2 2 2 2 2 2 2 2 2 2 2 2 2 2 2 2 2 2 2
left_child=3 2 25 7 18 -4 14 8 10 13 -1 12 -12 27 15 -7 21 -18 -5 20 -9 22 -13 -11 -25 -2 -23 28 -10 -29
right_child=1 -3 5 4 -6 6 -8 19 9 23 11 16 -14 -15 -16 -17 17 -19 -20 -21 -22 26 -24 24 -26 -27 -28 29 -30 -31
leaf_value=-0.051612255703321799 -0.091394243923024893 0.048468093032265944 0.0024659261798549185 -0.041002576120586096 0.047109087804004801 0.010419148482389708 0.044431378731211751 0.011118606958898476 0.007394732053097099 0.025944858948954298 -0.034595481038447194 -0.0071725181859650143 0.048500148344195138 0.040159431947659585 0.0015320852385705529 0.048181076909124154 0.030097141813470181 -0.16137754301563251 0.0011694519153767763 0.025413301880156055 -0.017413939372825753 -0.046336515745267065 -0.060904789690431518 -0.010973184163242793 0.013003671430279286 0.0052948437438477191 0.03064809039547511 -0.038256634620497311 0.053725876296614405 0.014951983810483552
leaf_weight=244.58920570480404 33.473771974444389 5232.5578192090616 1038.7649480681866 338.28383558325004 1378.5925749429443 723.08453199174255 3116.2623721221462 3448.6326828668825 2732.1929572224617 343.95268365798984 101.71587230899604 2169.3097992912517 245.79609632203938 402.82843442924786 689.62167123891413 799.1096946215257 260.27454733283957 10.996163361822253 506.80783478321973 1230.9524194892147 757.14627086746623 505.7437278892321 147.9017192805477 3937.7859528582776 794.45875712746056 1930.0427064411342 56.719267724081874 309.18128224241082 208.3842629865394 248.70269837230444
leaf_count=130087 154 13472 1950 478581 3190 1355 7243 7013 35798 7121 50032 163078 12990 1525 1494 1761 2834 641 40667 2940 126677 6560 6525 95171 13131 3130 57 44786 1873 410
internal_value=0.0155574 0.0330966 0.0234412 0.00388568 0.0232346 0.0295459 0.0348254 0.00151606 -0.00227303 0.00172786 -0.0118689 -0.00909034 0.0241783 0.0101164 0.0212913 0.0302431 -0.0127595 0.0223356 -0.0157117 0.0103815 0.00598203 -0.0160655 -0.0106021 -0.00471916 -0.0069479 0.0036465 -0.0385733 0.00665716 0.010678 -0.0145364
internal_weight=33943.9 13562.9 8330.36 20380.9 2223.68 6366.84 5328.08 18157.3 12720.5 8977.49 3743.05 3498.46 347.512 3901.29 2211.82 1522.19 3150.95 271.271 845.092 5436.73 4205.78 2879.67 2317.21 5076.2 4732.24 1963.52 562.463 3498.46 2940.58 557.884
internal_count=1262246 30559 17087 1231687 522438 13803 11853 709249 572619 199815 372804 242717 63022 84392 4610 3116 179695 3475 519248 136630 133690 176220 169603 115423 108302 3284 6617 82867 37671 45196
is_linear=0
shrinkage=0.05


Tree=92
num_leaves=31
num_cat=0
split_feature=9 3 14 1 14 1 14 6 1 15 13 1 0 0 3 16 18 12 5 6 10 3 9 3 18 10 18 9 5 18
split_gain=2637.94 808.073 384.753 352.934 351.422 784.038 286.902 262.729 192.105 174.917 173.326 155.599 243.97 164.67 152 148.369 150.919 149.244 145.995 209.435 136.577 133.298 121.873 144.934 120.973 115.705 106.423 111.881 106.321 105.453
threshold=0.45643939393939398 0.917156862745098 1.0000000180025095e-35 0.71949134866691189 0.75000000000000011 0.80379870129870146 0.75000000000000011 1.0000000180025095e-35 0.92986483891215366 1.0000000180025095e-35 1.0000000180025095e-35 0.90303475935828892 0.66384180790960468 0.78817016317016331 0.84561213434452875 1.0000000180025095e-35 0.70519568151147116 1.0000000180025095e-35 0.76388888888888895 0.75000000000000011 0.53116172316384191 0.63211600429645554 0.39009661835748799 0.70051546391752584 0.98675438596491238 0.85254529767040566 0.72330927051671745 0.10762548262548265 0.76388888888888895 0.94884877027734182
decision_type=2 2 2 2 2 2 2 2 2 2 2 2 2 2 2 2 2 2 2 2 2 2 2 2 2 2 2 2 2 2
left_child=4 2 24 -4 7 20 10 8 11 -9 18 12 14 21 -1 16 -11 22 -5 -20 -6 -13 -18 -24 29 -21 27 28 -10 -2
right_child=1 -3 3 6 5 -7 -8 9 26 15 -12 13 -14 -15 -16 -17 17 -19 19 25 -22 -23 23 -25 -26 -27 -28 -29 -30 -31
leaf_value=-0.05639736760625369 0.00016728225527906122 0.048343550698568341 0.0032014646187457814 0.024606414961918427 -0.040336507323090763 0.046789947522588721 0.044633514046818451 -0.058752081885236729 -0.015445512153765896 0.0017755452672420043 0.044375637364329708 0.078459628176550222 0.037276584810493694 0.049095526601452222 0.046864824890172109 0.0085135782812885367 -0.046526312051533951 0.004609895439593956 0.017288431784595205 -0.0049975246691797825 0.0011107963222525795 -0.079533761903753608 -0.091062281033194123 0.030746916397292018 -0.027944295220826056 -0.07192878252565639 -0.045237807096707848 0.026379365024118778 0.028846392207277551 0.027326636088850401
leaf_weight=251.38556881155819 1180.3741563092917 4989.8659759815782 1098.5227213408798 950.4091077959165 326.96585069055436 1320.0789129877812 2932.6225582240149 111.39425866713282 791.80188259773422 6076.9025025299052 566.163031055592 14.004599327570757 146.46619906058186 30.890199554356514 41.523310983291594 8671.8105443445966 477.52752651792252 408.83663421153324 382.03850541356951 120.34733591973782 506.88919711112976 285.69487596733961 30.841662989929318 117.29091393202543 264.91889603808522 139.32131747994572 140.04555996472482 317.85351329002879 163.46175118882093 512.62280744872987
leaf_count=101595 2089 13472 2057 1903 478581 3190 7147 43365 11974 90829 1312 1027 9474 2002 971 171051 231707 3256 724 216 40667 25788 169 173 644 444 14283 700 885 551
internal_value=0.015052 0.032498 0.0227933 0.0289045 0.00372363 0.0228144 0.0344508 0.00144899 -0.0148154 0.0036829 0.0206147 -0.0349091 -0.0154122 -0.0608217 -0.0417587 0.00412355 -0.00122975 -0.0188837 0.0121652 -0.00626112 -0.0151413 -0.0721509 -0.0342355 0.00538586 0.00347448 -0.0409085 -0.00386727 0.000683574 -0.00786642 0.00839087
internal_weight=33368.9 13137.2 8147.34 6189.42 20231.7 2153.93 5090.9 18077.7 2183.13 15894.6 2158.28 769.965 439.375 330.59 292.909 15783.2 7111.4 1034.5 1592.12 641.707 833.855 299.699 625.66 148.133 1957.92 259.669 1413.16 1273.12 955.264 1693
internal_count=1262246 30559 17087 13803 1231687 522438 11746 709249 168699 540550 4599 140857 112040 28817 102566 497185 326134 235305 3287 1384 519248 26815 232049 342 3284 660 27842 13559 12859 2640
is_linear=0
shrinkage=0.05


Tree=93
num_leaves=31
num_cat=0
split_feature=14 1 13 1 10 16 5 3 17 17 10 10 17 5 0 0 6 1 17 17 14 17 17 3 0 18 18 18 0 10
split_gain=2194.7 1552.69 884.059 481.48 737.424 250.267 207.483 230.213 276.687 154.347 136.1 313.783 119.115 117.487 176.474 219.69 115.718 198.101 138.695 137.442 127.297 120.886 138.526 163.485 136.034 109.909 102.917 101.043 106.882 100.093
threshold=0.75000000000000011 0.77208203933747421 1.0000000180025095e-35 0.97275461380724548 0.66885964912280715 1.0000000180025095e-35 0.64583333333333337 0.16064516129032261 0.66939890710382521 0.77459677419354855 0.96785673286649077 0.93112570698777597 0.47673160173160178 1.0000000180025095e-35 0.31296641791044782 0.31622807017543864 1.0000000180025095e-35 0.93252124695228156 0.79830508474576278 0.94665718349928885 1.0000000180025095e-35 0.66397849462365599 0.89009661835748799 0.89009661835748799 0.67890835579514841 0.88107024988213112 0.98518437225636535 0.4232172936552499 0.78817016317016331 0.56019323671497601
decision_type=2 2 2 2 2 2 2 2 2 2 2 2 2 2 2 2 2 2 2 2 2 2 2 2 2 2 2 2 2 2
left_child=2 6 3 5 9 10 7 -2 13 -5 11 12 -1 14 29 -16 17 18 -7 20 -18 -19 -23 24 -24 -11 -12 28 -20 -9
right_child=1 -3 -4 4 -6 16 -8 8 -10 25 26 -13 -14 -15 15 -17 19 21 27 -21 -22 22 23 -25 -26 -27 -28 -29 -30 -31
leaf_value=-0.052351719918602171 0.023453996332868182 0.04710696480181463 0.04770182162290653 -0.032935635087951304 0.046641078576384991 -0.064000926776431696 0.045646161999260561 -0.050559157194021459 -0.045055592765641195 0.010220872102329543 0.032777435716769152 -0.051852566078679121 -0.0048904261084003371 -0.056761044805500871 0.42992876990441503 0.055235845987511051 -0.0065799299663654573 -0.089886896424482415 -0.0046101491306563278 0.024309970718046876 0.010019731489196146 0.01989641646313433 0.093393329055787552 0.01145229984944909 -0.096273287913823724 -0.02828830275445254 -0.026665819835438549 -0.04264518278189653 0.094193041193819133 0.0060804509559493451
leaf_weight=134.83056333276909 426.35742266985471 6859.2230598363676 1246.7612672029063 233.86166423195391 1504.170727243647 198.63671108469134 195.7925936318934 91.879287779447623 573.09848266106565 4588.458460513968 348.12746168766171 391.11132922675461 6772.4723702732299 79.829192397504812 4.0953359130362506 87.388885166728869 1599.4928288516821 31.444703453045804 170.04635600734036 1154.3953288833727 4155.4565237874631 760.85082116926787 10.656151680450419 130.80787033605156 83.787781083956361 193.08359178242972 92.073509717360139 151.89762380270986 32.622941704466939 516.42781879400718
leaf_count=26141 33710 19253 3031 7822 3732 26037 496 166298 283773 62237 424 1165 382063 25024 235 3139 65462 1319 3479 15654 67055 7828 62 1033 2755 24415 224 20320 140 7920
internal_value=0.0145542 0.0358593 0.00670714 0.00445937 0.0159351 -0.000153614 -0.00320681 -0.00858323 -0.0186809 0.00672601 -0.00665539 -0.00828386 -0.00581687 0.000707124 0.00726285 0.0720092 0.00577966 -0.00647031 -0.0305524 0.00856454 0.00540613 0.00662227 0.00969975 -0.0247424 -0.0748731 0.00866583 0.0203441 -0.0118138 0.0112938 -0.00247445
internal_weight=32819.1 8834.09 23985 22738.3 6519.57 16218.7 1974.87 1779.08 1352.72 5015.4 7738.62 7298.41 6907.3 779.621 699.791 91.4842 8480.1 1570.75 553.204 6909.34 5754.95 1017.55 986.103 225.252 94.4439 4781.54 440.201 354.567 202.669 608.307
internal_count=1262246 539848 722398 719367 98206 621161 520595 520099 486389 94474 410017 409369 408204 202616 177592 3374 211144 62973 49976 148171 132517 12997 11678 3850 2817 86652 648 23939 3619 174218
is_linear=0
shrinkage=0.05


Tree=94
num_leaves=31
num_cat=0
split_feature=9 3 14 17 0 9 2 14 14 6 18 9 12 13 0 17 0 18 3 0 3 16 3 2 6 8 10 9 3 18
split_gain=2411.47 802.697 342.524 311.899 309.045 301.954 261.208 316.504 249.417 222.778 168.179 195.216 167.524 158.283 155.469 371.471 160.005 153.325 150.418 136.197 133.855 132.721 120.693 176.276 109.183 108.228 168.809 113.21 100.384 100.027
threshold=0.45643939393939398 0.917156862745098 1.0000000180025095e-35 0.94665718349928885 0.35781671159029654 0.17519181585677754 0.63068181818181823 0.75000000000000011 0.75000000000000011 1.0000000180025095e-35 0.57637088733798614 0.19677419354838713 1.0000000180025095e-35 1.0000000180025095e-35 0.69309262166405039 0.69905660377358492 0.98979591836734704 0.30451766304347833 0.81872946330777663 0.967204301075269 0.90595518867924552 1.0000000180025095e-35 0.28730158730158734 0.19090909090909094 0.75000000000000011 0.51744421906693716 0.58853389071364604 0.39009661835748799 0.47856705450091863 0.98675438596491238
decision_type=2 2 2 2 2 2 2 2 2 2 2 2 2 2 2 2 2 2 2 2 2 2 2 2 2 2 2 2 2 2
left_child=3 2 29 6 22 17 10 14 13 20 11 19 25 21 -8 16 -16 -5 -17 -1 -7 24 -4 28 -6 26 27 -12 -24 -2
right_child=1 -3 4 5 8 9 7 -9 -10 -11 12 -13 -14 -15 15 18 -18 -19 -20 -21 -22 -23 23 -25 -26 -27 -28 -29 -30 -31
leaf_value=-0.0058610348107492631 0.0080754275001956675 0.048095757401346105 0.018104926708613713 0.0098384138058630905 0.0086884693572027143 -0.063905470828424515 0.012419268329532883 0.044663231531011434 0.042497597737254283 0.036357693129406683 -0.046763823946099299 0.030964259515714111 -0.0015850427797166186 0.043670712255902411 -0.096025098500702233 -0.082269601120956992 -0.003873716679154936 -0.016469232664373574 0.0012787907522531534 -0.15457625567889055 0.032816097922525427 0.02556514352047036 -0.045764924928331951 0.036931145011195508 -0.033559860349112465 -0.067696510261975346 -0.0018222644693240521 0.076660546057099266 0.043726556405893735 -0.024700155210502787
leaf_weight=3595.1632966165489 1680.0312865246087 4554.8620360279456 509.83736222982407 3573.3575982734328 530.31244838889688 94.041335632442497 2639.1400226488768 475.34487664792687 2813.7469420395792 1550.6867126062571 586.9100219621323 384.81500130542554 710.22761234972859 518.64717342425138 147.56074207517668 54.496125198493246 69.193964512436651 655.43482439187937 4704.3794957479986 15.461798821634146 57.729611299932003 831.15221594739705 291.7011351287365 110.37744254991412 214.89022453315556 182.06351388807525 427.35304115898907 19.186467338819057 35.10718946531415 270.22985874861479
leaf_count=139118 2640 13472 645 8089 1137 1717 47516 1131 7293 8755 730257 1703 11192 1307 7435 1534 1681 167514 90629 263 96 1577 1043 192 566 4391 8379 287 43 644
internal_value=0.0140636 0.0314157 0.0216827 0.00330833 0.0277272 0.012919 -0.000760041 0.00508047 0.0327724 0.0306992 -0.00873994 -0.00288977 -0.0208776 0.0197108 0.00260955 -0.00259365 -0.0666079 0.0057609 0.000322039 -0.00649788 -0.0271152 0.0118276 0.00157585 -0.0177 -0.00349446 -0.0321503 -0.0258881 -0.0428567 -0.0361514 0.00353401
internal_weight=32303.4 12360.9 7806.03 19942.5 5855.77 5931.25 14011.3 8090.12 4908.75 1702.46 5921.18 3995.44 1925.74 2095 7614.77 4975.63 216.755 4228.79 4758.88 3610.63 151.771 1576.35 947.023 437.186 745.203 1215.51 1033.45 606.096 326.808 1950.26
internal_count=1262246 30559 17087 1231687 13803 186171 1045516 149926 11880 10568 895590 141084 754506 4587 148795 101279 9116 175603 92163 139381 1813 3280 1923 1278 1703 743314 738923 730544 1086 3284
is_linear=0
shrinkage=0.05


Tree=95
num_leaves=31
num_cat=0
split_feature=9 1 14 1 4 1 9 3 13 4 14 18 18 10 17 1 1 10 10 9 6 0 6 3 3 17 17 3 1 3
split_gain=2288.88 570.288 460.404 893.466 262.933 269.849 220.484 265.85 210.51 278.819 225.495 204.333 192.434 138.072 132.987 122.314 122.153 120.571 142.485 221.331 117.508 113.381 205.526 130.054 129.621 127.975 165.494 150.873 135.072 113.712
threshold=0.5590277777777779 0.94839417534634463 0.75000000000000011 0.77762260765550251 0.9457002457002458 0.97275461380724548 0.21240601503759401 0.93788580246913589 1.0000000180025095e-35 0.56048780487804895 0.75000000000000011 0.75688305127557476 0.72758194186765623 0.93112570698777597 0.9900000000000001 0.77208203933747421 0.77208203933747421 0.90489491886139939 0.96785673286649077 0.75500000000000012 0.75000000000000011 0.70871212121212135 1.0000000180025095e-35 0.54653679653679665 0.84561213434452875 0.64365079365079381 0.83935483870967753 0.75490951097420111 0.82656695468155927 0.27072835547411828
decision_type=2 2 2 2 2 2 2 2 2 2 2 2 2 2 2 2 2 2 2 2 2 2 2 2 2 2 2 2 2 2
left_child=2 8 4 14 5 12 11 20 10 -10 17 15 21 -14 -4 -6 -12 -2 19 -19 -8 22 24 29 -1 28 27 -27 -25 -24
right_child=1 -3 3 -5 6 -7 7 -9 9 -11 16 -13 13 -15 -16 -17 -18 18 -20 -21 -22 -23 23 25 -26 26 -28 -29 -30 -31
leaf_value=-0.047636056760857796 0.017093890958896019 0.046385446017658705 -0.020746860029245674 0.045681539464976925 -0.10273193956912248 0.037655597997374057 0.015213302061716116 0.036113527484287207 -0.0003328110962121709 0.046104973672377272 0.0081649912183997635 -0.027053000727922528 -0.031134822378470501 0.032564421115589229 0.042838361987494071 0.0038251552618376577 0.039389026005104411 -0.039801863041592944 0.018431917207028657 0.019970910235958456 -0.0085400435810778393 -0.015458498264888135 0.1260349711665128 -0.061840093527044254 0.051654417931599056 -0.034087460065262656 0.019510648244492664 0.020038566141149398 0.056495845562054753 -0.045275913308170879
leaf_weight=269.57742258405779 975.08709988556802 4581.7960875127465 865.10287401874666 1705.4330458585464 27.005101666291011 309.79493474331684 1420.6483990428969 1145.6532275062054 414.25647649168968 1471.1190575743094 448.03443068731576 578.15835117752431 1236.517207062454 91.355004269629717 90.868957355618477 9809.7739142330829 1041.0720307072625 474.77986248396337 358.02431202400476 229.85049320012331 821.87892678473145 1449.8543422687799 10.346572220616506 26.835840143845417 37.434598167485092 360.2655514414073 950.21976601879578 200.34377611268428 237.76986682094866 151.88594686071156
leaf_count=56557 1730 13394 500451 5370 2004 2097 2357 2513 757 3808 839 145015 244961 92 18620 118228 2922 1326 534 399 1767 27767 1079 6883 480 21616 21119 3613 6186 47762
internal_value=0.0135909 0.0334042 0.00450631 0.0239916 0.00179624 -0.00763374 0.00543907 0.0165184 0.0224147 0.0359016 0.0152049 0.00183474 -0.0104273 -0.0267524 -0.0147028 0.00353262 0.0299945 0.00439718 -0.00725327 -0.020304 0.00650778 -0.00455979 0.00247976 0.00850208 -0.0355294 0.0124178 0.00679989 -0.0147446 0.0444944 -0.0343504
internal_weight=31790.7 9994.02 21796.7 2661.4 19135.3 5332.2 13803.1 3388.18 5412.22 1885.38 3526.85 10414.9 5022.41 1327.87 955.972 9836.78 1489.11 2037.74 1062.65 704.63 2242.53 3694.53 2244.68 1937.67 307.012 1775.43 1510.83 560.609 264.606 162.233
internal_count=1262246 25709 1236537 524441 712096 440212 271884 6637 12315 4565 7750 265247 438115 245053 519071 120232 3761 3989 2259 1725 4124 193062 165295 108258 57037 59417 46348 25229 13069 48841
is_linear=0
shrinkage=0.05


Tree=96
num_leaves=31
num_cat=0
split_feature=14 1 1 8 4 5 8 2 6 6 1 2 3 14 0 2 17 6 17 0 2 5 4 17 0 3 0 0 5 0
split_gain=1953.3 1427.94 443.569 588.566 310.074 337.162 405.613 295.006 369.706 278.461 767.229 394.988 285.427 214.339 211.853 226.722 192.842 182.638 241.016 215.636 739.605 179.95 217.892 207.213 156.456 151.243 223.592 138.996 176.734 134.04
threshold=0.75000000000000011 0.77208203933747421 0.95791350032836109 0.46410162002945515 0.95293466223698797 0.89898989898989912 0.48591269841269852 0.88194444444444453 1.0000000180025095e-35 0.75000000000000011 0.88991725805293187 0.61250000000000016 0.86240703177822864 1.0000000180025095e-35 0.61602564102564117 0.44949494949494956 0.55036231884057984 1.0000000180025095e-35 0.94665718349928885 0.70871212121212135 0.5634920634920636 0.64583333333333337 0.25158227848101272 0.66939890710382521 0.73273809523809541 0.68042553191489374 0.57932875667429451 0.89039039039039047 0.81666666666666676 0.74772727272727291
decision_type=2 2 2 2 2 2 2 2 2 2 2 2 2 2 2 2 2 2 2 2 2 2 2 2 2 2 2 2 2 2
left_child=2 21 4 -4 17 6 -6 8 -7 11 24 14 13 -12 15 -10 -15 -1 19 25 29 22 -2 -24 -11 -19 -27 28 -5 -21
right_child=1 -3 3 27 5 7 -8 -9 9 10 12 -13 -14 16 -16 -17 -18 18 -20 20 -22 -23 23 -25 -26 26 -28 -29 -30 -31
leaf_value=-0.02748465606400868 0.013971692904163967 0.046514376042588082 0.0074233467347183156 0.04025683971171478 0.0080774377198134673 -0.10212641347817848 0.043500763688072416 0.032572395881827643 0.04049916905464198 -0.033336805041595453 -0.0088092579970961635 0.011301317375195201 -0.097444354669419309 0.0068935510029173724 0.021847717541925351 -0.10289645105910705 -0.083110884635303361 -0.01737512578476913 0.01306133540739194 -0.033357147640670042 -0.082219492233279692 0.04490580782692051 -0.0013954741704772049 -0.045914082680838159 0.042544506733472903 0.039137078371761461 -0.005257117878966446 0.045051142436888819 -0.023484683621128762 0.015015169951691984
leaf_weight=1012.9218938526174 681.99596566066612 6021.269684528088 6095.9903220551205 259.67990015877876 3597.5148169057211 100.59028777221101 1042.2349461578997 518.20675789413508 33.063271954888478 82.141657407366438 407.48184130023583 2333.969701798982 225.3939132130763 77.038465267891297 70.458400171424728 165.76927548830281 261.61152947315713 991.54648910410469 1435.5380937586888 198.05747582580079 416.08189810300246 176.9526039827324 555.80962800799171 493.42167725815671 392.63525361550273 409.95210832857993 920.40218996349722 1626.1699528715108 187.09728068643017 517.16840438125655
leaf_count=136757 93064 19253 115580 544 80846 6233 2054 4289 1570 2599 7561 32009 5003 925 1506 11474 4458 175866 41525 8191 13971 496 163774 263261 2794 13158 34884 4765 538 13298
internal_value=0.0131254 0.0345698 0.00585201 0.0152496 0.000804686 0.00648926 0.0160346 -0.00299762 -0.00743905 -0.00508704 -0.0226775 0.00468576 -0.0481353 -0.0332398 -0.0526519 -0.0790516 -0.062636 -0.00816102 -0.00415727 -0.0113152 -0.0292151 -0.00312119 -0.00803013 -0.0223312 0.0294162 -0.00259381 0.00842307 0.0382647 0.0135637 0.0016201
internal_weight=31308.2 7929.45 23378.7 8168.94 15209.8 9308.11 4639.75 4668.36 4150.15 4049.56 1446.3 2603.26 971.526 746.132 269.291 198.833 338.65 5901.67 4888.75 3453.21 1131.31 1908.18 1731.23 1049.23 474.777 2321.9 1330.35 2072.95 446.777 715.226
internal_count=1262246 539848 722398 121427 600971 163321 82900 80421 76132 69899 23340 46559 17947 12944 14550 13044 5383 437650 300893 259368 35460 520595 520099 427035 5393 223908 48042 5847 1082 21489
is_linear=0
shrinkage=0.05


Tree=97
num_leaves=31
num_cat=0
split_feature=9 1 14 1 17 4 5 14 9 2 5 1 8 8 10 0 1 16 9 3 4 0 9 17 3 2 1 2 17 2
split_gain=2101.46 562.998 402.455 815.614 221.863 192.549 267.324 230.443 182.929 169.801 168.717 171.537 167.803 176.304 1272.27 163.321 152.687 142.877 173.69 135.794 134.162 325.964 181.229 128.31 161.576 138.81 242.372 131.58 119.886 117.326
threshold=0.5590277777777779 0.94839417534634463 0.75000000000000011 0.77762260765550251 0.94665718349928885 0.92637759710930456 0.89898989898989912 0.75000000000000011 0.17519181585677754 0.63068181818181823 0.89898989898989912 0.89600260126347087 0.14902948861515494 0.14717282261741912 0.20846114519427408 0.967204301075269 0.97275461380724548 1.0000000180025095e-35 0.75500000000000012 0.91331186258722508 0.96051948051948066 0.72046511627906984 0.29520697167755999 0.89528508771929838 0.83047895500725699 0.81666666666666676 0.94074345606603682 0.73214285714285732 0.9900000000000001 0.88194444444444453
decision_type=2 2 2 2 2 2 2 2 2 2 2 2 2 2 2 2 2 2 2 2 2 2 2 2 2 2 2 2 2 2
left_child=2 5 4 28 9 17 -7 29 12 15 20 -12 13 -6 -15 16 -1 18 -2 -10 21 -11 -22 24 27 26 -26 -13 -4 -8
right_child=1 -3 3 -5 8 6 7 -9 19 10 11 23 -14 14 -16 -17 -18 -19 -20 -21 22 -23 -24 -25 25 -27 -28 -29 -30 -31
leaf_value=-0.010237154464134717 -0.013309968688283142 0.045971367180808062 -0.019696428511452466 0.044997892233819205 0.0085669323425744594 0.045680356531379349 -0.0068536916063187741 0.039578369458727024 0.0052475575427881789 0.030068727791016658 0.02521503962334164 -0.013614363121226984 -0.0184852834961069 1.8681389012541201 -0.08415312392762353 -0.14233614313601717 0.030282957602235483 0.029385095658887986 0.019836619046428309 0.036966115139776927 0.0092574056870024807 -0.10800963996955493 0.044822624725104149 0.012089782173959075 -0.09272429541761909 -0.0078011291784359921 -0.022370602823943552 0.015315211441509878 0.041357426874950892 0.049882949006593062
leaf_weight=4995.1019554691156 843.6592412488535 4212.7852751608007 851.37755666032899 1563.9793726011121 3414.398497768474 1395.0172883956693 809.76048000622541 592.44243671372533 535.38630289008142 96.819987725757528 486.53706191925448 716.19536318085738 662.12103538651718 1.0368248945160292 4.2765723927295767 22.843401942052878 243.83739247685298 696.26125105191022 743.52785970363766 912.6539501119405 2478.9528545878711 76.525579928274965 418.6904488215223 806.64522050754749 144.851319625217 1250.8261555166682 790.49801556352759 871.11780335914227 88.790617603575811 102.67153547890484
leaf_count=420963 2042 13394 500451 5370 20196 3787 1775 1857 1676 732 6458 16572 112949 6 539 1065 2503 1153 1518 2136 52309 2257 629 13213 7461 23655 16146 10631 18620 183
internal_value=0.0126794 0.0323954 0.00403623 0.0228736 0.00154425 0.0213616 0.029913 0.0152967 0.00997043 -0.00193319 0.00259279 -0.00301223 0.00455395 0.00901478 0.296806 -0.0089329 -0.00835122 0.0105015 0.00221776 0.0252388 0.0118402 -0.0308877 0.0143963 -0.00601075 -0.00988004 -0.0186961 -0.0332658 0.00226219 -0.0139304 -0.000469393
internal_weight=30829.6 9396.13 21433.5 2504.15 18929.3 5183.34 2899.89 1504.87 5529.87 13399.4 8137.66 5066.67 4081.83 3419.71 5.3134 5261.78 5238.94 2283.45 1587.19 1448.04 3070.99 173.346 2897.64 4580.13 3773.49 2186.18 935.349 1587.31 940.168 912.432
internal_count=1262246 25709 1236537 524441 712096 12315 7602 3815 137502 574594 150063 94136 133690 20741 545 424531 423466 4713 3560 3812 55927 2989 52938 87678 74465 47262 23607 27203 519071 1958
is_linear=0
shrinkage=0.05


Tree=98
num_leaves=31
num_cat=0
split_feature=9 1 14 1 4 1 13 16 4 9 2 5 18 18 9 10 2 3 14 0 5 10 10 14 18 8 9 1 18 10
split_gain=1988.6 560.634 377.382 773.914 201.816 227.154 200.135 386.893 269.013 196.053 249.14 333.044 168.251 154.556 164.531 124.371 124.318 175.661 123.343 112.239 151.85 110.186 246.156 109.502 109.182 107.899 150.455 109.719 105.016 103.736
threshold=0.5590277777777779 0.94839417534634463 0.75000000000000011 0.80379870129870146 0.9457002457002458 0.97039821776663893 1.0000000180025095e-35 1.0000000180025095e-35 0.56048780487804895 0.27429467084639503 0.88194444444444453 0.89898989898989912 0.72758194186765623 0.60075187969924826 0.15075757575757578 0.93112570698777597 0.76388888888888895 0.83438818565400863 1.0000000180025095e-35 0.12599206349206352 0.64583333333333337 0.96785673286649077 0.90489491886139939 0.75000000000000011 0.99629629629629635 1.0000000180025095e-35 0.043961352657004842 0.77762260765550251 0.78805704099821761 0.66885964912280715
decision_type=2 2 2 2 2 2 2 2 2 2 2 2 2 2 2 2 2 2 2 2 2 2 2 2 2 2 2 2 2 2
left_child=2 6 4 19 5 12 7 21 28 13 11 -11 -1 14 25 -14 -13 -18 -3 -4 -21 22 -2 -24 -19 27 -27 -6 -8 -15
right_child=1 18 3 -5 9 -7 8 -9 -10 10 -12 16 15 29 -16 -17 17 24 -20 20 -22 -23 23 -25 -26 26 -28 -29 -30 -31
leaf_value=-0.003927481420562636 0.0090219154067092602 0.020452744380817747 0.0093511987886108119 0.044847729784856113 -0.110483686656015 0.0337941760279689 -0.059283321566249117 0.032179232440811292 0.045517855973357418 0.035867304905855234 0.04343460270023583 0.0010103291715906745 -0.028926225897642724 -0.01996160490599978 0.028690228056379635 0.03204578256851074 0.01508519142626405 -0.078563966099386789 0.048733628688129915 -0.034388830997979195 0.052954481483367691 0.019976287694569026 -0.045202400701200296 0.0071974211506367763 0.054398788980642925 -0.039793129062992122 0.00029593464960939945 0.0046381099143241065 0.010095042065648008 0.017175765237095238
leaf_weight=3640.6571960290603 808.0190938343294 431.80483610183001 351.81083421045332 1489.0031864749617 20.75089409109205 323.17222577735083 64.847457371652126 1526.383594957646 1320.2100409627892 672.29399535199627 669.25881365220994 883.40587060432881 1228.4720095480443 1147.0967997183616 633.54098305059597 89.747102541849017 103.99897760339081 166.61017590016127 3598.4159037782811 537.55500322714215 54.838287602789933 436.59020625986159 452.61712314561009 127.86857608426362 17.016229003667831 344.18241939615109 731.3676721691736 7950.7777863014489 343.28027655929327 224.90548684448004
leaf_count=192927 1784 956 95238 4678 125 2507 220 3483 3808 1170 1675 1476 244687 207606 863 91 152 616 12438 424288 237 773 1316 394 28 37187 9552 11117 537 317
internal_value=0.01223 0.0317781 0.00386155 0.0223928 0.00146914 -0.00682241 0.0207299 0.013603 0.0345501 0.00469772 0.0173048 0.00781786 -0.00946941 0.00183176 0.00405767 -0.0247751 -0.00828545 -0.0368363 0.0457036 -0.0130185 -0.0263034 -0.0019329 -0.00882185 -0.0336598 -0.0662426 0.00233272 -0.0125328 0.00433843 -0.000928493 -0.0138739
internal_weight=30390.5 9110.04 21280.5 2433.21 18847.3 5282.05 5079.82 3351.48 1728.34 13565.2 2512.58 1843.33 4958.88 11052.6 9680.62 1318.22 1171.03 287.625 4030.22 944.204 592.393 1825.09 1388.5 580.486 183.626 9047.08 1075.55 7971.53 408.128 1372
internal_count=1262246 25709 1236537 524441 712096 440212 12315 7750 4565 271884 5117 3442 437705 266767 58844 244778 2272 796 13394 519763 424525 4267 3494 1710 644 57981 46739 11242 757 207923
is_linear=0
shrinkage=0.05


Tree=99
num_leaves=31
num_cat=0
split_feature=9 1 14 1 13 16 4 17 9 18 2 5 1 18 1 9 5 1 9 3 4 9 1 17 3 18 17 3 2 2
split_gain=1878.41 559.75 353.9 733.78 202.573 374.722 267.616 199.177 167.093 160.663 144.523 150.108 156.879 140.047 142.95 134.934 125.612 184.224 154.019 120.891 117.327 168.477 125.973 115.73 124.989 114.458 114.259 142.915 118.705 117.653
threshold=0.5590277777777779 0.95200732600732607 0.75000000000000011 0.80379870129870146 1.0000000180025095e-35 1.0000000180025095e-35 0.56048780487804895 0.94665718349928885 0.17519181585677754 0.30451766304347833 0.63068181818181823 0.89898989898989912 0.89600260126347087 0.57637088733798614 0.96605158730158747 0.19677419354838713 0.73214285714285732 0.86541041378793249 0.36602870813397131 0.91331186258722508 0.96051948051948066 0.29520697167755999 0.92671106710856466 0.93142633228840133 0.96824596774193561 0.94466316710411202 0.89528508771929838 0.83047895500725699 0.73214285714285732 0.81666666666666676
decision_type=2 2 2 2 2 2 2 2 2 2 2 2 2 2 2 2 2 2 2 2 2 2 2 2 2 2 2 2 2 2
left_child=2 4 7 -4 5 -2 -6 10 9 -9 13 20 -13 15 16 23 18 -18 -15 -10 22 -22 -12 24 -1 -19 27 28 -14 -29
right_child=1 -3 3 -5 6 -7 -8 8 19 -11 11 12 26 14 -16 -17 17 25 -20 -21 21 -23 -24 -25 -26 -27 -28 29 -30 -31
leaf_value=-0.0032971288813838091 -0.0010077157011214547 0.046316822462991868 -0.012506274010294017 0.044494224863772358 -0.00083227796815297692 0.031967885602716233 0.045449462529282204 0.0083463041583568629 0.0057362222915150743 -0.020314741113584528 -0.0043566938031618279 0.024233730930146927 -0.013011770005942542 -0.035189923228121915 0.033493435670304668 0.033480718028303484 0.01388801102306414 -0.084904179116731274 0.0044681768465294333 0.03597729285603201 0.0087332465538460472 0.044195464506527511 -0.10315644222229636 -0.056005928130430142 -0.14106471371968141 -0.02055450034278852 0.011410329317304766 -0.031090273418885275 0.0145127329220894 -0.0076611835583866895
leaf_weight=3366.0096787261136 1925.0404431256466 3607.2173611284234 934.11022286993102 1427.3558252104558 407.67798152193427 1559.393682656344 1335.6670460687019 3476.8885740282713 536.32237600191729 568.97507120366208 130.31802777596749 479.66584372197394 718.40650342011941 497.06457755333395 110.81687467446318 235.59013392002089 93.083389929932309 232.09101221998571 482.44085140898824 861.03818075498566 2455.0855570735584 387.83600843790919 42.878607232472859 110.34058753986028 16.544245697266888 98.400110462069279 793.94229972382891 940.55561361747095 861.38706779055065 1245.2582079915737
leaf_count=98519 4485 12724 519763 4678 758 3690 4052 7896 1676 125794 1867 6458 16572 266616 3744 365 10972 33490 996 2136 52309 629 1122 3419 313 6097 13213 23607 10631 23655
internal_value=0.0118098 0.031166 0.00370587 0.0219469 0.0207118 0.0137499 0.0346266 0.0014074 0.00946404 0.00431566 -0.00189047 0.00231459 -0.00296588 -0.00835187 -0.0211769 -0.00314443 -0.0254949 -0.0482449 -0.0156569 0.0243704 0.011137 0.0135711 -0.0288167 -0.00561474 -0.00397096 -0.0657448 -0.00582729 -0.00946167 0.00199605 -0.0177427
internal_weight=29937.4 8835 21102.4 2361.47 5227.78 3484.43 1743.35 18740.9 5443.22 4045.86 13297.7 8055.33 5039.22 5242.38 1513.9 3728.48 1403.08 423.575 979.505 1397.36 3016.12 2842.92 173.197 3492.89 3382.55 330.491 4559.55 3765.61 1579.79 2185.81
internal_count=1262246 25709 1236537 524441 12985 8175 4810 712096 137502 133690 574594 150063 94136 424531 321915 102616 318171 50559 267612 3812 55927 52938 2989 102251 98832 39587 87678 74465 27203 47262
is_linear=0
shrinkage=0.05


Tree=100
num_leaves=31
num_cat=0
split_feature=9 3 14 1 6 13 16 1 15 1 1 3 16 5 2 10 10 1 6 2 6 2 2 9 2 10 18 2 1 1
split_gain=1771.7 561.195 330.551 696.336 236.543 215.303 382.025 281.129 158.842 150.16 159.419 173.89 138.577 129.135 172.036 128.674 189.631 113.101 112.729 112.664 144.296 181.178 162.585 110.147 108.897 107.192 106.525 98.6197 134.91 94.1206
threshold=0.5590277777777779 0.917156862745098 0.75000000000000011 0.80379870129870146 1.0000000180025095e-35 1.0000000180025095e-35 1.0000000180025095e-35 0.67932244404113751 1.0000000180025095e-35 0.92986483891215366 0.90303475935828892 0.81872946330777663 1.0000000180025095e-35 0.76388888888888895 0.63068181818181823 0.96785673286649077 0.85254529767040566 0.89143241167434728 1.0000000180025095e-35 0.88194444444444453 0.75000000000000011 0.63068181818181823 0.5634920634920636 0.77097902097902116 0.63068181818181823 0.53116172316384191 0.32158385093167707 0.78888888888888908 0.94482802761445706 0.48289032723214936
decision_type=2 2 2 2 2 2 2 2 2 2 2 2 2 2 2 2 2 2 2 2 2 2 2 2 2 2 2 2 2 2
left_child=2 5 4 25 9 6 13 23 -6 10 11 17 -10 14 18 16 -15 -1 -2 20 21 -18 -22 -7 -12 26 -4 -11 -29 -27
right_child=1 -3 3 -5 8 7 -8 -9 12 27 24 -13 -14 15 -16 -17 19 -19 -20 -21 22 -23 -24 -25 -26 29 -28 28 -30 -31
leaf_value=-0.053421415888558955 -0.039256017219579192 0.047907369325141891 0.032555530438096704 0.044129512603724448 -0.059012455344250495 -0.057905941037235543 0.032508173488153956 0.046095073351376442 -0.0012988245166662188 -0.0094393860547742781 -0.030823854039060457 0.042082738230913339 0.0079472536763337074 0.018935656427480421 0.045323248401610366 0.014914133671576216 -0.18936905696644396 0.0075655906767354555 0.0077700568563371626 0.049168271226463882 0.043736823539790887 -0.014229326282376421 -0.10504378519914122 0.010833273301808324 -0.08815215104488161 0.019338077668243234 -0.051686922391340595 -0.2150048367289466 0.038298340453591269 -0.018658279637726066
leaf_weight=202.19607022480341 149.78581504616886 3013.0251450170763 44.783458313089795 1368.6838380728732 101.32484683251823 70.047703757882118 1630.3466381654143 1390.4920926606283 7371.814270136907 1242.52771495661 174.68697957042605 110.7466324857669 8999.8564315502008 160.03041784558445 276.04654760379344 254.87170473765582 15.843752002343534 121.82266269382671 854.141352401115 29.72830294072628 20.941674582660198 217.16082882788032 149.08023633621633 346.83212992921472 157.54011395704583 306.00980998307932 231.55667666124646 5.4233026479487298 170.98436674469849 348.70433624443831
leaf_count=98321 513 11671 2286 4678 43365 231 3942 4448 327128 27027 17643 3375 172504 305 690 408 89 10448 1689 24 19 516 648 516 11292 8142 476295 144 849 33040
internal_value=0.0113857 0.0305266 0.0035514 0.0214373 0.00134693 0.0211168 0.0142966 0.0352977 0.00339768 -0.0141074 -0.0319318 -0.0120051 0.00378394 0.00034161 0.0103659 -0.0147952 -0.0275689 -0.0304919 0.000753772 -0.044766 -0.0516949 -0.0261384 -0.0867184 -0.000716876 -0.0580086 -0.011921 -0.0380347 -0.00447259 0.030511 -0.00089899
internal_weight=29537 8578.37 20958.7 2299.74 18658.9 5565.35 3757.98 1807.37 16473 2185.93 766.992 434.765 16371.7 2127.63 1279.97 847.657 592.785 324.019 1003.93 432.755 403.026 233.005 170.022 416.88 332.227 931.054 276.34 1418.94 176.408 654.714
internal_count=1262246 25709 1236537 524441 712096 14038 8843 5195 542997 169099 141079 112144 499632 4901 2892 2009 1601 108769 2202 1296 1272 605 667 747 28935 519763 478581 28020 993 41182
is_linear=0
shrinkage=0.05


Tree=101
num_leaves=31
num_cat=0
split_feature=9 3 14 1 13 16 1 6 17 9 17 18 1 5 1 10 10 17 6 5 5 1 1 17 17 1 1 1 0 1
split_gain=1676.7 558.907 310.124 659.896 216.276 372.786 277.749 214.961 239.207 233.09 185.896 145.597 126.531 125.796 123.475 117.608 175.518 114.212 126.95 151.313 212.699 202.178 199.453 200.478 142.15 136.459 231.496 191.242 155.671 132.081
threshold=0.5590277777777779 0.92390405293631106 0.75000000000000011 0.80379870129870146 1.0000000180025095e-35 1.0000000180025095e-35 0.67932244404113751 1.0000000180025095e-35 0.94665718349928885 0.17519181585677754 0.65058139534883741 0.54064064064064077 0.86541041378793249 0.76388888888888895 0.9368501714055254 0.96785673286649077 0.9182634657269414 0.47673160173160178 0.75000000000000011 0.69047619047619058 0.84523809523809534 0.88381521796705353 0.89249283325370299 0.89009661835748799 0.93582704186684984 0.82289129977672804 0.93252124695228156 0.81916013584117042 0.62192192192192197 0.77208203933747421
decision_type=2 2 2 2 2 2 2 2 2 2 2 2 2 2 2 2 2 2 2 2 2 2 2 2 2 2 2 2 2 2
left_child=2 4 7 -4 5 13 -6 10 17 12 -1 -12 -10 14 -2 16 -15 -9 24 21 25 -20 29 -24 -19 27 28 -21 -27 -22
right_child=1 -3 3 -5 6 -7 -8 8 9 -11 11 -13 -14 15 -16 -17 -18 18 19 20 22 -23 23 -25 -26 26 -28 -29 -30 -31
leaf_value=-0.075037563793213372 0.00036317465473415694 0.048221458663226996 -0.011489598472248199 0.043753268036167095 -0.00067766111070909118 0.032046833099127502 0.045984380915664258 -0.029966500985409324 -0.052969180560252863 0.031674862194843688 -0.0025974660374848005 -0.033878771051184635 0.0077353832457249059 -0.0042509094501820719 0.034834029226861102 0.0138774307893509 -0.059162687032445031 0.0056057462967525938 -0.034389303599634082 -0.052947852495364579 -0.12420293344973804 0.016851747476252055 -0.018913174006199445 0.010988585181602346 -0.089729308864748933 -0.0028537447994194855 -0.01247906363293038 0.1299202833014744 -0.094523461241443743 0.035309220367887043
leaf_weight=116.1872779000696 913.14331624936312 2783.8740530759096 918.99052323904471 1312.8483617542079 415.99344166740775 1617.1362181026489 1366.4601582875475 323.40127533573832 87.956810403731652 1199.5741304456606 1565.9279960583372 487.87852559838211 3568.412062491494 357.00156608130783 363.07932796608657 254.93128911126405 245.65958809759468 6125.5816779966699 230.67870923381997 29.356664930208353 13.480611486244014 1163.2231320136634 1921.5081191400241 791.42805717670126 39.351588291174266 57.868883243441815 280.22932528544334 27.870333492319332 231.90222935544443 347.79609744617483
leaf_count=31743 2107 11321 519763 4678 747 4064 4595 37459 20181 2881 31319 106037 79877 835 824 417 799 234216 51745 3335 755 28263 40609 13484 4211 2228 6877 285 13023 3568
internal_value=0.0109684 0.029948 0.00339416 0.0210063 0.0207546 0.0139403 0.0350943 0.00128195 0.00323434 0.0125496 -0.0135091 -0.0100283 0.00627509 0.000218142 0.01017 -0.0145916 -0.0266343 -0.000670697 0.000170695 -0.00566898 -0.0109565 0.0083718 -0.00554258 -0.0101901 0.00499721 -0.0374917 -0.0448813 0.0361114 -0.0762165 0.0293572
internal_weight=29158.7 8317.28 20841.5 2231.84 5533.4 3750.95 1782.45 18609.6 16439.6 4855.94 2169.99 2053.81 3656.37 2133.82 1276.22 857.592 602.661 11583.7 11260.3 5095.34 3701.44 1393.9 3074.21 2712.94 6164.93 627.227 570 57.227 289.771 361.277
internal_count=1262246 25709 1236537 524441 14388 9046 5342 712096 542997 102939 169099 137356 100058 4982 2931 2051 1634 440058 402599 164172 84164 80008 58416 54093 238427 25748 22128 3620 15251 4323
is_linear=0
shrinkage=0.05


Tree=102
num_leaves=31
num_cat=0
split_feature=9 1 14 1 13 1 14 17 9 18 2 0 0 17 2 1 18 3 1 9 1 1 2 3 14 12 0 8 10 17
split_gain=1580.91 559.62 289.26 625.928 185.513 247.147 174.148 161.216 146.317 146.463 128.57 137.257 125.037 316.06 149.347 124.605 150.027 122.832 121.382 120.415 116.941 342.328 230.058 113.893 113.242 112.007 108.832 107.21 217.222 104.967
threshold=0.5590277777777779 0.95200732600732607 0.75000000000000011 0.80379870129870146 1.0000000180025095e-35 0.67932244404113751 0.75000000000000011 0.94665718349928885 0.17519181585677754 0.30451766304347833 0.61250000000000016 0.967204301075269 0.69309262166405039 0.69905660377358492 0.88194444444444453 0.97275461380724548 0.57637088733798614 0.81872946330777663 0.77208203933747421 0.19677419354838713 0.89249283325370299 0.93846852311368456 0.81666666666666676 0.91331186258722508 1.0000000180025095e-35 1.0000000180025095e-35 0.88303693570451447 0.89504283965728282 0.96785673286649077 0.9900000000000001
decision_type=2 2 2 2 2 2 2 2 2 2 2 2 2 2 2 2 2 2 2 2 2 2 2 2 2 2 2 2 2 2
left_child=2 4 7 29 6 -6 27 10 9 -9 11 15 -12 14 -14 16 19 -15 -8 26 -19 22 -22 -10 -3 -18 -1 -2 -29 -4
right_child=1 24 3 -5 5 -7 18 8 23 -11 12 -13 13 17 -16 -17 25 20 -20 -21 21 -23 -24 -25 -26 -27 -28 28 -30 -31
leaf_value=-0.0040649321832028793 0.009954219387395059 0.017103951277082627 -0.016475854532788489 0.043365186465970991 0.00023671788414541081 0.044909024377019199 0.0042781785699745872 0.0076552012908379791 0.0047035776071710925 -0.019839470843967488 0.010720477914259292 -0.12935694917577395 -0.089358526228547397 -0.071894701548993772 -0.0027092948024468452 0.028530909166593219 -0.036552198840984977 0.033967576413888569 0.036795442531739782 0.032246286046670784 -0.079214645338505349 0.0026445051202350087 0.034922051664045987 0.034630096250058764 0.048840384723870249 -0.0083672342750129355 -0.051206307604193785 -0.04598595110519707 0.016654435756897339 0.040849626289652247
leaf_weight=3175.8649230942247 1471.2510570911691 311.77860703412443 827.9898700795311 1259.7167010891135 423.42370279878378 1151.887006694451 424.17571945115924 3434.7157492222032 522.84789281291887 563.88270471425494 2814.3394782341202 23.146154379443033 149.24099704410764 58.306743456807453 74.579391238628887 231.42861239233753 721.74806367790734 256.60287861133111 887.35550228599459 220.92030496982625 212.68220620206557 4396.3538361247338 55.715383508475497 811.16349520068616 2854.7243290464394 688.98372554339585 127.34006205498008 287.636449216865 266.74918266572058 88.377677178388694
leaf_count=99943 2925 839 501097 4678 769 4041 839 7896 1676 125794 47994 1065 7381 1580 1778 2495 313062 2172 3107 351 11953 77034 344 2136 11885 5897 1545 889 415 18666
internal_value=0.0105645 0.0293248 0.00324822 0.0204938 0.0187596 0.0329017 0.0120838 0.00122405 0.0085617 0.0037779 -0.00173862 -0.00787062 0.00223023 -0.00236177 -0.0604861 -0.00732633 -0.00900792 0.000250732 0.0262787 -0.00349205 0.00110549 -0.000702217 -0.0555215 0.0229008 0.0457156 -0.022787 -0.00588225 0.00289315 -0.0158458 -0.0109472
internal_weight=28794.9 8078.98 20715.9 2176.08 4912.48 1575.31 3337.17 18539.9 5332.61 3998.6 13207.3 5189.43 8017.82 5203.48 223.82 5166.29 4934.86 4979.66 1311.53 3524.13 4921.35 4664.75 268.398 1334.01 3166.5 1410.73 3303.2 2025.64 554.386 916.368
internal_count=1262246 25709 1236537 524441 12985 4810 8175 712096 137502 133690 574594 424358 150236 102242 9159 423293 420798 93083 3946 101839 91503 89331 12297 3812 12724 318959 101488 4229 1304 519763
is_linear=0
shrinkage=0.05


Tree=103
num_leaves=31
num_cat=0
split_feature=14 1 13 1 10 2 5 4 10 1 3 2 1 1 3 10 4 2 3 2 17 2 3 10 17 1 3 1 17 16
split_gain=1422.79 1184.32 596.136 256.248 565.798 242.115 191.465 480.507 434.834 200.607 263.929 239.582 153.948 215.903 265.149 141.271 124.966 207.346 116.186 156.872 270.57 109.14 127.661 129.847 101.49 157.768 98.1576 555.164 131.463 95.4572
threshold=0.75000000000000011 0.77208203933747421 1.0000000180025095e-35 0.97275461380724548 0.66885964912280715 0.88194444444444453 0.89898989898989912 0.95293466223698797 0.66885964912280715 0.86541041378793249 0.86240703177822864 0.61250000000000016 0.89249283325370299 0.95200732600732607 0.92718275008837059 0.53116172316384191 0.97979591836734703 0.63068181818181823 0.16064516129032261 0.36931818181818188 0.66939890710382521 0.069047619047619066 0.42933947772657455 0.54804667681380026 0.61326979472140775 0.91351816933212293 0.77836257309941537 0.92671106710856466 0.66939890710382521 1.0000000180025095e-35
decision_type=2 2 2 2 2 2 2 2 2 2 2 2 2 2 2 2 2 2 2 2 2 2 2 2 2 2 2 2 2 2
left_child=2 15 3 5 16 6 7 29 -9 -8 11 24 -12 -14 -15 -2 -5 -18 -17 20 21 22 -20 -24 25 -11 -13 -28 -29 -1
right_child=1 -3 -4 4 -6 -7 9 8 -10 10 12 26 13 14 -16 18 17 -19 19 -21 -22 -23 23 -25 -26 -27 27 28 -30 -31
leaf_value=-0.014233746341528374 -0.037259560289417022 0.044872768944958973 0.045863085684868354 0.026089494281529974 0.044726248724669126 0.031714073323610967 0.022221060038740709 0.0059111841133752153 0.043804590455637907 -0.062500954796139097 0.047124355344154718 0.0073923699221262011 -0.092619600149957987 -0.028619232729413066 -0.72712015358006821 0.027415819752993061 -0.1537345045939881 0.0020093902886215388 0.0055589966177562672 0.042206456619091295 -0.045247241754836749 -0.056454172703282325 0.31352780060437607 0.057513018841954783 -0.10536625240593739 0.018800170800597912 -0.10788319660559952 -0.045047170922148348 0.0038066100992260017 -0.0015488357802860102
leaf_weight=2963.0148462138604 258.77127805298369 4496.5367567744979 826.82717168144882 573.91990978521062 1052.0669769006781 553.15611302299658 411.87432431249181 3799.4187137292174 945.46386273065582 174.19196156477847 47.504508925892878 1246.0511541541782 184.63001384868403 561.42416504648281 1.3619071196881112 362.67990670137806 21.48065373240388 4165.4179572883295 514.67742917174473 153.62710312014678 383.30155485615251 60.038435478432802 5.3456513817072837 67.373015447548823 62.754337853344623 90.763505792128853 136.09169023594586 155.86147034118767 1182.0653399176372 2969.4401538381208
leaf_count=301673 477713 19253 3031 5655 3732 4693 7407 89538 1895 10933 182 18978 4766 10694 58 2020 1181 87638 14687 387 23527 1816 142 303 4802 1793 6366 2970 13780 140633
internal_value=0.0101785 0.0311371 0.00420831 0.00259119 0.0115426 -0.000769054 -0.0019724 0.00160159 0.0134618 -0.0109417 -0.0144962 -0.0078041 -0.0401544 -0.0457017 -0.0303096 -0.00306527 0.00420955 0.00121035 0.00265435 -0.0049282 -0.0119534 0.00775755 0.0143207 0.076333 -0.048192 -0.0346503 -0.00293823 -0.0116711 -0.0018846 -0.00788442
internal_weight=28427.1 6302.35 22124.8 21298 5812.89 15485.1 14931.9 10677.3 4744.88 4254.57 3842.7 3047.78 794.921 747.416 562.786 1805.81 4760.82 4186.9 1547.04 1184.36 1030.74 647.435 587.396 72.7187 327.71 264.955 2720.07 1474.02 1337.93 5932.46
internal_count=1262246 539848 722398 719367 98206 621161 616468 533739 91433 82729 75322 59622 15700 15518 10752 520595 94474 88819 42882 40862 40475 16948 15132 445 17528 12726 42094 23116 16750 442306
is_linear=0
shrinkage=0.05


Tree=104
num_leaves=31
num_cat=0
split_feature=9 1 16 14 4 14 2 17 4 1 17 14 0 16 9 9 0 10 13 0 4 18 2 2 0 1 18 12 9 8
split_gain=1415.76 548.963 250.082 381.788 178.918 202.759 131.191 125.738 125.426 122.03 121.481 115.912 110.484 110.21 119.369 107.911 196.007 112.508 102.095 88.0541 130.289 81.4686 81.2667 161.429 136.468 158.526 77.2471 218.917 158.879 161.808
threshold=0.5590277777777779 0.95200732600732607 1.0000000180025095e-35 0.75000000000000011 0.93127066603684472 0.75000000000000011 0.76388888888888895 0.97979591836734703 0.52689415847310594 0.42367844573726932 0.79830508474576278 1.0000000180025095e-35 0.88303693570451447 1.0000000180025095e-35 0.75500000000000012 0.21807065217391305 0.88303693570451447 0.76980056980056988 1.0000000180025095e-35 0.93440860215053778 0.13994288045695638 0.5884438881935754 0.78888888888888908 0.88194444444444453 0.75809822361546508 0.9368501714055254 0.50172413793103454 1.0000000180025095e-35 0.39009661835748799 0.48591269841269852
decision_type=2 2 2 2 2 2 2 2 2 2 2 2 2 2 2 2 2 2 2 2 2 2 2 2 2 2 2 2 2 2
left_child=2 4 6 10 13 18 7 26 9 -5 12 -3 -4 14 -2 21 17 -17 22 20 -9 -12 -6 24 25 -24 -1 28 -28 -30
right_child=1 11 3 8 5 -7 -8 19 -10 -11 15 -13 -14 -15 -16 16 -18 -19 -20 -21 -22 -23 23 -25 -26 -27 27 -29 29 -31
leaf_value=-0.0053050702440899785 -0.012436870309167814 0.015883517206922351 -0.00025854258166993531 0.053416672568698878 0.015116546037478477 0.043038878391355541 0.0063802020197713154 0.079055464187231306 0.042474356098159347 -0.041007162556840136 0.0075204312360096781 0.048672459604225865 -0.040163878555116161 0.024783797842258176 0.015719240385318609 0.023843824393765263 0.041283866199508829 -0.0065772863000674994 0.042898767918554105 0.03508483306793201 -0.012735527922534934 -0.012418920098308455 -0.08125397917675431 0.048529597608428642 -0.11130563132346105 0.0293894260014405 -0.046227445895808059 0.0026972190075720956 0.019549494308916747 -0.042785420996648352
leaf_weight=3983.7043702733354 864.30591237498447 300.61340938694775 3639.1514276700764 53.533103961846791 966.84267933247611 1082.2254791627638 2560.7609406747797 43.774576615716796 956.16026167356176 94.82969040889293 3926.1456647815648 2607.1338743870147 182.13267132168403 622.02355881687254 666.87312779109925 561.42892715008929 653.8062580130063 662.6682762093842 261.97967805759981 279.30959668330615 330.78014520331635 589.15322966693202 53.894312962889671 69.177750788629055 50.267569114454091 81.072895887307823 703.43602490973717 787.83519327023532 240.1196837509051 183.79008044674993
leaf_count=73219 2118 839 120717 1327 1977 4467 57866 849 4865 20776 32802 11885 6065 1196 1561 889 1634 1491 967 2034 39395 86871 213 119 250 117 771565 11961 932 1279
internal_value=0.00981018 0.0281938 0.00294853 0.00791204 0.0176633 0.0265829 -0.00321617 -0.00696635 0.0358373 -0.00693662 0.0048924 0.0452826 -0.00216054 0.00703584 -0.000174063 0.00910801 0.0191808 0.00737528 0.014576 0.013837 -0.00200782 0.00491876 0.00850026 -0.0166436 -0.0409832 -0.014792 -0.0092723 -0.0175244 -0.0316561 -0.0074764
internal_weight=28058.9 7626.41 20432.5 11319 4718.66 2565.46 9113.51 6552.75 1104.52 148.363 10214.5 2907.75 3821.28 2153.2 1531.18 6393.2 1877.9 1224.1 1483.23 653.864 374.555 4515.3 1221.26 254.413 185.235 134.967 5898.89 1915.18 1127.35 423.91
internal_count=1262246 25709 1236537 277437 12985 8110 959100 901234 26968 22103 250469 12724 126782 4875 3679 123687 4014 2380 3643 42278 40244 119673 2676 699 580 330 858956 785737 773776 2211
is_linear=0
shrinkage=0.05


Tree=105
num_leaves=31
num_cat=0
split_feature=9 3 6 9 3 4 18 13 16 4 18 15 3 0 5 4 0 0 2 5 18 18 3 4 0 3 4 9 8 12
split_gain=1331.63 551.627 255.258 249.861 401.042 201.339 195.939 192.142 328.312 258.275 156.389 139.382 118.316 133.508 114.597 255.348 106.656 105.262 145.008 127.343 104.283 99.2672 106.968 94.5498 94.1593 84.8903 84.1227 83.2695 109.728 101.42
threshold=0.5590277777777779 0.92390405293631106 1.0000000180025095e-35 0.17752100840336138 0.93788580246913589 0.90521114106019773 0.60889328063241122 1.0000000180025095e-35 1.0000000180025095e-35 0.56048780487804895 0.54580419580419581 1.0000000180025095e-35 0.8175416133162613 0.76533166458072599 0.76388888888888895 0.95293466223698797 0.66384180790960468 0.68042553191489363 0.78888888888888908 0.84523809523809534 0.73179568752209267 0.75688305127557476 0.84561213434452875 0.82167318982387483 0.82650501672240806 0.16064516129032261 0.81120250685468098 0.28869047619047622 0.2669211195928754 1.0000000180025095e-35
decision_type=2 2 2 2 2 2 2 2 2 2 2 2 2 2 2 2 2 2 2 2 2 2 2 2 2 2 2 2 2 2
left_child=2 7 5 6 10 16 11 8 14 25 -5 -4 -8 21 15 -2 -1 -7 19 -19 23 22 -14 26 -25 -9 -18 28 -6 -30
right_child=1 -3 3 4 27 17 12 9 -10 -11 -12 -13 13 -15 -16 -17 20 18 -20 -21 -22 -23 -24 24 -26 -27 -28 -29 29 -31
leaf_value=-0.059160497990373297 -0.0052504984331869847 0.047755634218191734 -0.059579056845786404 0.031063758565295876 0.050233244740293864 0.025131961690498257 -0.044475733386304665 0.044159602041011978 0.029980234595384788 0.044763667122949602 0.0023666141234352945 0.0029227846653981592 0.16365284443863204 -0.019118694197929106 -0.015259129505368597 0.045930966756072604 -0.012596934472287671 -0.011619213314791696 0.034865811067700633 -0.084482430187744484 -0.073043427455538087 -0.0017332847485404441 0.014893351571233397 -0.052214155375688347 0.02835223648026905 -0.01356379418087961 0.090040287532812346 0.043883160570310657 -0.020795761195271524 0.032900623359329043
leaf_weight=296.60882371509797 890.49651508405805 2324.5195682588965 89.937543869629735 536.35946875234367 189.68738051364198 260.66260458927718 350.62945569530712 79.741188518702984 1465.7137257857248 1169.0361776305363 4133.3558221405256 10861.263871629664 26.423288389880327 461.38196557162155 835.14587111258879 335.51256291754544 37.217732964680181 1164.042496028138 162.67287272703834 63.222152072674362 65.362402142127394 56.648538510708022 22.268844801117666 103.81142195989378 55.736823456507409 316.49119801260531 43.063063285939279 981.60243024630472 197.2001769640483 158.7118955347687
leaf_count=188865 1997 11321 32889 1909 322 7438 596738 41 4064 4582 70576 137718 3564 111856 2051 934 3468 27808 702 4993 12851 19121 3957 5728 733 719 676 3624 719 282
internal_value=0.00943957 0.0275733 0.0028202 0.00479908 0.0129369 -0.0130515 0.000550104 0.0183602 0.0118898 0.0329393 0.00566274 0.00240948 -0.0216469 -0.00752274 -0.000974567 0.00875594 -0.0378089 -0.00402504 -0.00949301 -0.0153727 -0.0170577 0.0432664 0.0956192 -0.00179954 -0.024069 -0.00194705 0.0424582 0.0351789 0.0195187 0.00314907
internal_weight=27734.5 7416.66 20317.9 18065.5 6196.92 2252.4 11868.6 5092.14 3526.87 1565.27 4669.72 10951.2 917.352 566.723 2061.15 1226.01 601.8 1650.6 1389.94 1227.26 305.191 105.341 48.6921 239.829 159.548 396.232 80.2808 1527.2 545.599 355.912
internal_count=1262246 25709 1236537 983275 77432 253262 905843 14388 9046 5342 72485 170607 735236 138498 4982 2931 212321 40941 33503 32801 23456 26642 7521 10605 6461 760 4144 4947 1323 1001
is_linear=0
shrinkage=0.05


Tree=106
num_leaves=31
num_cat=0
split_feature=9 3 14 1 13 1 5 4 15 17 14 9 3 18 18 12 9 9 8 8 10 17 4 10 10 2 8 17 18 10
split_gain=1251.58 546.924 236.266 531.385 185.24 256.098 169.635 307.852 148.371 121.193 118.575 116.931 102.417 101.345 156.113 135.272 124.682 120.484 167.555 166.639 119.989 104.039 99.6914 95.9571 115.545 95.5515 104.235 93.493 92.6461 91.799
threshold=0.5590277777777779 0.92390405293631106 0.75000000000000011 0.80379870129870146 1.0000000180025095e-35 0.67932244404113751 0.76388888888888895 0.95293466223698797 1.0000000180025095e-35 0.94665718349928885 0.75000000000000011 0.27429467084639503 0.91331186258722508 0.77431481930633039 0.86851709565885538 1.0000000180025095e-35 0.31009615384615391 0.10762548262548265 0.2886960940903151 0.1952172256097561 0.41103500761035011 0.92637759710930456 0.91024165707710025 0.82865035516969232 0.96785673286649077 0.88194444444444453 0.93364779874213844 0.83935483870967753 0.78805704099821761 0.53116172316384191
decision_type=2 2 2 2 2 2 2 2 2 2 2 2 2 2 2 2 2 2 2 2 2 2 2 2 2 2 2 2 2 2
left_child=2 4 8 29 6 28 7 -2 -1 13 23 -11 -13 17 16 22 -15 19 -19 20 -10 -21 -16 -8 25 26 -25 -28 -6 -4
right_child=1 -3 3 -5 5 -7 10 -9 9 11 -12 12 -14 14 15 -17 -18 18 -20 21 -22 -23 -24 24 -26 -27 27 -29 -30 -31
leaf_value=-0.057554598792050604 0.0068617890130831475 0.04762119767841555 -0.036366226417122852 0.042123325727216714 -0.057397476246667384 0.044831932801078916 0.026803422561324466 0.047009771284171512 -0.00078036538729674035 0.0044049088392055591 0.02529167777512354 0.0059122853638740036 0.040819202573029317 -0.054691256934556898 -0.049013948179297329 0.010127720113094929 -0.014076197537935499 0.02843805621713566 -0.00045527040783636816 -0.053076391496910236 0.11923026188555773 0.035472309732397123 -0.0073968837017901884 -0.025403097502775876 0.013439869399888305 0.048415612425116217 -0.073248835728057002 -0.28053438890320165 0.0086343016076058151 -6.6530223239258908e-05
leaf_weight=107.87207742113969 1451.6664797412232 2217.2382731894031 239.67429488689231 1106.4502694258699 62.853814959526062 1108.2885521440767 146.39853673242033 711.50656534032896 7923.0299127475446 4324.8024367769103 294.75765315582976 389.71952239307575 455.994511062745 284.93591547953838 188.99567909094912 1034.7812997416477 560.98579662758857 868.99927862010372 1187.3642096557887 231.5274950528401 20.882596446608659 38.719660999078769 603.04931778575701 546.05672325007617 231.30199060263112 38.763178119435906 59.195003870874643 5.9902523951604953 343.0263914167881 637.26573421340436
leaf_count=63502 3204 11321 478581 4678 215 4595 221 2425 79588 128996 1184 903 1474 108706 91710 4020 1428 3805 7636 142732 2084 7667 67845 1387 337 33 211 44 532 41182
internal_value=0.00907886 0.026952 0.00269477 0.0190829 0.0177859 0.032388 0.0114427 0.0200672 0.000910949 0.00125913 -0.00266447 0.00772995 0.0247335 -0.00132581 -0.00999877 -0.00177583 -0.0277568 0.000931198 0.0117548 -0.00177842 -0.000464887 -0.0403896 -0.0173274 -0.0106826 -0.0169096 -0.0277094 -0.032537 -0.0922975 -0.00159125 -0.00998751
internal_weight=27422.1 7217.04 20205.1 1983.39 4999.81 1514.17 3485.64 2163.17 18221.7 18113.8 1322.46 5170.52 845.714 12943.3 2672.75 1826.83 845.922 10270.5 2056.36 8214.16 7943.91 270.247 792.045 1027.71 881.307 650.005 611.242 65.1853 405.88 876.94
internal_count=1262246 25709 1236537 524441 14388 5342 9046 5629 712096 648594 3417 131373 2377 517221 273709 163575 110134 243512 11441 232071 81672 150399 159555 2233 2012 1675 1642 255 747 519763
is_linear=0
shrinkage=0.05


Tree=107
num_leaves=31
num_cat=0
split_feature=10 0 13 4 12 18 5 4 2 15 1 2 10 1 0 1 1 1 0 10 2 2 1 4 5 2 16 18 18 17
split_gain=947.499 1012.88 339.062 253.437 214.475 300.532 206.482 656.436 285.505 143.407 124.541 142.787 115.689 110.859 216.662 177.645 230.326 155.649 120.563 107.329 91.4335 122.305 91.3335 90.5993 127.054 88.5949 87.0567 132.924 96.2689 92.689
threshold=0.72176684881602926 0.88303693570451447 1.0000000180025095e-35 0.56048780487804895 1.0000000180025095e-35 0.7781746031746033 0.76388888888888895 0.95293466223698797 0.88194444444444453 1.0000000180025095e-35 0.46021700076001615 0.44949494949494956 0.61985915492957766 0.85731897252982192 0.76533166458072599 0.95295157850938794 0.93252124695228156 0.88541849871261646 0.78817016317016331 0.66885964912280715 0.61250000000000016 0.58571428571428574 0.74487409414586947 0.9948453608247424 0.89898989898989912 0.73214285714285732 1.0000000180025095e-35 0.52548558703451709 0.77560556933053604 0.43613053613053615
decision_type=2 2 2 2 2 2 2 2 2 2 2 2 2 2 2 2 2 2 2 2 2 2 2 2 2 2 2 2 2 2
left_child=4 2 6 -4 5 9 7 -2 13 -1 12 -12 -7 22 17 16 18 -15 -16 -14 21 -19 -8 -17 -25 -26 27 -11 -29 -30
right_child=1 -3 3 -5 -6 10 8 -9 -10 26 11 -13 19 14 15 23 -18 20 -20 -21 -22 -23 -24 24 25 -27 -28 28 29 -31
leaf_value=-0.057548532526527862 -0.00020541399060888533 0.046895632261730123 -0.0021731685030980251 0.044395037426249694 0.019452606958612156 -0.052710197200971809 -0.11392897116151808 0.047102484166607061 0.04657129057000408 -0.00010865233183695897 -0.052612835389375584 -0.015930126377246431 0.1019690099927574 -0.1028852888997126 -0.13059412317331409 -0.13897042062708215 -0.16074171673691065 -0.014703430622622854 -0.010231496282260642 -0.086796461613024858 0.0013927746400934423 -0.13155009788152688 0.037409444252463009 0.050032668957398878 0.024239232345066832 -0.0447789123920121 0.0061007615662956299 -0.034813875898137517 0.23116990426725303 -0.046791639931890901
leaf_weight=101.04823598662915 2418.315392595483 2706.4642825792544 393.49344965443015 1134.601657400839 1493.2390163570235 25.835065847306396 10.600168663077055 1052.3672256316058 249.77489298768342 6311.2495684576861 375.31903247538139 904.81398686391185 50.763355345930904 38.957836269401014 27.590526361949742 15.35838847607374 60.69832077389583 89.184492809697986 84.597634182311594 8.8418987614568305 1575.053510566242 29.904337058775127 167.55573267862201 61.623376578092575 59.682642818428576 210.4551097122021 7078.549154038803 374.31158454544493 6.776783025954499 5.3802561347256415
leaf_count=57715 5804 13254 764 4924 18623 41644 47 3322 827 63394 437956 172978 342 176 151 81 336 193 220 93 3476 133 293 176 111 734 134550 293847 417 5665
internal_value=0.00873041 0.0205934 0.0113241 0.0324035 0.00136837 -0.000403211 0.00608798 0.0141391 -0.00433445 0.00179914 -0.0227841 -0.026685 0.0356632 -0.00956424 -0.0125665 -0.0408725 -0.0822822 -0.00407347 -0.0398324 0.0739674 -0.00180123 -0.0440447 0.0284049 -0.020248 -0.0147519 -0.0295305 0.00223445 -0.0018517 -0.0303166 0.108154
internal_weight=27122.4 10386.3 7679.81 1528.1 16736.1 15242.9 6151.72 3470.68 2681.04 13877.3 1365.57 1280.13 85.4403 2431.26 2253.11 520.006 172.886 1733.1 112.188 59.6053 1694.14 119.089 178.156 347.12 331.761 270.138 13776.3 6697.72 386.469 12.157
internal_count=1262246 35022 21768 5688 1227224 1208601 16080 9126 6954 555588 653013 610934 42079 6127 5787 1809 707 3978 371 435 3802 326 340 1102 1021 845 497873 363323 299929 6082
is_linear=0
shrinkage=0.05


Tree=108
num_leaves=31
num_cat=0
split_feature=14 1 13 1 9 2 5 2 0 1 1 3 2 0 1 1 3 5 2 9 0 3 2 0 3 0 2 10 9 3
split_gain=1147.48 1035.14 474.016 183.786 497.107 199.75 157.337 195.556 197.788 439.312 169.953 218.847 205.437 168.647 135.425 179.48 158.506 130.662 169.254 169.663 141.45 184.841 115.735 111.729 111.712 101.067 127.209 164.664 95.9702 90.0396
threshold=0.75000000000000011 0.79705513784461157 1.0000000180025095e-35 0.97275461380724548 0.28869047619047622 0.88194444444444453 0.89898989898989912 0.63068181818181823 0.69309262166405039 0.93846852311368456 0.86541041378793249 0.86240703177822864 0.61250000000000016 0.91240409207161133 0.89249283325370299 0.95200732600732607 0.92718275008837059 0.64583333333333337 1.0000000180025095e-35 0.24500000000000002 0.31296641791044782 0.31400560224089641 0.5634920634920636 0.72046511627906984 0.3861642743221691 0.73273809523809541 0.44949494949494956 0.60622179239200535 0.069366479550922219 0.77836257309941537
decision_type=2 2 2 2 2 2 2 2 2 2 2 2 2 2 2 2 2 2 2 2 2 2 2 2 2 2 2 2 2 2
left_child=2 17 3 5 22 6 7 -1 -9 13 25 12 -12 23 -13 -16 -17 18 19 -2 21 -21 -5 -10 -23 26 -8 -28 -11 -14
right_child=1 -3 -4 4 -6 -7 10 8 9 28 11 14 29 -15 15 16 -18 -19 -20 20 -22 24 -24 -25 -26 -27 27 -29 -30 -31
leaf_value=-0.0036331751171733667 -0.050345193349235609 0.04383095659474312 0.044615571840592283 0.033551823614809122 0.042428475206930827 0.029615891313684223 0.047755963530679325 0.026151091594834898 -0.0078250453977125097 0.00093202831747691791 -0.044752314704956553 0.046385341069767418 0.0071345350612168033 0.049192969236826235 -0.085107993818779093 -0.026518959780501911 -0.4781899472658861 0.041300283574698268 -0.045674805648050487 0.012004129752608832 0.057853005858063057 -0.062530523650350153 0.00073748751102044655 -0.087020558495687295 0.0040817959359070741 0.035569082799802532 -0.015034275701627894 -0.19439881133871628 0.023909025879553042 -0.011195201502889073
leaf_weight=6961.2200035760907 149.9770083642652 3704.9126665711228 668.26890216721222 286.61937657455564 955.72314986400306 514.24782923154999 39.857481879618717 1317.8551523810602 57.299848171634949 1095.3242092881992 327.14858841638488 46.121392891771393 1236.4558621603355 33.946369827055605 181.97972121719795 567.32139606602141 1.949089099332922 153.23413094491116 240.71088831691304 826.96367254627694 118.77144568193762 158.73082567083475 4299.3249757953599 199.92233158026647 104.29717764681845 297.02672410666128 44.545210353942821 17.95269474061206 776.7162303449586 1462.3705998626247
leaf_count=473592 416881 18339 3031 2263 4002 4693 1340 18978 1735 25350 17528 182 18978 107 4766 10694 58 609 81587 10952 551 8150 91941 8365 2779 2662 3304 101 5612 23116
internal_value=0.00838962 0.0288537 0.00316808 0.00183136 0.00962475 -0.00101387 -0.00208794 0.00120545 0.0108814 0.00157895 -0.0102321 -0.0134741 -0.00733339 -0.0555548 -0.0367776 -0.0418832 -0.0280654 -0.00280596 -0.00703153 -0.000185583 0.00603796 0.000391909 0.00278837 -0.0693786 -0.0361171 0.0208039 -0.0220433 -0.0665572 0.0104653 -0.00279751
internal_weight=26846.8 5457.6 21389.2 20720.9 5541.67 15179.3 14665 10442.3 3481.06 2163.21 4222.73 3823.35 3025.98 291.169 797.372 751.25 569.27 1752.69 1599.45 1358.74 1208.76 1089.99 4585.94 257.222 263.028 399.382 102.355 62.4979 1872.04 2698.83
internal_count=1262246 539848 722398 719367 98206 621161 616468 533739 60147 41169 82729 75322 59622 10207 15700 15518 10752 521509 520900 439313 22432 21881 94204 10100 10929 7407 4745 3405 30962 42094
is_linear=0
shrinkage=0.05


Tree=109
num_leaves=31
num_cat=0
split_feature=14 1 13 6 1 2 0 16 9 9 5 0 9 9 2 2 9 6 0 4 1 4 4 9 8 10 8 0 0 4
split_gain=1085.27 994.277 449.727 200.041 201.643 212.091 173.911 163.606 179.218 152.032 177.624 318.267 674.213 205.168 122.163 163.663 160.608 133.83 131.48 173.445 111.577 110.857 109.299 134.084 109.025 105.468 174.028 118.214 105.436 103.784
threshold=0.75000000000000011 0.79705513784461157 1.0000000180025095e-35 1.0000000180025095e-35 0.92986483891215366 0.61250000000000016 0.65261756876663723 1.0000000180025095e-35 0.5590277777777779 0.24500000000000002 0.76388888888888895 0.65058139534883741 0.31698564593301443 0.58578431372549034 0.36931818181818188 1.0000000180025095e-35 0.24500000000000002 0.75000000000000011 0.31296641791044782 0.3128765060240965 0.90154415509837216 0.90521114106019773 0.95293466223698797 0.25462962962962971 0.36122782446311869 0.96785673286649077 0.89504283965728282 0.78404875463698998 0.69309262166405039 0.47856705450091858
decision_type=2 2 2 2 2 2 2 2 2 2 2 2 2 2 2 2 2 2 2 2 2 2 2 2 2 2 2 2 2 2
left_child=2 14 3 4 5 6 21 25 -9 -7 11 -11 -13 -14 15 16 -2 -17 19 -18 -8 -1 -6 24 -24 26 -5 28 -28 -21
right_child=1 -3 -4 7 22 9 20 8 -10 10 -12 12 13 -15 -16 17 18 -19 -20 29 -22 -23 23 -25 -26 -27 27 -29 -30 -31
leaf_value=-0.060571889593405585 -0.050333628960421942 0.043508334965973817 0.044314168353078442 -0.0011551314347379518 -0.025117651572277213 -0.056564757900374435 0.03655154314474586 0.0060526805429841797 0.031062102071918903 0.033183970754204768 -0.1130214127953962 -0.23918587972522776 -0.90406758007552479 -2.0974408842455476 0.039430891453752046 -0.0076079387127864139 0.01171639963493128 -0.083522665150518469 0.05642951948628569 -0.045833601368807375 -0.019913134463949211 0.010072443067957295 -0.00012114363695178888 0.037031997465862644 -0.11007913190649302 0.023217506265877746 -0.038682393536372893 -0.00022941656711045422 -0.11824659665718329 0.054441572853954789
leaf_weight=246.79510961615597 142.69449807127239 3549.7025890124787 639.89273067284375 7986.5513620900892 365.85180116753327 155.75165866306634 163.45688655428239 8676.5823534473311 780.79423154657707 2.8067409470677367 27.346105374395847 3.2373565286397934 0.67831804789602734 0.76787279173731804 156.53558261579019 115.87925886486482 820.91725833297824 116.3424636675627 115.75661583073088 235.46144814341096 188.25488565902924 71.656337063468527 936.65496296747006 271.48171235620975 23.098980256007053 415.16134567838162 138.28783736936748 123.07039349758998 59.576656529679894 28.979498379805591
leaf_count=102957 416881 18339 3031 357403 9854 12346 10247 187505 2428 5 122 21 13 33 841 35906 10731 45449 551 10999 12347 3472 17683 701 446 813 357 337 277 151
internal_value=0.00806803 0.0283531 0.00303219 0.00175221 -0.0116358 -0.0311437 -0.0179079 0.0035622 0.00811744 -0.0776846 -0.17211 -0.387836 -0.640144 -1.5377 -0.0026971 -0.00688136 -0.000183362 -0.045641 0.00577458 0.000372078 0.00632864 -0.0446759 -0.00112205 0.00600805 -0.00276757 -0.00137674 -0.00260582 -0.0387065 -0.062639 -0.0348447
internal_weight=26560 5282.27 21277.8 20637.9 2457.84 860.751 670.163 18180 9457.38 190.588 34.8364 7.49029 4.68355 1.44619 1732.57 1576.03 1343.81 232.222 1201.11 1085.36 351.712 318.451 1597.09 1231.24 959.754 8722.65 8307.49 320.935 197.864 264.441
internal_count=1262246 539848 722398 719367 170247 141563 129023 549120 189933 12540 194 72 67 46 521509 520668 439313 81355 22432 21881 22594 106429 28684 18830 18129 359187 358374 971 634 11150
is_linear=0
shrinkage=0.05


Tree=110
num_leaves=31
num_cat=0
split_feature=14 1 13 6 1 2 0 3 16 9 2 4 1 4 9 3 0 18 10 10 2 10 0 3 1 9 3 0 9 9
split_gain=1026.04 954.112 426.459 179.806 181.743 180.41 162.481 159.625 148.536 168.783 113.746 152.084 100.734 98.24 125.9 116.822 106.681 100.338 96.5858 137.22 117.558 96.5301 87.3241 91.0696 85.7266 83.4613 82.8132 82.115 105.812 80.3645
threshold=0.75000000000000011 0.79705513784461157 1.0000000180025095e-35 1.0000000180025095e-35 0.92986483891215366 0.61250000000000016 0.65261756876663723 0.84561213434452875 1.0000000180025095e-35 0.5590277777777779 0.36931818181818188 0.25158227848101272 0.90154415509837216 0.95293466223698797 0.25462962962962971 0.87112743532417769 0.67694497153700206 0.68304757304998809 0.96785673286649077 0.93112570698777597 0.88194444444444453 0.47641299510458396 0.34400614754098369 0.27072835547411828 0.91478771328621422 0.71714285714285719 0.72255689424364122 0.73273809523809541 0.16064516129032261 0.080540540540540564
decision_type=2 2 2 2 2 2 2 2 2 2 2 2 2 2 2 2 2 2 2 2 2 2 2 2 2 2 2 2 2 2
left_child=2 10 3 4 5 6 7 -1 18 29 11 -2 -8 15 17 16 -6 -15 19 22 -21 26 -5 -24 -14 -18 -7 -13 -29 -10
right_child=1 -3 -4 8 13 21 12 -9 9 -11 -12 27 24 14 -16 -17 25 -19 -20 20 -22 -23 23 -25 -26 -27 -28 28 -30 -31
leaf_value=-0.05760825722864879 0.01234672009430041 0.043174684801655261 0.044003180516885683 -0.059485775522964295 0.072294830495368723 0.081494536903259585 0.034689440591858883 0.048634781006893987 0.0013610826886873116 0.03034374640017053 0.038807197062099952 -0.019357549427334503 -0.081156298664362081 0.00075043723316101693 0.036468879654850454 0.0026358223346802361 -0.081161090903191957 -0.079950099878522973 0.022435318720024772 -0.041613345875198535 0.043974340102985253 -0.12692650917947748 0.16317487349708221 -0.00075913089541558055 -0.00060609644259397219 0.022517623185986244 -0.061015430685218197 -0.050060571367062739 -4.7785504800194003 0.011036836942384731
leaf_weight=269.20139763403859 630.54969908250496 3402.0243152575858 612.87925775581971 63.428046090339194 15.278660550538914 11.105234450966234 163.61540425187559 40.699065179433092 4714.1073354146793 759.85303456243128 151.23426962119993 929.6056658160087 42.806866810526117 919.28422518476145 262.12876614090055 196.42833644268103 133.83171013070387 40.201413466958911 408.33089394262061 341.31676901550964 45.465294469613582 56.924716251320206 8.4809359184291662 7856.9961952775047 144.63774081524753 22.703870613127947 124.25058328929299 0.027540433598914116 0.020741936750710011 3939.3502673366456
leaf_count=105628 93065 18339 3031 42130 186 136 10247 801 165925 2428 841 427558 4601 8648 701 2889 6750 9481 813 947 178 915 11 315108 7746 29 11489 42 3 21580
internal_value=0.0077529 0.0278559 0.00290251 0.00167854 -0.0110554 -0.0296707 -0.01727 -0.0436554 0.00339379 0.00774978 -0.002595 -0.00660822 0.00602181 -0.00106492 0.00575902 -0.0237028 -0.0538146 -0.00263083 -0.00130636 -0.00247216 -0.0315527 -0.0722977 -0.00105357 -0.000582369 -0.0190014 -0.0661236 -0.0493232 -0.0194646 -2.0814 0.00576582
internal_weight=26306.8 5113.46 21193.3 20580.4 2443.1 853.241 660.96 309.9 18137.3 9413.31 1711.44 1560.2 351.06 1589.86 1221.61 368.243 171.814 959.486 8724.02 8315.69 386.782 192.281 7928.91 7865.48 187.445 156.536 135.356 929.654 0.0482824 8653.46
internal_count=1262246 539848 722398 719367 170247 141563 129023 106429 549120 189933 521509 520668 22594 28684 18830 9854 6965 18129 359187 358374 1125 12540 357249 315119 12347 6779 11625 427603 45 187505
is_linear=0
shrinkage=0.05


Tree=111
num_leaves=31
num_cat=0
split_feature=14 1 9 6 17 9 17 17 1 3 3 2 0 3 4 1 6 2 3 2 2 9 1 0 1 4 1 0 2 1
split_gain=966.736 918.03 370.328 190.342 261.055 303.277 181.4 185.261 177.008 176.663 252.268 165.455 186.984 121.433 146.506 121.108 116.468 212.068 164.108 133.511 290.889 207.625 195.414 142.062 183.787 133.694 139.363 131.595 138.938 128.261
threshold=0.75000000000000011 0.78380811563755948 0.75500000000000012 1.0000000180025095e-35 0.94665718349928885 0.28869047619047622 0.65058139534883741 0.90399385560675893 0.92986483891215366 0.90038167938931302 0.75123762376237635 0.68333333333333346 0.66927083333333348 0.74862637362637374 0.93127066603684472 0.7308644419306185 0.75000000000000011 0.63068181818181823 0.8427393785668994 0.52272727272727282 0.88194444444444453 0.27429467084639503 0.85022419054245069 0.74239631336405543 0.90933082402414711 0.84273937856689929 0.91277995249532262 0.72046511627906984 0.58571428571428574 0.77208203933747421
decision_type=2 2 2 2 2 2 2 2 2 2 2 2 2 2 2 2 2 2 2 2 2 2 2 2 2 2 2 2 2 2
left_child=2 -2 3 6 16 -6 -1 8 11 10 13 12 -8 14 -9 -12 17 18 27 25 22 -22 29 24 -24 26 -18 -5 -29 -21
right_child=1 -3 -4 4 5 -7 7 9 -10 -11 15 -13 -14 -15 -16 -17 19 -19 -20 20 21 -23 23 -25 -26 -27 -28 28 -30 -31
leaf_value=-0.075671121782601214 -0.0026584745040700046 0.042724701708483956 0.033127407078437962 -0.0068549202622434973 0.0062374218020122586 0.03593192299588379 -0.044704691789818569 -0.041086246374372103 0.012136973179585189 0.0049242672694369619 0.065993526469498284 -0.078696407475326413 0.030503066859827861 0.11045428063349955 0.078169788275274085 -0.082854545161766491 -0.031241047757792264 0.011461220400810723 0.024752763387298139 -0.12530071533945411 -0.0032359682055791796 0.041936835938463521 -0.060843164088874857 -0.041998551744999696 -0.0057345604565984948 0.018738696896073048 0.02475655428172116 -0.020369292875221583 -0.10435614960756126 0.023150639867365357
leaf_weight=107.26044146601635 1688.4369091402004 3277.0751311297645 959.06719634402543 2610.2296522813558 3948.8297742003779 1099.2153675924055 169.09280496339488 121.47217215005367 1048.3171568749094 240.20284808402357 14.356009037044712 110.15708749866462 161.65705374450772 21.728605262833298 32.682355420285603 284.11156007001409 345.94150660412561 3859.55271432476 384.39148658326303 15.347248473248326 1672.2198695628322 300.00494284881279 183.38349368589115 960.61370509925473 864.53454447133117 908.7410464551067 163.67832934505714 160.00293118387344 71.134895601921016 280.13114484389371
leaf_count=31773 521134 18714 3938 197426 101197 3556 55229 29376 15535 3188 165 8380 7622 479 102 18152 61434 61266 4524 717 34771 1010 5498 24008 13170 26273 2741 4717 1891 4260
internal_value=0.00744358 0.0272929 0.00277196 0.00132636 0.00307649 0.0127034 -0.0121746 -0.00908419 0.000957696 -0.0300128 -0.0477043 -0.0256226 -0.0079462 -0.000204939 -0.0158027 -0.0756951 -0.00072613 0.00355306 -0.0059089 -0.00605036 -0.0104596 0.00363549 -0.0225249 -0.02811 -0.0153785 0.00724298 -0.0132559 -0.0100569 -0.0462171 0.01544
internal_weight=26063.6 4965.51 21098.1 20139 17828 5048.05 2311.04 2203.78 1489.22 714.554 474.351 440.907 330.75 175.883 154.155 298.468 12779.9 7085.31 3225.76 5694.6 4276.23 1972.22 2304.01 2008.53 1047.92 1418.36 509.62 2841.37 231.138 295.478
internal_count=1262246 539848 722398 718460 548459 104753 170001 138228 86766 51462 48274 71231 62851 29957 29478 18317 443706 269824 208558 173882 83434 35781 47653 42676 18668 90448 64175 204034 6608 4977
is_linear=0
shrinkage=0.05


Tree=112
num_leaves=31
num_cat=0
split_feature=14 1 13 17 9 0 5 5 9 0 0 15 0 5 17 1 17 1 0 1 17 5 17 1 1 1 0 0 9 18
split_gain=906.292 885.891 390.967 152.797 169.875 155.057 105.507 132.644 152.211 124.613 119.798 99.7991 89.2497 85.9879 127.73 115.445 120.781 112.282 289.716 265.202 110.163 109.448 118.532 107.224 105.093 130.169 99.1405 92.7644 89.9799 106.238
threshold=0.75000000000000011 0.79705513784461157 1.0000000180025095e-35 0.94665718349928885 0.27429467084639503 0.88303693570451447 0.64583333333333337 1.0000000180025095e-35 0.24500000000000002 0.31296641791044782 0.16035714285714289 1.0000000180025095e-35 0.70871212121212135 0.89898989898989912 0.93405797101449284 0.86541041378793249 0.86240703177822864 0.9368501714055254 0.72046511627906984 0.82289129977672804 0.68469785575048747 0.73214285714285732 0.9294019933554819 0.91478771328621422 0.92832157775102275 0.90715405284370809 0.5727513227513229 0.82650501672240806 0.069366479550922219 0.22684744000693063
decision_type=2 2 2 2 2 2 2 2 2 2 2 2 2 2 2 2 2 2 2 2 2 2 2 2 2 2 2 2 2 2
left_child=2 6 3 11 -5 12 7 8 -2 10 -10 -1 -6 14 17 -15 -17 18 23 -20 -19 24 -23 26 25 -21 -13 -24 29 -22
right_child=1 -3 -4 4 5 -7 -8 -9 9 -11 -12 13 -14 15 -16 16 -18 20 19 21 28 22 27 -25 -26 -27 -28 -29 -30 -31
leaf_value=-0.056202436953598625 -0.050327159454921423 0.042474130772842969 0.043477149648503688 0.003563063728817826 0.022503306639190722 0.040588068149389644 0.039606306631272487 -0.040221563445685296 0.013516562241510436 0.05557492082525739 -0.020903476089308211 0.0058289632123800818 -0.013623918548643017 0.020928028769743846 -0.036236554142017867 -0.011213286017211378 0.0053822009202180651 -0.048450321056915609 0.048484574673182908 -0.060709724430051695 0.0085641160265156873 -0.060784571454384366 -0.11331831886350895 0.01669964257073616 -0.087850188164812409 0.020702827751657282 -0.012233069428487793 0.086286592249396735 0.024395185856792342 -0.053152026948027647
leaf_weight=81.926712512999075 134.14618252084074 3128.1637327429198 570.53078501485288 4277.7866107757291 401.92224492249079 686.41992281912826 137.83504845462448 240.0801927524135 673.35569669380493 113.95173458807403 404.74730837451352 2167.3756482393946 297.48598235938698 392.91857342691219 208.20911481390067 4390.7040136068536 1461.2545197848522 74.372906436532503 100.19205907091964 67.768402142799459 1551.8772619683295 416.66762966186798 7.6341608060465651 1243.4281964192633 41.380270977242617 178.21479269838892 1169.7626804152969 24.504398009579745 1083.1846829447604 73.010786333208671
leaf_count=57373 416881 18339 3031 135124 909 3123 609 81587 8321 551 13560 215097 811 7120 12433 87434 23609 3039 3889 5835 2082 17089 303 24519 2423 4471 71788 179 8028 32689
internal_value=0.00715227 0.026673 0.00265365 0.00151182 0.00849177 0.0237058 -0.00233245 -0.00602313 0.000167766 0.00585014 0.000594404 -0.00117114 0.00713697 -0.000863443 0.00243767 -0.00530778 -0.00706933 0.00341973 -0.000773728 -0.0278346 0.0115837 -0.0382216 -0.0536482 0.00416729 -0.0141282 -0.00172634 -0.000502297 0.0388726 0.0132324 0.00579104
internal_weight=25800.8 4832.28 20968.5 20398 5663.61 1385.83 1704.12 1566.28 1326.2 1192.05 1078.1 14734.4 699.408 14652.5 8407.58 6244.88 5851.96 8199.37 5416.93 836.362 2782.45 736.17 448.806 4580.57 287.363 245.983 3337.14 32.1386 2708.07 1624.89
internal_count=1262246 539848 722398 719367 139967 4843 521509 520900 439313 22432 21881 579400 1720 522027 403864 118163 111043 391431 345593 34189 45838 30300 17571 311404 12729 10306 286885 482 42799 34771
is_linear=0
shrinkage=0.05


Tree=113
num_leaves=31
num_cat=0
split_feature=14 1 13 6 17 9 17 17 3 3 6 5 4 1 0 9 1 17 1 14 4 1 4 0 3 4 9 1 0 5
split_gain=853.508 849.752 370.325 150.836 239.262 301.992 181.959 183.816 194.807 167.215 123.848 200.457 226.405 197.975 222.139 195.96 166.642 143.115 120.816 110.685 165.033 110.665 173.245 168.863 109.992 143.669 104.243 104.24 125.989 104.222
threshold=0.75000000000000011 0.80379870129870146 1.0000000180025095e-35 1.0000000180025095e-35 0.94665718349928885 0.28869047619047622 0.65058139534883741 0.87026647966339421 0.87895437895437911 0.75123762376237635 0.75000000000000011 0.69047619047619058 0.90366769774635458 0.86541041378793249 0.98979591836734704 0.28869047619047622 0.88381521796705353 0.48528138528138537 0.90933082402414711 1.0000000180025095e-35 0.93957648776925895 0.92986483891215366 0.97014260249554385 0.67694497153700206 0.74862637362637374 0.93127066603684472 0.10762548262548265 0.77208203933747421 0.8765243902439025 0.64583333333333337
decision_type=2 2 2 2 2 2 2 2 2 2 2 2 2 2 2 2 2 2 2 2 2 2 2 2 2 2 2 2 2 2
left_child=2 29 3 6 10 -6 -1 21 9 24 17 16 18 27 -15 -16 -12 -5 -13 20 -19 22 23 -8 25 -9 -21 -14 -29 -2
right_child=1 -3 -4 4 5 -7 7 8 -10 -11 11 12 13 14 15 -17 -18 19 -20 26 -22 -23 -24 -25 -26 -27 -28 28 -30 -31
leaf_value=-0.075136841073578375 -0.0058422648539102496 0.042156813768426678 0.04313910268777324 -0.027140071000999657 0.0057613244389119866 0.035345847628856057 -0.037348566500797382 -0.044213194292709236 0.0047349548124548156 -0.066591374371528261 -0.026457596503998301 -0.093667311650533436 -0.074724268279923456 -0.024859958751610539 -0.0062568625082066193 0.043580555807571211 0.016984242235428756 -0.027963134176198202 -0.024755188657068036 0.0047792918355526147 0.0055339488094497957 0.012353118619491388 -0.071220990359442057 0.037790904600060488 0.09347639599528855 0.071646974907706842 0.020948824514835849 0.043660706613912179 -0.040375748107171386 0.039427390991088315
leaf_weight=103.77934388646099 1556.7977888375426 2994.0886345329927 546.85224168235436 355.46477685672289 3927.0359939493646 1105.3988928277977 144.54311921849148 139.57379910585587 321.12096571367874 327.53914466724382 267.33791420071793 120.66779134703393 24.537710254153353 1793.6537455514626 1548.1493618938548 226.03904363606125 1266.8650690728246 559.68256419981481 134.4909937268967 3841.4498228751036 1071.9734214385971 1016.8223218218482 112.64218590148084 154.90354179877613 23.416859652468702 33.102832223492442 1346.0167162523867 314.11125383460603 51.98101127546397 138.44782998756273
leaf_count=31781 521028 18182 3031 34137 101196 3770 46303 38146 4465 19456 57321 8930 1444 34100 33551 1004 29093 77091 2994 102230 49211 14841 8619 5974 540 122 7324 3769 1955 638
internal_value=0.00686493 0.0261412 0.0025356 0.00144354 0.00301062 0.0122597 -0.0103914 -0.00743612 -0.0259261 -0.0447292 -0.000591288 -0.00606005 -0.0116944 -0.00875182 -0.0124517 9.26336e-05 0.00941442 0.00378995 -0.0573446 0.00540226 -0.00595605 0.0034949 -0.0183626 0.00152103 -0.00821222 -0.0220023 0.00897488 0.0250416 0.0317285 -0.00214517
internal_weight=25568.5 4689.33 20879.2 20332.3 17954.9 5032.43 2377.44 2273.66 844.754 523.633 12922.4 5747.83 4213.63 3958.47 3567.84 1774.19 1534.2 7174.59 255.159 6819.12 1631.66 1428.91 412.089 299.447 196.093 172.677 5187.47 390.63 366.092 1695.25
internal_count=1262246 539848 722398 719367 549120 104966 170247 138466 62729 58264 444154 174161 87747 75823 68655 34555 86414 269993 11924 235856 126302 75737 60896 52277 38808 38268 109554 7168 5724 521666
is_linear=0
shrinkage=0.05


Tree=114
num_leaves=31
num_cat=0
split_feature=9 0 6 12 14 13 16 4 18 9 8 8 4 9 16 8 18 5 0 14 0 18 0 18 0 2 5 9 2 9
split_gain=801.434 492.989 164.142 150.867 225.828 147.997 263.571 205.391 146.999 175.417 270.648 213.948 143.163 127.114 126.745 124.697 149.67 106.282 153.327 118.298 112.432 104.535 96.8028 92.4948 88.9921 119.715 96.5378 84.4632 84.457 82.1015
threshold=0.5590277777777779 0.88303693570451447 1.0000000180025095e-35 1.0000000180025095e-35 1.0000000180025095e-35 1.0000000180025095e-35 1.0000000180025095e-35 0.56048780487804895 0.8006849315068495 0.10762548262548265 1.0000000180025095e-35 0.26837452938287776 0.90521114106019773 0.061553030303030311 1.0000000180025095e-35 0.21751918158567776 0.36236747398113028 0.64583333333333337 0.12599206349206352 0.75000000000000011 0.091966173361522255 0.88107024988213112 0.66384180790960468 0.73179568752209267 0.68042553191489363 0.78888888888888908 0.84523809523809534 0.36602870813397131 0.63068181818181823 0.3585714285714286
decision_type=2 2 2 2 2 2 2 2 2 2 2 2 2 2 2 2 2 2 2 2 2 2 2 2 2 2 2 2 2 2
left_child=2 5 12 8 21 6 -2 -7 9 10 -4 -11 22 -12 29 16 -15 18 20 27 -10 -5 -1 -24 -14 26 -26 -19 -18 -13
right_child=1 -3 3 4 -6 7 -8 -9 17 11 13 14 24 15 -16 -17 28 19 -20 -21 -22 -23 23 -25 25 -27 -28 -29 -30 -31
leaf_value=-0.057238439390198383 -0.0031172464043377492 0.047099905034522369 0.0029107632788579006 -0.016143803710157969 0.024625886033870475 -0.001522517259551358 0.026390656683121374 0.042461367542242785 -0.051527671545738431 0.03488085640744891 -0.039213057768164729 -0.044833383790677424 0.023515447525406928 -0.02641655143468535 0.013881435780148693 -0.037388238851236759 -0.051514728741230281 -0.021714263039108245 -0.047907428911009659 0.037433287671380655 0.060779973433179625 0.011332464544993847 -0.00030940477170370603 -0.070249943462058054 -0.011328834686095539 0.033035628697273119 -0.079819798145566487 0.0065857258256396675 0.076838684951556296 0.0036467091591403074
leaf_weight=242.3868479121229 1930.2067361935042 1530.971384310862 9482.8232600335032 680.19288055962534 1821.7371643861406 384.76787799037993 1244.8066768492572 855.69741305243224 33.92897873056063 884.96016664903527 595.23154628273915 193.27771484630921 248.8350553354976 84.844889572472312 694.4335359352408 138.91055873130972 14.648049435811116 673.34336294155219 367.51927846402396 144.7502829611185 64.934108907880727 704.91535195466713 232.96344887178566 59.305416120318114 1110.3233542411326 149.43414688136545 53.948032895787037 433.32833367446437 102.48506043484667 159.31424778338987
leaf_count=188865 5123 10642 22654 3005 14147 760 4269 4915 18531 19057 262142 38977 7438 1600 4027 104105 22736 131869 308216 775 26010 1816 10605 12851 27808 702 4993 1039 1802 767
internal_value=0.00659439 0.0226507 0.00166592 0.00326949 0.0130563 0.0141735 0.00845172 0.0288184 0.00103868 0.00294474 0.000378801 0.0167825 -0.0115434 -0.0252698 0.00148555 -0.000923186 0.0241557 -0.0126658 -0.0330383 -0.00507334 0.0222369 -0.00216046 -0.0338762 -0.0145013 -0.00390177 -0.00909499 -0.0145025 -0.0106331 0.0607875 -0.0229283
internal_weight=25319.2 5946.45 19372.8 17275.6 3206.85 4415.48 3175.01 1240.47 14068.7 12350.9 10418.9 1931.99 2097.2 936.12 1047.03 340.889 201.978 1717.8 466.382 1251.42 98.8631 1385.11 534.656 292.269 1562.54 1313.71 1164.27 1106.67 117.133 352.592
internal_count=1262246 25709 1236537 983275 18968 15067 9392 5675 964307 477867 415039 62828 253262 392385 43771 130243 26138 486440 352757 133683 44541 4821 212321 23456 40941 33503 32801 132908 24538 39744
is_linear=0
shrinkage=0.05


Tree=115
num_leaves=31
num_cat=0
split_feature=14 1 13 16 9 2 5 17 17 17 3 3 5 17 2 1 8 9 8 8 2 3 1 3 3 9 2 3 1 9
split_gain=763.295 801.307 332.465 141.272 167.902 282.945 128.377 102.038 118.149 125.17 111.668 104.439 114.931 100.873 98.9551 97.7875 87.1883 257.684 216.385 128.639 77.2867 123.928 89.8755 75.6343 94.8143 74.9706 73.6756 72.2355 71.7661 153.548
threshold=0.75000000000000011 0.80379870129870146 1.0000000180025095e-35 1.0000000180025095e-35 0.21807065217391305 0.88194444444444453 0.81666666666666676 0.34833164812942369 0.87138130686517801 0.66939890710382521 0.093386627906976785 0.13827244793444868 0.64583333333333337 0.47673160173160178 0.61250000000000016 0.85731897252982192 1.0000000180025095e-35 0.069366479550922219 0.20067114093959734 0.31440092165898625 0.76388888888888895 0.89825495415557544 0.9164448051948052 0.69804355850867483 0.121830550401979 0.29520697167755999 0.63068181818181823 0.27072835547411828 0.97275461380724548 0.39009661835748799
decision_type=2 2 2 2 2 2 2 2 2 2 2 2 2 2 2 2 2 2 2 2 2 2 2 2 2 2 2 2 2 2
left_child=2 7 3 13 16 6 14 -2 9 10 -9 -10 -13 -1 -6 -8 -5 19 -19 -18 26 22 -22 24 -11 -12 -17 -15 -29 -30
right_child=1 -3 -4 4 5 -7 15 8 11 23 25 12 -14 27 -16 20 17 18 -20 -21 21 -23 -24 -25 -26 -27 -28 28 29 -31
leaf_value=-0.047147537283266323 0.032782355273643531 0.041513955249893403 0.042437115442649283 0.0048306992998196534 0.0082644528486618719 0.045198638984207 0.039117448269375119 -0.11300325539461553 0.046506889312449118 -0.0024137040666635805 -0.050631378918554952 -0.020549126099371914 0.049125967056035752 0.13526275146501068 0.033463494224861536 -0.056713761601283809 -0.035824212048421455 0.031657789041843229 -0.0076467860016146893 0.076460877387301493 -0.095091274919541502 -0.11595011973901659 -0.0069471970556047521 0.023946295385599236 -0.06566749724676714 0.0059218191895238628 0.0025027043839146706 -0.0051698964522524189 0.00028176702824244098 0.040267441869516876
leaf_weight=128.40497300428979 185.03069039052752 2786.03483408381 502.64651441876777 4518.2002250077203 1303.3912762081018 605.60617328248918 110.42309714108706 22.534368524036836 162.5003945856879 80.308280212280806 65.169042248395272 233.66489073850971 79.263494351122063 9.50159381861158 555.69237262196839 56.879699926823378 703.81111948403122 493.28242158039939 1206.9999838276271 26.466820284564164 33.712077230215073 38.72437391243875 203.44124839454889 40.105682302275454 225.86264617285633 581.60380431992235 686.32023943401873 7100.6489296985892 2063.0098998342582 271.71196935325861
leaf_count=26184 20608 18182 3031 10301 2988 2522 133 5887 7032 8983 188660 108848 306 690 1298 160 204732 4875 22062 2235 142 174 465 756 177701 2885 1203 383158 54608 1437
internal_value=0.00632939 0.0250797 0.00227169 0.00126807 0.00526083 0.0140343 0.00771915 -0.00223847 -0.00658447 -0.0162145 -0.00358864 0.0139867 -0.00290071 -0.00312912 0.0157966 -0.00557583 0.000722837 -0.00691332 0.00375618 -0.0317548 -0.0104186 -0.0330189 -0.0194771 -0.0406187 -0.0490761 0.000223501 -0.00202934 -0.00253068 -0.00266944 0.00493525
internal_weight=25081 4462.08 20618.9 20116.2 10543 3594.19 2988.58 1676.04 1491.01 1015.58 669.307 475.429 312.928 9573.28 1859.08 1129.5 6948.76 2430.56 1700.28 730.278 1019.08 275.878 237.153 346.277 306.171 646.773 743.2 9444.87 9435.37 2334.72
internal_count=1262246 539848 722398 719367 253290 9085 6563 521666 501058 384872 197432 116186 109154 466077 4286 2277 244205 233904 26937 206967 2144 781 607 187440 186684 191545 1363 439893 439203 56045
is_linear=0
shrinkage=0.05


Tree=116
num_leaves=31
num_cat=0
split_feature=14 1 13 16 9 2 5 6 1 9 10 17 14 18 6 2 17 2 0 17 17 16 6 18 18 10 9 18 10 10
split_gain=717.873 765.893 314.396 128.342 154.637 273.07 117.417 104.631 171.74 122.985 143.841 107.936 106.618 99.7765 96.1348 94.3653 93.418 108.258 127.276 92.3875 88.7767 100.382 106.112 85.1056 152.1 115.49 109.189 82.7467 123.344 100.973
threshold=0.75000000000000011 0.80379870129870146 1.0000000180025095e-35 1.0000000180025095e-35 0.21807065217391305 0.88194444444444453 0.81666666666666676 0.75000000000000011 0.89500508750508756 0.31698564593301443 0.82865035516969232 0.8218253968253969 1.0000000180025095e-35 0.75688305127557476 1.0000000180025095e-35 0.61250000000000016 0.34833164812942369 0.38750000000000007 0.12599206349206352 0.48808848553601819 0.66939890710382521 1.0000000180025095e-35 0.75000000000000011 0.86308579668348961 0.87548449612403112 0.52784827975183324 0.18350168350168353 0.98518437225636535 0.96785673286649077 0.93112570698777597
decision_type=2 2 2 2 2 2 2 2 2 2 2 2 2 2 2 2 2 2 2 2 2 2 2 2 2 2 2 2 2 2
left_child=2 16 3 19 13 6 15 14 -9 -10 12 -12 -11 -5 -8 -6 -2 18 -18 -1 -20 -22 -23 -15 -25 -26 -27 28 29 -21
right_child=1 -3 -4 4 5 -7 7 8 9 10 11 -13 -14 23 -16 -17 17 -19 20 27 21 22 -24 24 25 26 -28 -29 -30 -31
leaf_value=-0.03914901441266215 0.031586873201209627 0.041115126250607613 0.042066795723510492 0.0023769381383565201 0.0078919792484863412 0.044920312767024753 -0.10103626115331546 0.031682732291704735 -0.12152984975586228 0.027201656806091618 -0.083897228377638536 0.0084318795918439712 -0.057141191734552302 -0.050541306424106369 0.011946794936347802 0.032777732375672983 0.010550358013748103 0.03670658127814258 -0.0077007728908826444 -0.001417793202119476 -0.057014266626574384 0.02512190362043612 -0.082771839937664793 0.060446143947006196 -0.05829896406358448 0.024303248557009587 -0.094995777668294645 -0.024643150390817575 0.029417544206343505 -0.031029608073283269
leaf_weight=173.27812069329229 182.49781714525398 2675.2232491308241 482.23605974158272 6411.3982898516842 1296.8332264658529 579.55069306725636 19.432767234742641 114.61823195032775 39.523775640875101 128.20267628505826 129.57778723537922 41.886394778266549 52.94207464158535 162.11206216448045 604.52775485720485 539.37099972739816 464.4435387909034 132.892175215311 489.75305340575869 8390.3087590585419 264.7476184788602 90.523899339314085 30.454956581816077 67.90405689740146 126.42200322785357 128.39555469970219 22.548060933011584 397.04658125931746 314.96877515176311 298.11124814650975
leaf_count=30295 20608 18182 3031 135147 2988 2522 82 154 168 217 505 76 155 47532 920 1298 87124 834 170974 417193 231034 7354 3738 6152 54544 714 116 17044 637 908
internal_value=0.00607592 0.0245748 0.00217214 0.00121208 0.00503929 0.0135285 0.00739654 -0.005279 -0.0221564 -0.0378933 -0.0285185 -0.0613425 0.00255129 0.000687819 0.00842803 0.015202 -0.00215666 -0.00633785 -0.010607 -0.00297153 -0.0218309 -0.0397719 -0.00203903 -0.0206563 -0.0066246 -0.0230447 0.00648228 -0.00230467 -0.00131955 -0.00243381
internal_weight=24851.7 4330.54 20521.2 20039 10465.2 3546.47 2966.92 1130.71 506.751 392.133 352.609 171.464 181.145 6918.78 623.961 1836.2 1655.31 1472.82 1339.92 9573.71 875.48 385.726 120.979 507.382 345.27 277.366 150.944 9400.44 9003.39 8688.42
internal_count=1262246 539848 722398 719367 253290 9085 6563 2277 1275 1121 953 581 372 244205 1002 4286 521666 501058 500224 466077 413100 242126 11092 109058 61526 55374 830 435782 418738 418101
is_linear=0
shrinkage=0.05


Tree=117
num_leaves=31
num_cat=0
split_feature=14 1 13 4 5 10 17 10 1 3 3 5 4 1 3 18 5 17 17 1 17 17 3 18 1 5 18 1 6 10
split_gain=673.062 733.349 297.181 127.994 171.109 301.347 267.212 245.629 165.131 130.421 122.361 111.734 104.987 129.453 125.881 129.448 100.989 99.7406 133.129 98.6122 94.309 191.529 176.113 116.707 106.055 96.6043 94.2638 90.3518 138.687 126.395
threshold=0.75000000000000011 0.80379870129870146 1.0000000180025095e-35 0.9457002457002458 0.89898989898989912 0.72176684881602926 0.89009661835748799 0.66885964912280715 0.97039821776663893 0.93419913419913414 0.98058069381598789 0.76388888888888895 0.88273491214667699 0.82289129977672804 0.74543037554004665 0.98675438596491238 0.76388888888888895 0.83935483870967753 0.86729559748427687 0.88748560099048379 0.64365079365079381 0.83935483870967753 0.55291153415453531 0.71063505872118327 0.82656695468155927 0.35416666666666669 0.81272482014388503 0.86541041378793249 0.75000000000000011 0.85254529767040566
decision_type=2 2 2 2 2 2 2 2 2 2 2 2 2 2 2 2 2 2 2 2 2 2 2 2 2 2 2 2 2 2
left_child=2 -2 3 8 5 10 27 26 12 -9 16 -12 14 17 15 20 -5 -14 -19 -15 22 25 -1 24 -24 -22 -8 -6 -29 -30
right_child=1 -3 -4 4 6 -7 7 9 -10 -11 11 -13 13 19 -16 -17 -18 18 -20 -21 21 -23 23 -25 -26 -27 -28 28 29 -31
leaf_value=-0.05674053783537273 -0.0020650782113808301 0.040703911037514612 0.041685412488018762 0.0045057037926816606 0.016975304633556395 0.03988928743101236 0.0067745084351498218 -0.052295293231984077 0.030675137416446903 0.046822752525881792 -0.1238409922157081 0.052803221495957113 -0.044018659652148781 -0.069014832186822014 0.0076381570895239382 -0.10338890097723151 0.032722221698367637 0.10471303339140912 0.003108771105076763 -0.018567565284291754 0.0028595338934834574 -0.0014681954464206626 -0.062038041226468291 -0.022590967500325798 0.060482035936905577 -0.046579631595054564 -0.027419477883604063 -0.0014009532575589314 -0.012531128256176036 -0.042030491598685778
leaf_weight=70.669876845226099 1643.1583848576265 2569.817035325279 462.80910011171363 3903.209388127405 348.47441711492138 770.33384705381468 3011.2327189041534 35.452091807033867 306.19420480931876 519.65981492516585 32.958122392054065 12.290479061775839 41.826409193643485 103.89342988051794 1712.0219099835667 36.935636693015113 345.14902734287898 54.363985051750205 79.218420949240681 1433.2421977703634 124.27302563448029 1102.878073539192 19.378930718885385 75.14803697617026 199.43128672150488 482.20942011568695 216.00942554140056 2595.6856272971054 1899.4884737724351 448.93712217733264
leaf_count=55389 521666 18182 3031 94729 6983 2171 37873 109 2617 2915 1493 42 5459 8631 55415 9709 2553 587 2533 38688 61853 115055 8054 17695 7799 52597 31201 53211 42443 1563
internal_value=0.00582537 0.024023 0.0020752 0.00115771 0.00373001 0.0110934 -0.000378854 0.00977029 -0.00506814 0.0404926 0.00592699 -0.0758607 -0.00704527 -0.0173334 -0.00243655 -0.0106074 0.0067981 0.0233611 0.0444586 -0.0219772 -0.00895509 -0.0138795 0.0141302 0.0311681 0.049631 -0.0364492 0.0044858 -0.00763195 -0.00936634 -0.0181704
internal_weight=24656.3 4212.98 20443.4 19980.6 14138.9 5063.94 9074.94 3782.35 5841.68 555.112 4293.61 45.2486 5535.49 1712.54 3822.95 2110.92 4248.36 175.409 133.582 1537.14 2073.99 1709.36 364.628 293.958 218.81 606.482 3227.24 5292.59 4944.11 2348.43
internal_count=1262246 539848 722398 719367 277286 100988 176298 72098 442081 3024 98817 1535 439464 55898 383566 328151 97282 8579 3120 47319 318442 229505 88937 33548 15853 114450 69074 104200 97217 44006
is_linear=0
shrinkage=0.05


Tree=118
num_leaves=31
num_cat=0
split_feature=9 2 1 2 5 17 9 10 4 1 5 4 17 5 9 10 9 4 5 4 2 10 1 2 1 0 17 4 0 2
split_gain=637.197 472.456 164.238 234.364 139.057 127.372 130.512 167.131 139.133 120.492 190.58 180.931 176.198 159.141 186.65 144.693 140.973 112.195 144.493 110.97 110.933 107.386 101.093 117.522 98.7154 94.454 92.4764 88.6162 93.9773 87.2011
threshold=0.5590277777777779 0.88194444444444453 0.93584259259259273 0.78888888888888908 0.89898989898989912 0.83935483870967753 0.097167584579071611 1.0000000180025095e-35 0.92907444668008055 0.77208203933747421 0.35416666666666669 0.95040983606557383 0.52679425837320581 0.86607142857142871 0.31698564593301443 0.93112570698777597 0.28869047619047622 0.92637759710930456 0.73214285714285732 0.12973352033660593 0.40833333333333338 0.49238500193274065 0.85731897252982192 0.61250000000000016 0.86541041378793249 0.64760348583878002 0.76043478260869579 0.73499399759903972 0.35781671159029654 0.84523809523809534
decision_type=2 2 2 2 2 2 2 2 2 2 2 2 2 2 2 2 2 2 2 2 2 2 2 2 2 2 2 2 2 2
left_child=5 2 3 17 -4 9 7 -7 19 12 24 15 16 14 -13 27 -1 -2 -19 -8 -14 -9 -15 -24 -11 -25 -20 -12 -29 -27
right_child=1 -3 4 -5 -6 6 8 21 -10 10 11 13 20 22 -16 -17 -18 18 26 -21 -22 -23 23 25 -26 29 -28 28 -30 -31
leaf_value=-0.051031287527784533 0.0012215994113908757 0.04956411678951006 0.03694199097035087 -0.061284088471735922 0.0043392376709139426 0.0038633650735945915 0.046980913030603734 -0.026499790593764012 0.020486531383842214 -0.014297192916937136 -0.067156816749231824 0.004446442060533253 -0.035045281640489305 0.031047949321515625 0.04283390347741782 0.057191513055282785 0.030203964898114794 0.049033791709717639 -0.0076830896607035628 -0.0042351203727109109 -0.1237762133681283 0.046734670745327271 -0.037803834400042022 0.0059561450190901066 0.055160995825562734 -0.020227671114550812 0.028779968258966244 0.13560039030503576 -0.01963262361622696 0.0027908897384771461
leaf_weight=72.995809275264037 1691.5611269311048 1120.6623574651312 1023.8783882532734 123.4198124059476 480.56484645791352 5515.2363750429358 115.66815614071675 698.77631195196591 2229.187289689944 66.844129146657906 100.65355639017798 2912.4994852251693 384.7788736539369 167.83982602866308 355.28447101125494 60.223273893818259 198.994941659912 336.57190678408369 376.3590041231364 1235.0722915065708 38.774561531361542 53.918286049127346 314.36136091058142 1100.2411733323679 217.9261436053057 1232.5592790908049 323.22162742656656 9.8240037480936717 1290.4072145480177 617.59900645108428
leaf_count=132894 4317 8983 5816 678 1636 12312 1945 320049 14720 24194 24516 74300 356109 2742 1054 26 1194 1759 1306 88736 4103 7260 18987 19711 10637 27433 1214 564 80920 12131
internal_value=0.00558502 0.020611 0.0131616 0.00610874 0.0265277 0.00125182 0.00519723 0.000847137 0.0128136 -0.00299832 -0.00135106 -0.002754 -0.0230017 0.000722427 0.00862006 -0.0186963 0.00840237 0.00915804 0.0221146 0.00015067 -0.0431682 -0.0212537 -0.006796 -0.00874154 0.0388571 -0.00564498 0.00916364 -0.0219586 -0.0184597 -0.0125439
internal_weight=24465.9 5476.24 4355.58 2851.13 1504.44 18989.7 9847.86 6267.93 3579.93 9141.81 8446.26 8161.49 695.544 6700.38 3267.78 1461.11 271.991 2727.71 1036.15 1350.74 423.553 752.695 3432.6 3264.76 284.77 2950.4 699.581 1400.88 1300.23 1850.16
internal_count=1262246 25709 16726 9274 7452 1236537 445022 339621 105401 791515 297215 262384 494300 156358 75354 106026 134088 8596 4279 90681 360212 327309 81004 78262 34831 59275 2520 106000 81484 39564
is_linear=0
shrinkage=0.05


Tree=119
num_leaves=31
num_cat=0
split_feature=14 1 9 15 4 1 5 9 17 9 4 1 2 3 0 5 4 3 17 2 1 8 17 17 3 17 2 2 17 3
split_gain=605.187 687.507 249.252 118.424 106.307 150.738 144.98 258.357 225.232 224.6 112.709 117.417 111.925 108.237 159.11 119.228 132.984 107.572 99.6284 96.5853 93.4264 87.0246 104.101 180.475 144.068 102.527 95.1765 201.67 119.831 107.289
threshold=0.75000000000000011 0.80379870129870146 0.75500000000000012 1.0000000180025095e-35 0.9457002457002458 0.97275461380724548 0.89898989898989912 0.33974358974358981 0.89009661835748799 0.28869047619047622 0.88273491214667699 0.82289129977672804 0.58571428571428574 0.74862637362637374 0.6436507936507937 0.69047619047619058 0.84273937856689929 0.98058069381598789 0.77459677419354855 0.63068181818181823 0.88748560099048379 0.2886960940903151 0.64365079365079381 0.80810147299509005 0.6831300813008131 0.58995376208490968 0.26136363636363641 0.43650793650793657 0.90661337209302328 0.66969696969696979
decision_type=2 2 2 2 2 2 2 2 2 2 2 2 2 2 2 2 2 2 2 2 2 2 2 2 2 2 2 2 2 2
left_child=2 -2 3 -1 5 10 7 17 -8 -10 13 12 18 21 -15 -16 -17 -6 -12 -19 -13 22 24 -24 -5 -26 -23 -28 29 -29
right_child=1 -3 -4 4 6 -7 8 -9 9 -11 11 20 -14 14 15 16 -18 19 -20 -21 -22 26 23 -25 25 -27 27 28 -30 -31
leaf_value=-0.057945984922564343 -0.0020035146093134956 0.040020617327451713 0.02945515251642631 0.0018657739525785987 0.0063787271042923853 0.03178657913469074 -0.0072269814854299553 0.038303391892313556 0.0039301283135504102 0.039266502980205314 -0.068619501395165941 -0.068375245096979329 -0.10968504066934776 0.036829180635009999 0.0097739011722625564 -0.090509985664881942 -0.010792963539071294 -0.1142637043496903 0.050149601711060691 0.052286801683805187 -0.018442642215444321 0.010666144828431989 -0.044795235250735907 0.0025068102652817856 -0.066319217253500623 0.10782493332709855 -0.073586328770372009 -0.0060437657574776036 0.019517659998287695 -0.090919540508794292
leaf_weight=85.668323380341462 1634.3577660645242 2405.956774399383 784.62546111643314 168.50663771826657 4152.6435000505735 267.83539634622866 5156.9212574361081 702.50670049921609 3155.8673819429823 524.40566227631643 20.317810926222592 100.29493433899916 14.716717474759205 367.83872417952807 866.48152625431248 62.250676047959132 327.81860649249575 33.567298973706784 134.82620374248654 11.752521120361051 1420.08302616929 152.32505342648074 263.23568610923394 861.9059865593299 9.7122900998874666 65.137230660606292 200.56845719478588 88.665644733817317 167.74802912805171 64.186489292085753
leaf_count=63502 521666 18182 3938 57932 94690 2184 103104 2146 68624 3017 4010 8492 1350 9498 31542 2767 8258 1492 3058 42 38461 17517 70817 104748 2087 2546 12574 1166 1540 1296
internal_value=0.00535396 0.0230213 0.00182587 0.000711163 0.000970693 -0.00481946 0.00334129 0.010239 -0.000483687 0.00896524 -0.00664979 -0.0173317 0.022095 -0.00172533 0.00790676 -0.000559896 -0.0235149 0.00554258 0.0345955 -0.0710731 -0.0217366 -0.00938759 -0.00214642 -0.00855987 0.0275058 0.0852284 -0.0241012 -0.0342629 -0.00966198 -0.0416853
internal_weight=24272.7 4040.31 20232.4 19447.8 19362.1 5624.46 13737.7 4900.47 8837.19 3680.27 5356.62 1690.24 169.861 3666.38 1624.39 1256.55 390.069 4197.96 155.144 45.3198 1520.38 2041.99 1368.5 1125.14 243.356 74.8495 673.494 521.169 320.6 152.852
internal_count=1262246 539848 722398 718460 654958 381843 273115 98370 174745 71641 379659 55371 8418 324288 52065 42567 11025 96224 7068 1534 46953 272223 238130 175565 62565 4633 34093 16576 4002 2462
is_linear=0
shrinkage=0.05


Tree=120
num_leaves=31
num_cat=0
split_feature=14 1 13 6 17 9 17 17 3 3 1 6 2 2 2 9 1 3 1 1 17 4 3 8 9 1 4 1 9 10
split_gain=563.577 659.283 261.02 137.183 176.357 239.783 164.441 162.23 182.446 162.729 115.474 103.545 189.839 128.476 260.402 175.796 138.865 125.513 143.813 117.216 113.577 111.84 111.184 116.251 109.163 142.567 104.929 103.191 103.18 122.199
threshold=0.75000000000000011 0.80379870129870146 1.0000000180025095e-35 1.0000000180025095e-35 0.94665718349928885 0.31698564593301443 0.65058139534883741 0.94804318488529027 0.90038167938931302 0.72438780609695164 0.7308644419306185 0.75000000000000011 0.63068181818181823 0.52272727272727282 0.88194444444444453 0.27429467084639503 0.85022419054245069 0.8427393785668994 0.87686537090526917 0.77208203933747421 0.93405797101449284 0.84273937856689929 0.92718275008837059 0.31440092165898625 0.050641025641025648 0.96004459308807155 0.96051948051948066 0.91277995249532262 0.75500000000000012 0.96785673286649077
decision_type=2 2 2 2 2 2 2 2 2 2 2 2 2 2 2 2 2 2 2 2 2 2 2 2 2 2 2 2 2 2
left_child=2 -2 3 6 11 -6 -1 -8 9 -9 -11 12 17 21 16 22 19 18 -5 -15 -19 27 -16 24 25 -24 -21 -13 29 -18
right_child=1 -3 -4 4 5 -7 7 8 -10 10 -12 13 -14 14 15 -17 28 20 -20 26 -22 -23 23 -25 -26 -27 -28 -29 -30 -31
leaf_value=-0.074197300455808954 -0.0019026784432388082 0.039576400496405768 0.040753773163185153 0.0093144178293604347 0.0051776618193131998 0.033692057044508075 4.6273165379373061e-05 0.0064694214946635856 0.0062867236931460242 0.073307146548804061 -0.081069756498148848 -0.027168286230048105 0.010898508886259338 -0.12126438880703656 0.045148640997403761 0.040791918414936568 -0.027340992007742343 0.027022888302879317 -0.01601286658177381 -0.08126773505478746 -0.13482404830543143 0.01803126207782239 -0.32446120431635528 -0.060975360938122961 0.022085360247190031 -0.0092395991316540655 0.030131129992218671 0.021618190751109059 -0.11221742963984374 0.028081741731506744
leaf_weight=97.306896423120634 1634.9106422886725 2313.6623544938629 419.88865104666911 768.8056709297598 3881.5476895658212 910.15551855997182 1647.3047891756869 84.657615344345686 201.59520350239472 12.743587455479426 244.89579670732201 338.31637567298458 3824.5984895870206 15.549134858287287 113.53241166623775 271.46379745611921 1892.8893189111259 352.56380725812051 2068.4033505045372 23.231567285271012 11.183695387851911 894.20149895083159 3.5985801583738057 90.891237063740846 340.58327224187087 1111.5605418134655 234.62995698186569 159.4836544294667 34.040741484612226 104.97153011616319
leaf_count=31781 521666 18182 3031 128402 101339 3627 104439 15121 2589 144 16173 61435 61330 717 669 1133 42503 4165 75729 1944 367 26280 438 2167 4751 26746 2317 2742 176 143
internal_value=0.00512859 0.0224019 0.0017445 0.00091451 0.00242435 0.0105938 -0.0105956 -0.00777117 -0.0314481 -0.053672 -0.0734338 -0.000669067 0.00337935 -0.00572194 -0.0100517 0.00348989 -0.0213982 -0.00560477 -0.00914987 0.0120556 0.0220468 0.00745678 -0.0026096 -0.00611534 -0.00269008 -0.0102568 0.0200949 -0.0115382 -0.0258997 -0.024429
internal_weight=24103.2 3948.57 20154.6 19734.7 17446.2 4791.7 2288.5 2191.2 543.892 342.297 257.639 12654.5 7025.56 5628.94 4236.94 1931.63 2305.31 3200.96 2837.21 273.411 363.748 1392 1660.17 1546.63 1455.74 1115.16 257.862 497.8 2031.9 1997.86
internal_count=1262246 539848 722398 719367 549120 104966 170247 138466 34027 31438 16317 444154 269993 174161 83704 35904 47800 208663 204131 4978 4532 90457 34771 34102 31935 27184 4261 64177 42822 42646
is_linear=0
shrinkage=0.05


Tree=121
num_leaves=31
num_cat=0
split_feature=14 1 13 6 17 9 17 17 3 3 1 16 6 2 5 1 5 2 1 9 2 1 1 3 8 9 1 14 8 1
split_gain=524.165 631.64 246.215 124.432 160.594 226.835 155.568 147.986 164.107 181.475 103.281 98.5912 93.4776 172.302 169.922 191.657 168.279 280.702 284.297 165.392 148.025 133.959 131.529 102.68 105.575 124.297 111.062 99.0477 185.571 94.997
threshold=0.75000000000000011 0.80379870129870146 1.0000000180025095e-35 1.0000000180025095e-35 0.94665718349928885 0.31698564593301443 0.65058139534883741 0.87026647966339421 0.86706827309236967 0.75123762376237635 0.73531367183541108 1.0000000180025095e-35 0.75000000000000011 0.63068181818181823 0.81666666666666676 0.92251711734850694 0.69047619047619058 0.88194444444444453 0.85022419054245069 0.27429467084639503 0.44949494949494956 0.77208203933747421 0.88381521796705353 0.92718275008837059 0.28094530597084227 0.050641025641025648 0.96004459308807155 1.0000000180025095e-35 0.15018796992481206 0.80379870129870146
decision_type=2 2 2 2 2 2 2 2 2 2 2 2 2 2 2 2 2 2 2 2 2 2 2 2 2 2 2 2 2 2
left_child=2 -2 3 6 12 -6 -1 -8 9 11 -11 -9 13 14 -5 20 22 18 21 23 -16 -18 -14 -19 25 26 -25 -20 -29 -15
right_child=1 -3 -4 4 5 -7 7 8 -10 10 -12 -13 16 29 15 -17 17 19 27 -21 -22 -23 -24 24 -26 -27 -28 28 -30 -31
leaf_value=-0.073131354239212493 -0.0018069476118019502 0.039119542448042256 0.040333161508901885 -0.0018561015306561145 0.0049327977789825521 0.033016800570921906 0.0026419963406142492 -0.04907842862010503 0.00092029335082887017 0.043162448683657817 -0.079025111860089536 0.024446690843665339 -0.023665951505345676 -0.1725987214923462 0.034846290397465618 0.026427370725881135 -0.096708145511976207 0.044104005456119769 -0.017123460495955863 0.040340376134974903 -0.08767859271137983 0.027536363236028406 0.015731877655077008 -0.26936768872647893 -0.049556482570468713 0.026315525555150196 -0.0086669828816952448 -0.024956252911218984 -0.06847180076184084 0.010767317038554913
leaf_weight=93.876302145319642 1635.4368334905994 2225.8827979413327 403.4714857863728 2937.8283013608889 3870.7990044114122 883.02681828127243 1370.3573213165073 78.584166321103112 361.28074869306874 18.581237103120657 249.74694967267715 108.60643658139452 255.72107505525491 7.0765540112915906 28.976164746316499 71.384559162281221 23.276440051209647 110.48847972165095 797.90712030702707 261.04236579267308 165.12978632694285 319.27873134150286 1234.6823189975985 4.1002994532464063 126.51747939168126 306.46778868522961 1115.5636829555151 690.39890436718997 379.7615224118199 3791.7280635197676
leaf_count=31781 521666 18182 3031 194017 101339 3627 75737 27100 5726 371 17824 11708 57321 689 1601 1313 2182 669 22216 1133 11732 6681 29093 415 4301 3720 25666 3309 17455 60641
internal_value=0.00491524 0.0217854 0.00166885 0.000875448 0.00231639 0.0101494 -0.0101043 -0.00739911 -0.0242452 -0.0442045 -0.0705638 -0.00641976 -0.00063252 0.00322335 -0.00531793 -0.0436254 -0.00543222 -0.0106243 -0.0227786 0.00333938 -0.0693881 0.019094 0.00897206 -0.00246821 -0.00578235 -0.00189898 -0.00962169 -0.030457 -0.0403984 0.0104257
internal_weight=23927 3861.32 20065.7 19662.2 17381.2 4753.83 2281.03 2187.16 816.8 455.519 268.328 187.191 12627.3 7002.12 3203.32 265.491 5625.21 4134.8 2210.62 1924.18 194.106 342.555 1490.4 1663.14 1552.65 1426.13 1119.66 1868.07 1070.16 3798.8
internal_count=1262246 539848 722398 719367 549120 104966 170247 138466 62729 57003 18195 38808 444154 269993 208663 14646 174161 87747 51843 35904 13333 8863 86414 34771 34102 29801 26081 42980 20764 61330
is_linear=0
shrinkage=0.05


Tree=122
num_leaves=31
num_cat=0
split_feature=9 2 16 9 2 0 16 14 18 9 12 8 8 10 10 8 18 11 0 9 1 18 9 1 17 3 18 2 0 2
split_gain=496.125 448.789 145.551 155.644 142.544 135.087 116.174 150.21 95.4428 173.754 98.7583 123.312 133.005 81.8228 111.931 108.508 106.996 107.338 81.5493 81.317 71.1399 79.9552 75.3515 67.0266 66.798 105.63 86.1014 65.8442 165.747 136.017
threshold=0.5590277777777779 0.88194444444444453 1.0000000180025095e-35 0.88562091503267981 0.81666666666666676 0.28035087719298252 1.0000000180025095e-35 0.75000000000000011 0.52548558703451709 0.17752100840336138 1.0000000180025095e-35 0.26837452938287776 0.26639784946236567 0.85254529767040566 0.96785673286649077 0.93364779874213844 0.98518437225636535 1.0000000180025095e-35 0.13100686498855837 0.75500000000000012 0.93252124695228156 0.82512135922330099 0.76696832579185525 0.49558766973611384 0.79830508474576278 0.86582551161717203 0.97156334231805941 0.58571428571428574 0.60188679245283028 1.0000000180025095e-35
decision_type=2 2 2 2 2 2 2 2 2 2 2 2 2 2 2 2 2 2 2 2 2 2 2 2 2 2 2 2 2 2
left_child=6 2 3 4 13 18 8 24 -1 -10 11 12 -11 -2 15 19 -16 -18 -5 -15 21 -4 -23 -20 25 -8 -27 29 -29 -13
right_child=1 -3 20 5 -6 -7 7 -9 9 10 -12 27 -14 14 16 -17 17 -19 23 -21 -22 22 -24 -25 -26 26 -28 28 -30 -31
leaf_value=-0.00015882605284317278 0.017413891821609288 0.049411265755906417 0.045438645789366121 0.023718534507464077 -0.10411317612923361 0.04132506743428746 0.0010455937389194387 0.027507038838450855 -0.050427512506170613 0.0023336154931668115 0.0044904026037836794 -0.01038692365285325 0.14230477550116888 -0.016650250552470377 0.028471782606235903 -0.050975410753927586 0.042155371695560315 -0.074579231353305603 -0.16300740668993052 0.013101995525835823 0.040468481127396962 -0.0047387971947359898 0.03371603329794929 -0.028458790113926491 0.0062520807622881954 -0.029120485374702063 0.054359728031352798 0.04240352137724579 -0.031349862613662405 -0.070377610971938079
leaf_weight=6267.4203856408358 539.58344245096669 957.15245159296319 178.48440275597386 86.934184648096561 33.049448489909992 457.62160468613729 3107.7890707436673 666.60418138594832 261.77336605373694 245.58488974848296 959.82455533504253 176.52171244339843 18.231883742802893 708.4244478715118 358.55388165987097 161.99058310152031 30.375754906795919 55.989265559706837 10.539339251816271 339.82202293397859 489.33535072789527 407.9486371553503 185.22935769916512 76.022034954279661 5847.7078203128185 470.50443748405087 33.057689834327903 100.03327955468558 319.41493490492576 203.30977847588656
leaf_count=93125 1682 8983 469 94 198 3438 114412 26968 789422 14994 4820 45972 222 2542 774 588 26 250 56 1544 2666 1633 558 208 123687 11801 569 214 1749 8582
internal_value=0.00471013 0.0185696 0.0114043 0.0051628 -0.00104666 0.0270817 0.000942809 0.00456679 -0.00334797 -0.0120965 -0.00713633 -0.0176336 0.0120068 0.000505366 -0.00500684 -0.0128906 0.0164379 -0.0335221 -0.0104875 -0.00700513 0.025555 0.0160978 0.00726934 -0.0448408 0.00295014 -0.00239656 -0.0236402 -0.027417 -0.0137606 -0.0424977
internal_weight=23754.8 5077.06 4119.9 2858.91 2227.79 631.117 18677.8 10125.7 8552.11 2284.69 2022.92 1063.1 263.817 2194.74 1655.16 1210.24 444.919 86.365 173.496 1048.25 1261 771.662 593.178 86.5614 9459.06 3611.35 503.562 799.28 419.448 379.831
internal_count=1262246 25709 16726 11400 7604 3796 1236537 277437 959100 865975 76553 71733 15216 7406 5724 4674 1050 276 358 4086 5326 2660 2191 264 250469 126782 12370 56517 1963 54554
is_linear=0
shrinkage=0.05


Tree=123
num_leaves=31
num_cat=0
split_feature=13 2 9 2 5 2 18 10 9 8 6 2 6 0 17 3 5 3 6 8 17 10 9 8 1 1 12 8 2 2
split_gain=467.867 210.024 208.337 617.815 154.495 197.316 153.883 171.485 150.814 212.459 143.66 135.25 126.897 125.443 124.118 166.765 117.052 115.958 121.242 115.556 108.313 94.0939 93.4392 99.0821 92.2328 86.3285 124.294 99.6692 87.4268 84.1411
threshold=1.0000000180025095e-35 0.17424242424242428 0.33974358974358981 0.88194444444444453 0.81666666666666676 0.61250000000000016 0.60889328063241122 0.47641299510458396 0.10762548262548265 1.0000000180025095e-35 1.0000000180025095e-35 0.78888888888888908 1.0000000180025095e-35 0.63373983739837414 0.90399385560675893 0.86240703177822864 0.76388888888888895 0.83047895500725699 0.75000000000000011 0.21575680631965019 0.96039215686274526 0.48107236684977317 0.039230769230769243 0.31440092165898625 0.90401182303585059 0.41155840127614329 1.0000000180025095e-35 0.5885620915032681 0.63068181818181823 0.78888888888888908
decision_type=2 2 2 2 2 2 2 2 2 2 2 2 2 2 2 2 2 2 2 2 2 2 2 2 2 2 2 2 2 2
left_child=2 -2 6 4 5 10 8 -8 9 -1 13 -6 -9 -4 -15 -16 -7 24 -19 21 -12 -14 23 -11 -13 -21 27 -27 -29 -18
right_child=1 -3 3 -5 11 16 7 12 -10 22 20 17 19 14 15 -17 29 18 -20 25 -22 -23 -24 -25 -26 26 -28 28 -30 -31
leaf_value=0.0017102496971646267 0.0018131657738395962 0.043439361680213791 -0.07163848401663428 0.047091009404121663 0.00013598138471311808 0.044126479575287585 -0.035853934470000653 -0.047873302018179284 0.016939976133385656 -0.047544012078759815 0.0030095524979795478 -0.12817844649295848 0.12289292165715981 0.025618384282060327 -0.094517744077468713 0.01753257789719373 -0.013308791905622428 -0.0052228791319508718 -0.065011183168319539 0.046653908135882764 0.029016844887653045 0.019845879288093192 -0.01010242791350798 0.10968746560547411 0.022616080652014536 -0.029768432324064505 0.0070704833781019176 -0.077883085472647773 0.040876222157616403 0.044781398597106711
leaf_weight=10440.426392217749 423.1668230863288 1067.3059054601472 104.86663318326464 961.07076278422028 1489.9995159381069 565.06838294724002 575.34574753738798 156.87359074621054 1432.3878673378786 356.68580538135575 2182.7728184978478 11.053467728197573 24.339786078213365 139.75960604194552 70.607389830984175 62.688059124164283 197.80381926568225 130.40414879773743 242.4298365842551 73.062318698357558 490.2593720597215 246.55919583883224 514.39755777872779 10.309331123477021 122.75616531725973 671.37872911619979 651.71251961341477 18.578477031041984 93.434934829361737 91.021176682319492
leaf_count=29060 927 9360 1037 7894 3577 2790 835650 26155 18359 124573 7782 58 1512 213 502 211 725 410 1108 4849 1880 17416 66227 259 247 94167 4371 421 146 360
internal_value=0.00450578 0.0316211 0.00267938 0.00991531 0.00386117 0.00964604 -0.000573508 -0.0118868 0.00165406 -0.000279849 0.00369993 -0.00745235 -0.00476394 -0.0251551 -0.00730312 -0.0418211 0.0308914 -0.029769 -0.0440993 -0.000962661 0.00777954 0.0291045 -0.0238533 -0.0431272 0.0101596 -0.00636336 -0.00906251 -0.0224837 0.0211789 0.00499793
internal_weight=23618.5 1490.47 22128.1 6862.56 5901.49 3904.85 15265.5 2511.29 12754.2 11321.8 3050.95 1996.64 1935.94 377.922 273.055 133.295 853.893 506.644 372.834 1779.07 2673.03 270.899 881.393 366.995 133.81 1508.17 1435.1 783.392 112.013 288.825
internal_count=1262246 10287 1251959 28794 20900 15500 1223165 984687 238478 220119 11625 5400 149037 1963 926 713 3875 1823 1518 122882 9662 18928 191059 124832 305 103954 99105 94734 567 1085
is_linear=0
shrinkage=0.05


Tree=124
num_leaves=31
num_cat=0
split_feature=13 14 1 6 1 4 1 0 2 9 15 6 17 17 9 17 3 3 0 5 1 6 5 2 1 0 2 9 0 1
split_gain=438.813 231.644 411.038 222.673 589.28 208.724 170.195 405.772 350.695 503.999 110.013 109.146 144.871 135.575 194.361 132.681 151.189 147.178 105.787 111.024 99.987 87.7862 158.723 237.97 252.67 162.134 150.355 142.087 117.418 283.93
threshold=1.0000000180025095e-35 0.75000000000000011 0.9164448051948052 1.0000000180025095e-35 0.91351816933212293 0.7701575532900834 0.86683182134819725 0.70871212121212135 0.63068181818181823 0.33974358974358981 1.0000000180025095e-35 1.0000000180025095e-35 0.65058139534883741 0.94665718349928885 0.28869047619047622 0.94804318488529027 0.90038167938931302 0.72438780609695164 0.65058139534883741 0.86607142857142871 0.7308644419306185 0.75000000000000011 0.69047619047619058 0.88194444444444453 0.85022419054245069 0.73273809523809541 0.73214285714285732 0.27429467084639503 0.63714733542319768 0.9368501714055254
decision_type=2 2 2 2 2 2 2 2 2 2 2 2 2 2 2 2 2 2 2 2 2 2 2 2 2 2 2 2 2 2
left_child=1 10 3 4 6 -2 -3 8 9 -8 -1 12 -12 21 -15 18 17 -17 -14 -20 -19 26 -23 24 25 -24 -13 -25 -26 -30
right_child=5 2 -4 -5 -6 -7 7 -9 -10 -11 11 13 15 14 -16 16 -18 20 19 -21 -22 22 23 27 28 -27 -28 -29 29 -31
leaf_value=-0.057983125645881907 0.0036547054260474251 -0.057710095495432615 0.040082757469701899 0.0038153525484344846 -3.8999749543620066 0.044201334634280227 -0.26279324684226929 -0.013524119344948666 -0.10629286242104637 -2.1521853536749846 -0.072247318578524788 -0.00096491657110066526 -0.035528986320532717 0.004674812797415104 0.030851030819994636 0.0085921104973135359 0.0057919761334646897 0.068572951401887683 0.0079955986591375809 -0.055491037067169062 -0.076040744413404776 0.0090594251602367486 -0.080472109562451419 -0.0022877978829357842 -0.0033841116670141128 0.030597280897178687 0.015979560302595501 0.039136314695378233 -0.061319099353283529 -0.01691374952155416
leaf_weight=79.526311624664231 470.55619277455844 62.590105747723101 1083.8656827078667 1400.9310458328555 0.10124458628706534 975.14486999902874 0.62151983554940604 3.86900380323641 0.97189916158094991 0.81684359349310398 88.191666709804849 5132.6722753264912 183.42113153127139 3777.7706987015845 873.02755743754096 82.096565975385602 198.94249171104457 12.594210167109848 1365.0014043638366 72.522607756938669 234.64290064740635 1462.3336170700713 36.873936184965714 1656.242979992734 374.08472659382096 301.59022236196324 1757.4615936920163 236.57817818503827 600.44301269212156 898.89440264075529
leaf_count=63502 1042 84066 9404 439040 8 9245 14 13 11 36 26005 220572 53037 97223 3770 13159 2580 134 34486 4640 16069 77639 4154 34697 7597 4679 19232 1133 20039 15020
internal_value=0.00432079 0.00256564 0.0167225 -0.000502651 -0.0882099 0.031004 -0.0826063 -0.330765 -0.840006 -1.33578 0.000704446 0.000945703 -0.00943942 0.00230389 0.0095885 -0.00686214 -0.0286236 -0.0494132 0.00023004 0.00479272 -0.0686742 -0.000415769 -0.00508532 -0.0101245 -0.0212614 0.0184968 0.0033571 0.00288968 -0.0284443 -0.0346969
internal_weight=23424.4 21978.7 2553.77 1469.9 68.9706 1445.7 68.8694 6.27927 2.41026 1.43836 19424.9 19345.4 2237.41 17108 4650.8 2149.22 528.276 329.334 1620.95 1437.52 247.237 12457.2 5567.04 4104.71 2211.89 338.464 6890.13 1892.82 1873.42 1499.34
internal_count=1262246 1251959 532592 523188 84148 10287 84140 74 61 50 719367 655865 150110 505755 100993 124105 31942 29362 92163 39126 16203 404762 164958 87319 51489 8833 239804 35830 42656 35059
is_linear=0
shrinkage=0.05


Tree=125
num_leaves=31
num_cat=0
split_feature=13 16 14 1 9 3 0 6 3 10 10 18 3 18 18 10 9 18 18 10 9 9 11 3 9 5 10 3 3 0
split_gain=410.94 220.371 325.245 203.199 116.315 197.697 98.2443 96.7429 126.738 97.5478 91.3137 85.4544 81.8704 79.833 79.5352 78.5559 74.8376 74.4381 130.211 106.345 92.8723 73.1542 72.2382 66.6744 70.9411 63.6378 72.8723 63.4102 62.9305 68.4952
threshold=1.0000000180025095e-35 1.0000000180025095e-35 0.75000000000000011 0.69169683683750194 0.21807065217391305 0.9948453608247424 0.25962962962962971 1.0000000180025095e-35 0.7590571802706243 0.96785673286649077 0.93112570698777597 0.75688305127557476 0.26158232359230227 0.55597326649958234 0.98518437225636535 0.93112570698777597 0.65108695652173931 0.86308579668348961 0.87548449612403112 0.52784827975183324 0.18350168350168353 0.1012820512820513 1.0000000180025095e-35 0.98437118437118454 0.70710784313725505 0.73214285714285732 0.82865035516969232 0.56440422322775274 0.89498746867167933 0.75809822361546508
decision_type=2 2 2 2 2 2 2 2 2 2 2 2 2 2 2 2 2 2 2 2 2 2 2 2 2 2 2 2 2 2
left_child=1 7 4 -2 11 13 12 8 -1 15 -10 -3 -4 -6 -11 -9 25 -13 21 -20 -21 -19 -16 24 -17 -15 28 -14 29 -27
right_child=3 2 6 -5 5 -7 -8 9 10 14 -12 17 27 16 22 23 -18 18 19 20 -22 -23 -24 -25 -26 26 -28 -29 -30 -31
leaf_value=-0.055537131175278337 0.0024598808839683887 0.0020059219708136048 0.026452018400459517 0.043346695497132284 0.031434533836488386 0.043929236930262489 0.036619531564391572 -0.0012868671633196771 -0.0051623359101594215 0.031696848811604929 -0.078231144744450698 -0.04857267814755744 -0.052687200385241932 0.012958346333582985 0.042686888910251408 -0.01427629616189772 0.025331573713641184 0.086723482531124357 -0.058081663387893015 0.022836895517359266 -0.086852176536883874 -0.030878071583367046 -0.052837738440303629 0.044295314673993003 -0.058941801733156857 0.0055733015827017446 -0.017750895132381688 0.048988059350412699 0.031733559797356668 -0.035296963177540719
leaf_weight=180.21217972306476 445.00606093462557 6282.7820374933872 134.16662164591253 958.16235002153553 304.08418508106843 420.41920488909818 1107.7007659110241 8573.4786256773077 771.57449237055698 365.81495186407119 45.265904421918094 153.43401823870954 80.731943900085753 727.00681470392738 29.688432889990509 281.02107424475253 364.12999212322757 49.667802896634385 116.2808897251598 124.6876435932063 22.830867411161307 18.021922927247942 59.368700914084911 34.157348805805668 130.03297037794255 529.17337521351874 643.05641014548019 18.930097417440265 170.71120307128876 127.14596447534859
leaf_count=154932 876 135147 4437 9411 441 2464 12722 775685 32429 1090 266 47532 15134 1734 26 762 1039 5918 54544 714 116 234 280 325 512 1015 1648 69 350 394
internal_value=0.00414971 0.00246646 0.00727813 0.0303797 0.00419238 0.0119109 0.0304028 -0.00276999 -0.0175846 -0.00121081 -0.00921151 0.000445015 0.000952777 0.00721296 0.0213809 -0.00235026 0.00433723 -0.0197785 -0.0064507 -0.0223246 0.00586074 0.0554129 -0.0209933 -0.022828 -0.0284058 0.000857783 -0.00512635 -0.0333747 0.00468985 -0.00234432
internal_weight=23268.7 21865.6 11395 1403.17 10053.4 3285.73 1341.53 10470.6 997.053 9473.56 816.84 6767.71 233.829 2865.31 454.872 9018.69 2561.22 484.923 331.489 263.799 147.519 67.6897 89.0571 445.211 411.054 2197.09 1470.09 99.662 827.031 656.319
internal_count=1262246 1251959 285652 10287 253290 9085 32362 966307 187627 778680 32695 244205 19640 6621 1396 777284 6180 109058 61526 55374 830 6152 306 1599 1274 5141 3407 15203 1759 1409
is_linear=0
shrinkage=0.05


Tree=126
num_leaves=31
num_cat=0
split_feature=13 14 1 4 6 12 15 6 10 9 4 1 1 1 9 1 2 2 1 4 4 8 10 1 11 9 2 2 8 8
split_gain=385.041 201.325 384.776 201.187 154.845 111.724 103.731 94.9233 89.1689 93.4035 81.3536 122.831 249.525 63.057 59.8336 59.7927 65.6339 60.92 143.04 58.7272 55.6291 55.1775 74.1549 73.6413 54.73 69.3204 263.003 138.318 155.678 96.0788
threshold=1.0000000180025095e-35 0.75000000000000011 0.91277995249532262 0.7701575532900834 1.0000000180025095e-35 1.0000000180025095e-35 1.0000000180025095e-35 1.0000000180025095e-35 0.93112570698777597 0.73508771929824568 0.90521114106019773 0.89600260126347087 0.92986483891215366 0.95200732600732607 0.79057017543859665 0.93333575510994871 0.44949494949494956 0.78888888888888908 0.94482802761445706 0.88047619047619063 0.95713410900183715 0.50238095238095248 0.53361581920903967 0.41155840127614329 1.0000000180025095e-35 0.33974358974358981 0.88194444444444453 0.81666666666666676 0.53589837997054501 0.51744421906693716
decision_type=2 2 2 2 2 2 2 2 2 2 2 2 2 2 2 2 2 2 2 2 2 2 2 2 2 2 2 2 2 2
left_child=1 6 4 -2 -3 21 -1 8 9 10 13 -12 -13 19 -7 -14 -17 -18 -19 -8 -10 22 -6 -23 -9 -26 27 -27 29 -29
right_child=3 2 -4 -5 5 14 7 24 20 -11 11 12 15 -15 -16 16 17 18 -20 -21 -22 23 -24 -25 25 26 -28 28 -30 -31
leaf_value=-0.057815294131205147 0.0031616223427212392 -0.073903305319746301 0.038729976869757196 0.043637213199559141 -0.032051133002932712 0.019497090862362499 -0.02320096303657718 -0.022257061997262965 -0.095750246456252297 0.037573838256622541 0.043551083582353628 -0.064566814827781191 0.03822102447198017 0.039910362811815155 -0.098804470423874913 -0.16037311032442117 -0.0071290031898934474 -0.2309346499012937 0.034836594638903935 -0.068270757731879822 -0.00025253008541436855 -0.12412451853719482 0.0098855192349378649 -0.023352578922414435 0.00066301979693216353 0.0052195338631044622 0.044051692704713201 -0.036069553163469194 -0.11408310979040413 0.13206806312405286
leaf_weight=75.608376438776759 467.26334870560095 69.579006054452293 1050.9607790240552 895.17809231998399 149.59417589138047 639.38403838133672 363.70438055178965 226.93359476315527 46.806818248238415 111.13032293505967 125.34831108418439 171.89288564704475 93.128755178804568 32.527154784882441 10.869902939302845 6.6228282775846301 993.23365385756188 5.2341149705898706 154.58098219655221 90.204602651276218 22.618595509324223 20.202079650276573 356.91475751937833 176.69857101097296 12774.514588752121 3463.9597434094176 453.64051559427753 26.246459033340216 51.804157094098628 12.563486039638518
leaf_count=63502 1042 84140 9641 9245 399198 7016 96539 4153 307 210 3773 14626 1643 415 90 211 19655 131 894 11595 111 287 27373 4847 490293 7615 3346 72 271 5
internal_value=0.00396953 0.00235623 0.0157842 0.0297557 -0.00115954 0.00257953 0.000635005 0.000864859 -0.00886633 -0.00706342 -0.00949927 -0.00390093 -0.00807588 -0.0273385 0.0175195 -0.000324933 -0.00342041 -0.00251891 0.0261323 -0.0321576 -0.0646374 -0.0112315 -0.0025002 -0.0336918 0.00213322 0.00246302 0.00819977 0.00362429 -0.057358 0.0183597
internal_weight=23138.9 21776.5 2474.2 1362.44 1423.24 1353.66 19302.3 19226.7 2217.03 2147.61 2036.48 1550.04 1424.69 486.436 650.254 1252.8 1159.67 1153.05 159.815 453.909 69.4254 703.41 506.509 196.901 17009.7 16782.7 4008.21 3554.57 90.6141 38.8099
internal_count=1262246 1251959 532592 10287 522951 438811 719367 655865 150110 149692 149482 40933 37160 108549 7106 22534 20891 20680 1025 108134 418 431705 426571 5134 505755 501602 11309 7963 348 77
is_linear=0
shrinkage=0.05


Tree=127
num_leaves=31
num_cat=0
split_feature=9 2 16 10 8 2 6 17 17 9 18 1 8 6 8 10 8 9 10 4 10 18 4 1 18 9 6 10 9 18
split_gain=356.077 408.768 133.239 121.389 143.863 105.7 98.8995 131.727 114.766 165.745 107.962 100.874 95.1625 94.4372 92.0846 149.399 86.3114 77.0995 87.785 131.643 106.711 100.097 90.4327 67.4528 77.0374 68.969 118.038 67.3431 66.4104 85.1654
threshold=0.5590277777777779 0.88194444444444453 1.0000000180025095e-35 0.96785673286649077 0.93364779874213844 0.78888888888888908 1.0000000180025095e-35 0.65058139534883741 0.94665718349928885 0.15504807692307696 0.54064064064064077 0.86541041378793249 0.14902948861515494 0.75000000000000011 0.14717282261741912 0.20846114519427408 0.40553289138194804 0.75500000000000012 0.90489491886139939 0.74849397590361455 0.76980056980056988 0.90041322314049599 0.18321678321678331 0.93252124695228156 0.82512135922330099 0.76696832579185525 1.0000000180025095e-35 0.32272530015912054 0.13423423423423428 0.22684744000693063
decision_type=2 2 2 2 2 2 2 2 2 2 2 2 2 2 2 2 2 2 2 2 2 2 2 2 2 2 2 2 2 2
left_child=6 2 3 4 5 17 7 -1 -8 11 28 16 14 -7 -13 -16 -10 18 19 20 -2 -20 -22 24 -4 26 -26 -14 29 -9
right_child=1 -3 23 -5 -6 13 8 10 9 -11 -12 12 27 -15 15 -17 -18 -19 21 -21 22 -23 -24 -25 25 -27 -28 -29 -30 -31
leaf_value=-0.069703135608650948 0.020200488268762289 0.049189830491813108 0.044168828381015969 0.01833128901010829 -0.047614727055401221 0.0057185782152616967 -0.00066247930550542781 -0.00095968589715520196 -0.064360660669485703 0.024777681023811393 -0.029112127318228771 0.0075098052132637275 -0.059109394004487704 -0.081514713010876039 0.35047398941187025 -0.092686335128155939 0.086785224882225384 0.022876744378668479 0.01219470913382785 0.019557551051694683 0.018650289660619376 -0.044706615386891822 -0.076674949067459308 0.039194798643168105 -0.097138547373235962 0.03207534972294239 0.0022329431755010827 -0.0079435718878302728 0.023783687490079867 -0.045816619662079158
leaf_weight=88.064238003051287 77.023114720359445 779.42610138782766 167.0642144526355 906.6486265975982 171.83968350989744 55.024988060817122 11826.486684138945 1093.6544610088167 85.051630693851621 1183.2771432797163 430.45695850665652 2802.8077129923913 76.846118058849243 71.133814139291644 4.8718297556042662 3.1195817615807755 10.625276215883785 403.37664909055457 121.32349435659125 551.1284426022321 32.860652953386307 212.9451064679306 102.4435638836585 435.82624217541888 32.580084566259757 170.53949766559526 361.13262278679758 394.19085836801969 234.26052344334312 117.14876418940548
leaf_count=58769 147 8983 469 4244 641 309 838872 6339 52931 11094 159156 12788 13348 393 4 326 704 2027 372 1922 33 836 476 2666 150 558 1483 53208 912 28086
internal_value=0.00379761 0.0161526 0.00950377 0.0034128 -0.00410531 0.000489313 0.000665376 -0.00993857 0.00193598 0.00867399 -0.00713235 0.00303222 0.00450761 -0.0434673 0.00799305 0.177479 -0.0475753 0.00418361 -0.00268548 0.0066705 -0.0267798 -0.0240542 -0.0535238 0.0236243 0.014345 0.00551477 -0.00599014 -0.0162909 -0.000584989 -0.00529973
internal_weight=23003.2 4652.32 3872.89 2705.75 1799.1 1627.26 18350.9 1963.58 16387.3 4560.79 1875.52 3377.51 3281.84 126.159 2810.8 7.99141 95.6769 1501.1 1097.72 763.456 212.327 334.269 135.304 1167.14 731.316 564.252 393.713 471.037 1445.06 1210.8
internal_count=1262246 25709 16726 11400 7156 6515 1236537 253262 983275 144403 194493 133309 79674 702 13118 330 53635 5813 3786 2578 656 1208 509 5326 2660 2191 1633 66556 35337 34425
is_linear=0
shrinkage=0.05


Tree=128
num_leaves=31
num_cat=0
split_feature=13 1 9 2 18 10 5 2 10 2 9 8 8 10 9 3 6 17 0 5 17 8 18 8 9 9 7 12 10 0
split_gain=343.616 194.721 150.944 499.137 146.76 159.925 143.798 260.775 136.563 127.586 120.862 250.052 179.734 109.949 104.798 101.601 120.352 101.571 120.065 101.911 100.696 90.1641 135.349 105.15 96.0627 86.7451 80.1305 80.0952 100.542 92.5979
threshold=1.0000000180025095e-35 0.69169683683750194 0.37980769230769235 0.88194444444444453 0.76279923117246207 0.47769485903814263 0.76388888888888895 0.63068181818181823 0.82865035516969232 0.81666666666666676 0.10762548262548265 1.0000000180025095e-35 0.26837452938287776 0.48107236684977317 0.039230769230769243 0.86240703177822864 1.0000000180025095e-35 0.938137755102041 0.63714733542319768 0.64583333333333337 0.9294019933554819 0.1952172256097561 0.36236747398113028 0.13900966183574878 0.069366479550922219 0.71714285714285719 1.0000000180025095e-35 1.0000000180025095e-35 0.63798951588035779 0.11215932914046124
decision_type=2 2 2 2 2 2 2 2 2 2 2 2 2 2 2 2 2 2 2 2 2 2 2 2 2 2 2 2 2 2
left_child=2 -2 4 6 10 -6 7 15 -8 -10 11 -1 -12 -7 -13 16 17 18 20 -20 -4 22 23 26 -24 -21 -16 28 -15 -30
right_child=1 -3 3 -5 5 13 8 -9 9 -11 12 14 -14 27 21 -17 -18 -19 19 25 -22 -23 24 -25 -26 -27 -28 -29 29 -31
leaf_value=0.0016037498277740331 0.0015501143579550463 0.042508968634089463 -0.090591239208404742 0.046956706243686697 -0.045366360244773279 0.081060986137265964 0.012531451836360077 0.043892748203522264 -0.011838385655001841 -0.082452691285022806 0.028796387816161385 -0.043393275020068713 -1.8797618369244747e-06 -0.033900153453107013 0.031013758698712542 0.026437698946242136 0.0040084600575988156 -0.082046699806851725 0.0548419312733796 -0.12362384426212839 0.058289010832400116 -0.031426243398221608 -0.055573074017571084 -0.044246865698320925 0.083531773595077324 0.021768646753194773 -0.20333543693615291 0.0042048902435471956 0.066569284379065133 -0.0087788287704594348
leaf_weight=10380.010525299584 438.72301049064845 856.99180628941394 59.897698379820213 752.12307249521837 325.07422896959906 34.756304191585514 645.30112673877738 485.53446192899719 1407.5812021901365 67.012631742283702 929.14524649302621 421.55960077259078 1299.6296885585107 489.29744471971753 105.91775640823471 425.49969363980927 1972.1390255740844 73.231684676604345 73.204379744827747 18.554952398873866 14.01477787340991 284.96719541525817 14.942573570639068 124.10821111363475 73.259195894708682 22.945097922347486 3.7777285776101044 671.01071080092515 46.006309769640211 358.61092797896708
leaf_count=29060 876 9411 600 7528 585634 4828 1593 2661 4284 362 18285 255716 42100 104912 993 2139 5930 581 49 120 20 153280 6512 4356 12434 28 22 4926 239 2767
internal_value=0.00363188 0.0286405 0.00213024 0.00885542 -0.000470034 -0.0133946 0.00341244 0.0101966 -0.00665236 -0.0150474 0.00135413 -0.00072638 0.0120037 -0.00689758 -0.0242422 0.00404479 -0.000220305 -0.0320697 -0.0126658 0.0193569 -0.0623616 -0.0109412 0.00718754 -0.0127228 0.0599655 -0.0432373 0.0229432 -0.0088511 -0.0186515 -0.000211501
internal_weight=22874.8 1295.71 21579.1 6017.04 15562.1 1924.76 5264.92 3145.02 2119.89 1474.59 13637.3 11408.5 2228.77 1599.68 1028.53 2659.49 2233.99 261.849 188.617 114.704 73.9125 606.973 322.005 233.804 88.2018 41.5001 109.695 1564.93 893.915 404.617
internal_count=1262246 10287 1251959 25895 1226064 703306 18367 12128 6239 4646 522758 462373 60385 117672 433313 9467 7328 1398 817 197 620 177597 24317 5371 18946 148 1015 112844 107918 3006
is_linear=0
shrinkage=0.05


Tree=129
num_leaves=31
num_cat=0
split_feature=13 16 14 2 1 9 6 3 2 6 1 14 0 1 3 0 5 2 1 3 8 8 9 3 3 5 1 9 1 8
split_gain=321.101 193.133 269.297 190.63 93.1837 92.3717 75.8087 108.512 76.2793 64.1841 56.7139 124.365 88.3316 95.9226 80.228 180.076 77.9249 119.708 89.5104 73.535 101.569 89.3661 70.2498 156.734 67.1228 109.963 89.9538 115.728 95.8802 119.325
threshold=1.0000000180025095e-35 1.0000000180025095e-35 0.75000000000000011 0.29285714285714287 0.93584259259259273 0.65108695652173931 1.0000000180025095e-35 0.7590571802706243 0.73214285714285732 1.0000000180025095e-35 0.88608889842409122 0.75000000000000011 0.63714733542319768 0.93333575510994871 0.87112743532417769 0.86425061425061445 0.35416666666666669 0.43650793650793657 0.888897034864777 0.30341388569236671 0.19065794256633953 0.33218390804597708 0.70294117647058829 0.77003205128205143 0.3915284625728373 0.18333333333333338 0.80379870129870146 0.8047619047619049 0.82289129977672804 0.28616924476797095
decision_type=2 2 2 2 2 2 2 2 2 2 2 2 2 2 2 2 2 2 2 2 2 2 2 2 2 2 2 2 2 2
left_child=1 6 5 -2 9 -3 7 8 -1 -4 14 12 16 22 19 -16 -12 -18 -19 20 -8 -22 -14 -24 -21 -26 -27 28 -28 -30
right_child=3 2 4 -5 -6 -7 10 -9 -10 -11 11 -13 13 -15 15 -17 17 18 -20 24 21 -23 23 -25 25 26 27 -29 29 -31
leaf_value=-0.062126571632480143 0.0020285881717122425 0.0028749005921999081 -0.051323281346680683 0.042566059039678042 0.044133065517171027 0.027433247330675304 0.061008183399116934 -0.0086197486485987927 0.075879396065098137 0.019877552003643491 0.070712698491835008 0.030356529594197369 -0.013262697212026437 -0.00070637908983474319 0.040187142900040065 -0.066585266606312504 -0.040418324071084338 0.053208851635222799 0.007013882477122705 -0.056971506527819904 -0.07123208696193227 0.0029736643127955611 -0.22951186334083121 -0.033666354666372071 0.02953947189880159 -0.050215771378670129 0.046739448776812742 -0.30932242159559248 -0.0025188995926149083 -0.052656829931760046
leaf_weight=154.05139709376454 452.52934817341156 9479.1331361798293 33.260582994756987 807.55042146518826 543.69965860561933 399.01334445923567 65.39439389504696 804.91560626923456 10.708721558257819 654.34403050405672 48.590534848917741 330.27867585257627 1118.3498315453398 4192.8052367629571 185.26999839446944 50.18583898403449 126.35653528774856 112.05609292707231 1633.708035275733 115.31713286313607 46.734688095501042 307.73698911739484 11.737008892931042 78.82731355400756 113.80493716252386 221.01992483648428 63.429819413700898 3.2788499989546827 380.27020615085348 172.5014345552263
leaf_count=154873 1061 251561 3639 9226 5905 1729 27965 32695 59 22818 2495 2841 38724 99129 3058 3554 11811 1183 40016 175308 103238 41990 73 254 62364 101401 4774 30 49758 8714
internal_value=0.00347781 0.00203724 0.00661533 0.0280079 0.0286646 0.0038669 -0.00287803 -0.0161871 -0.0531568 0.0164334 -0.00150183 0.000344233 -0.00100947 -0.00428413 -0.00969191 0.0174293 0.00820001 0.00657751 0.00997902 -0.0139792 0.00375284 -0.00680986 -0.0166926 -0.0590477 -0.0209397 -0.0165856 -0.022831 -0.0130606 -0.0114842 -0.0181653
internal_weight=22716.9 21456.8 11109.5 1260.08 1231.3 9878.15 10347.3 969.676 164.76 687.605 9377.65 7652.71 7322.43 5401.72 1724.94 235.456 1920.71 1872.12 1745.76 1489.49 419.866 354.472 1208.91 90.5643 1069.62 954.305 840.5 619.48 616.201 552.772
internal_count=1262246 1251959 285652 10287 32362 253290 966307 187627 154932 26457 778680 196526 193685 138180 582154 6612 55505 53010 41199 575542 173193 145228 39051 327 402349 227041 164677 63276 63246 58472
is_linear=0
shrinkage=0.05


Tree=130
num_leaves=31
num_cat=0
split_feature=13 4 16 9 1 6 9 3 10 5 4 4 0 1 6 4 6 5 9 3 3 5 17 3 9 8 8 1 0 10
split_gain=299.884 187.912 175.158 229.547 123.791 110.77 83.0778 209.37 80.0954 80.5487 100.178 93.3134 102.7 120.299 76.7885 74.9995 121.803 105.18 173.971 97.8994 75.9092 98.3881 69.5769 69.1391 198.049 112.098 133.596 89.966 85.2616 69.1469
threshold=1.0000000180025095e-35 0.7701575532900834 1.0000000180025095e-35 0.5590277777777779 0.93252124695228156 1.0000000180025095e-35 0.21807065217391305 0.89498746867167933 0.61985915492957766 0.69047619047619058 0.83239700374531844 0.84273937856689929 0.75809822361546508 0.90000871080139377 0.75000000000000011 0.9457002457002458 1.0000000180025095e-35 0.89898989898989912 0.37980769230769235 0.84561213434452875 0.98058069381598789 0.76388888888888895 0.85329985652797713 0.94804318488529027 0.39009661835748799 0.2669211195928754 0.26639784946236567 0.96004459308807155 0.43364779874213844 0.63798951588035779
decision_type=2 2 2 2 2 2 2 2 2 2 2 2 2 2 2 2 2 2 2 2 2 2 2 2 2 2 2 2 2 2
left_child=2 -2 15 6 5 -5 -4 8 -8 10 -10 -11 -13 -14 -7 16 19 18 20 -1 -17 -22 -21 27 25 26 -25 28 -19 -27
right_child=1 -3 3 4 -6 14 7 -9 9 11 -12 12 13 -15 -16 17 -18 23 -20 22 21 -23 -24 24 -26 29 -28 -29 -30 -31
leaf_value=-0.050807545160179469 0.0020624161253481642 0.042505645824436139 0.00068256571206214221 -0.057425453125997505 0.042288700226230422 0.030516764383748826 0.021485387331341303 0.03285641206492023 -0.010578368162911612 -0.084940006434946091 0.028320694742232273 0.00025089132205743556 0.047736876687852939 -0.055934648008791665 -0.0069862673055009344 0.003621733609337997 -0.0051266390582369922 -0.069194461547229899 0.037874219732649261 -0.10895438054843923 -0.16365715090399702 0.05584054227059039 0.0090309086356277022 -0.00054640868208680258 0.045156830959784622 -0.0701007820459075 0.21561891819375376 -0.045751707919057791 -0.0057928937341059986 0.0071430049963362085
leaf_weight=281.89030490697041 459.01931388885714 767.34796844655648 6821.2710087881715 54.104681224329397 620.20528394286521 386.84674528124742 451.6585117065697 784.61139651434496 293.53283288434613 40.778151506790891 379.50518765486777 807.9123859682586 33.359000947326422 173.6074933395721 210.9036673232913 1927.9473563391803 3234.6858600639862 54.417293677463022 424.45859290938824 13.704113768144451 14.894909567876313 7.7677591801912049 141.66597713112424 1602.2614671928386 240.04883702937514 95.539787256289856 7.1796237779781213 164.86805517024186 2074.8815788289503 41.582333764992654
leaf_count=168898 1042 9245 266839 206 5696 1327 1860 3973 939 187 1009 1878 26 718 994 55558 625156 4805 1857 1168 1113 19 3734 40288 2465 9767 266 4951 46136 126
internal_value=0.00332289 0.0273681 0.00194404 0.00631703 0.0262979 0.0110836 0.00371982 0.0107074 0.00273698 -0.00216144 0.0113556 -0.0107793 -0.00779947 -0.0392248 0.0172846 -0.00273827 -0.00847479 0.000426502 0.00886486 -0.0332431 0.00255233 -0.0884231 -0.00137575 -0.00425528 0.00257324 -0.00327948 0.000417892 -0.0101684 -0.00741321 -0.0466766
internal_weight=22612.5 1226.37 21386.1 11058.3 1272.06 651.855 9786.24 2964.96 2180.35 1728.7 673.038 1055.66 1014.88 206.966 597.75 10327.8 3671.95 6655.85 2375.07 437.26 1950.61 22.6627 155.37 4280.78 1986.61 1746.56 1609.44 2294.17 2129.3 137.122
internal_count=1262246 10287 1251959 285652 8223 2527 277429 10590 6617 4757 1948 2809 2622 744 2321 966307 798956 167351 58547 173800 56690 1132 4902 108804 52912 50447 40554 55892 50941 9893
is_linear=0
shrinkage=0.05


Tree=131
num_leaves=31
num_cat=0
split_feature=13 4 16 17 5 4 6 2 8 3 2 0 2 4 6 5 8 2 8 2 3 3 2 1 0 1 0 2 2 17
split_gain=279.736 183.527 159.125 114.51 138.039 193.125 104.664 85.6895 71.5074 181.099 69.2832 132.827 135.714 67.8174 112.347 95.5241 130.425 95.2808 144.84 94.3041 91.0253 73.6803 94.1318 70.4002 72.7624 67.2019 128.148 134.196 131.486 264.432
threshold=1.0000000180025095e-35 0.88047619047619063 1.0000000180025095e-35 0.81322674418604668 0.73214285714285732 0.89699381078691431 0.75000000000000011 0.58571428571428574 0.39036004645760747 0.93788580246913589 0.63068181818181823 0.61602564102564117 0.44949494949494956 0.9457002457002458 1.0000000180025095e-35 0.89898989898989912 0.53589837997054501 0.88194444444444453 0.5885620915032681 0.44949494949494956 0.84561213434452875 0.98058069381598789 0.63068181818181823 0.96004459308807155 0.43364779874213844 0.88608889842409122 0.6436507936507937 0.5634920634920636 0.52272727272727282 0.9240384615384617
decision_type=2 2 2 2 2 2 2 2 2 2 2 2 2 2 2 2 2 2 2 2 2 2 2 2 2 2 2 2 2 2
left_child=2 -2 13 4 7 -6 10 -4 -5 -10 11 12 -7 14 20 16 19 23 -19 -15 -1 -21 -23 24 -17 -16 27 -27 -28 -30
right_child=1 -3 3 8 5 6 -8 -9 9 -11 -12 -13 -14 15 25 17 -18 18 -20 21 -22 22 -24 -25 -26 26 28 -29 29 -31
leaf_value=-0.049208074183100775 0.0045100046190453104 0.044019041599326215 0.0035257391153319267 0.007019568597983185 -0.079940888511973826 0.035139892368301832 -0.01848344603369614 0.026447031608239066 0.0075465837915684427 0.040715977850145843 0.0065549231202952675 0.018959142672193615 -0.092141375147672011 -0.10031142233268622 -0.013799394636511655 -0.065598296727650524 0.035967451002603443 -0.00080616288214709986 0.042587740237904834 0.005626924829447941 -0.0013168636098319997 -0.16189756105071099 0.055300573371402872 -0.041758743163145394 -0.0070584157292529594 -0.00041766585492380775 0.0043184360873167972 0.048903568420524623 -0.075539585671423728 -0.00017059893726976882
leaf_weight=276.63666654037297 522.71552047459409 671.56338219263125 1459.5474675566002 4481.312080549309 88.712910635164008 27.742059703174164 912.09852089078049 565.81446151892305 1221.4117222607601 620.59985059243627 1435.1902610511825 96.219377576919214 85.449551617311954 21.656133306751144 1275.731221521819 54.527131327027746 365.08895066173864 1834.754340091662 214.80984605429694 1947.6233699869044 154.70391539229604 14.350660195697857 7.6463971713674246 173.70078604597074 2002.208360311015 315.40628273440234 898.12135334779305 245.07870504883613 183.03996697745606 319.54485318784282
leaf_count=168898 1556 8731 100398 119794 3215 752 14959 7178 4966 5792 22620 1060 4918 2266 567191 4804 1595 51370 2003 53560 4902 1106 20 4962 45665 17276 26182 1347 7585 5575
internal_value=0.00317914 0.0267266 0.00185876 0.00604283 0.000105506 -0.00741559 -0.00489909 0.00992914 0.0104285 0.0187218 0.00263481 -0.0242315 -0.0609461 -0.00260525 -0.00806107 0.000410455 0.00849512 -0.00404058 0.00374185 0.00345823 -0.0320315 0.00459918 -0.0863973 -0.0111919 -0.0086104 -0.00486685 0.000943657 0.0211486 -0.00714125 -0.0276198
internal_weight=22493 1194.28 21298.7 10994.1 4670.77 2645.41 2556.7 2025.36 6323.32 1842.01 1644.6 209.411 113.192 10304.6 3668.26 6636.37 2356.37 4280 2049.56 1991.28 431.341 1969.62 21.9971 2230.44 2056.74 3236.92 1961.19 560.485 1400.71 502.585
internal_count=1262246 10287 1251959 285652 155100 47524 44309 107576 130552 10758 29350 6730 5670 966307 798956 167351 58547 108804 53373 56952 173800 54686 1126 55431 50469 625156 57965 18623 39342 13160
is_linear=0
shrinkage=0.05


Tree=132
num_leaves=31
num_cat=0
split_feature=14 4 9 6 6 17 17 3 3 17 10 18 5 17 0 5 8 4 3 9 0 5 17 4 4 3 17 3 5 0
split_gain=270.279 461.82 125.36 95.4452 85.4641 114.582 111.714 129.92 159.908 94.3449 136.607 86.1271 79.7883 77.7883 76.7668 90.6937 73.0626 72.658 72.1722 71.4672 70.596 76.7096 69.5737 112.599 117.41 97.261 90.9817 85.0162 120.886 95.3713
threshold=0.75000000000000011 0.90070422535211281 0.75500000000000012 1.0000000180025095e-35 1.0000000180025095e-35 0.65058139534883741 0.94804318488529027 0.90595518867924552 0.72438780609695164 0.94665718349928885 0.66885964912280715 0.86696165191740426 0.64583333333333337 0.34833164812942369 0.65058139534883741 0.86607142857142871 0.46410162002945515 0.93127066603684472 0.84561213434452875 0.94590643274853814 0.68042553191489363 0.76388888888888895 0.87138130686517801 0.22378716744913932 0.39415279556124633 0.083920187793427262 0.66939890710382521 0.3861642743221691 1.0000000180025095e-35 0.13100686498855837
decision_type=2 2 2 2 2 2 2 2 2 2 2 2 2 2 2 2 2 2 2 2 2 2 2 2 2 2 2 2 2 2
left_child=2 3 4 19 5 -1 14 8 17 -6 11 -11 13 -5 18 20 -13 -8 -7 -2 -16 -22 25 -24 -25 -15 27 29 -29 -27
right_child=1 -3 -4 12 9 6 7 -9 -10 10 -12 16 -14 22 15 -17 -18 -19 -20 -21 21 -23 23 24 -26 26 -28 28 -30 -31
leaf_value=-0.068698169004355186 -0.074722403934068302 0.0381398646653969 0.023571924694979454 0.030221507748657846 -0.00099487640461655424 -0.049962390996206106 -0.024503235385961639 0.0050047411192874584 -0.070598611877053782 0.0053331772597271856 0.028023666034655531 -0.056430054510058586 0.03301286555916344 -0.11121981702548422 0.03784604797689517 -0.053382584183885688 0.018065924385563065 0.075827406490496005 0.028478892083135334 0.025476071717010326 -0.0026242523594716275 0.038751152989268567 0.041216334972916609 -0.069512424474577644 0.0099458008771914595 0.021171549332980738 -0.032481870450151266 0.051670448339808106 -0.039215071455556173 -0.030903613369876484
leaf_weight=78.647111712685728 70.20481866569844 1391.6788527895987 586.25344349362422 171.82929557477473 12132.299862056374 130.4008482042118 47.93698352217325 181.65990800822328 218.12397235223762 3588.2459539185365 687.10790840676054 104.68828545020369 189.36561707301007 24.669355249629007 157.29914977254521 66.561861460191722 48.005785516696051 28.938230381987523 37.831060593307484 23.838984243571758 988.50525549761369 126.33993495472532 179.81725765578449 63.358170593397517 174.63040221419942 136.34952461312787 308.34941197962962 142.61798567912774 49.211412640630442 247.5461124466965
leaf_count=31773 84182 16341 3938 19113 443706 63860 15074 2405 16438 68960 3314 32274 1208 6670 5726 4630 205 43 882 35 28663 507 10134 58053 27352 21457 152925 12609 12762 117007
internal_value=0.00303973 0.0165576 0.000806467 -0.000299451 8.97933e-05 -0.00950877 -0.00716199 -0.02826 -0.0487444 0.00128509 0.00753193 0.00376816 0.00243223 -0.00143256 -0.000488483 0.00351208 -0.0330091 0.0132644 -0.0323229 -0.0493233 0.00648895 0.00206462 -0.00553274 0.0113547 -0.0112079 -0.0132969 -0.0105645 0.00117412 0.0283549 -0.0124079
internal_weight=22382.3 3173.47 19208.8 1781.79 18622.6 2062.24 1983.6 476.659 294.999 16560.3 4428.05 3740.94 1687.74 1498.38 1506.94 1338.71 152.694 76.8752 168.232 94.0438 1272.14 1114.85 1326.55 417.806 237.989 908.744 884.074 575.725 191.829 383.896
internal_count=1262246 539848 722398 523507 718460 170001 138228 33960 31555 548459 104753 101439 439290 438082 104268 39526 32479 15117 64742 84217 34896 29170 418969 95539 85405 323430 316760 163835 25371 138464
is_linear=0
shrinkage=0.05


Tree=133
num_leaves=31
num_cat=0
split_feature=14 4 13 15 1 0 2 16 9 18 10 8 0 0 8 8 4 4 0 4 4 2 2 2 4 8 8 1 10 9
split_gain=250.988 438.562 119.136 94.6478 69.5078 93.6551 76.6818 66.4269 77.1896 63.6149 85.4741 88.9049 59.1378 65.062 61.2823 60.0433 53.6783 51.2726 77.9688 87.7873 107.477 53.3396 51.2918 152.97 57.1646 47.0415 68.307 49.1885 45.5058 84.6323
threshold=0.75000000000000011 0.90070422535211281 1.0000000180025095e-35 1.0000000180025095e-35 0.83997828301222666 0.46720430107526889 0.087121212121212141 1.0000000180025095e-35 0.65108695652173931 0.98518437225636535 0.96785673286649077 0.89504283965728282 0.34400614754098369 0.36626016260162608 0.76705426356589157 0.125492125984252 0.58885448916408678 0.15504807692307696 0.25760368663594474 0.3128765060240965 0.47856705450091858 0.19090909090909094 1.0000000180025095e-35 0.17424242424242428 0.35926246038605597 0.14717282261741912 0.13807120829828992 0.81916013584117042 0.90489491886139939 0.47213622291021679
decision_type=2 2 2 2 2 2 2 2 2 2 2 2 2 2 2 2 2 2 2 2 2 2 2 2 2 2 2 2 2 2
left_child=2 4 3 -1 5 17 -7 9 -9 10 11 12 14 15 -5 -14 -15 -2 19 -19 21 -21 24 -24 -20 26 -11 -27 29 -29
right_child=1 -3 -4 7 -6 6 -8 8 -10 25 -12 -13 13 16 -16 -17 -18 18 22 20 -22 -23 23 -25 -26 27 -28 28 -30 -31
leaf_value=-0.058016663642016644 0.015398625110135112 0.037652178790420494 0.034485671691103108 -0.087913207723071249 0.022330553860864896 0.045705481331034289 -0.073007299878241269 0.0025077373957522642 0.025711203985731852 -0.087256283285294653 0.025854807462184243 -0.032958872773534063 0.062833947023352751 -0.071547361039204227 0.04206919036352539 -0.087379767505596256 -0.0015485709006569802 -0.0029107905826612742 -0.036896986344105868 -0.061013079558312026 0.023852359406814218 0.062837689036781302 -0.092195304090598715 0.024561810263093335 0.044391942013740082 0.038670991057270371 0.089193025459156416 -0.070993953275167151 -0.046866078070834302 0.0213528825886692
leaf_weight=69.303891463816399 344.03008817584578 1340.5227990762214 258.45456863183063 37.297480488145084 284.95666496641934 16.434387848836195 78.959298428372676 9346.0270878393931 372.71423897356726 7.5811264509793572 273.08587810676545 233.96043649746571 62.164372654155159 27.480953491627588 11.980662813410161 7.4497379077256474 8080.8952293643379 471.04427524893981 25.37522202017135 196.90174118957657 53.742925191538234 9.0950031636457407 39.15286590399046 98.951581399567658 146.43219053797657 25.912466677873454 19.835877602388791 36.193126699756249 208.29426763905212 78.887582201510668
leaf_count=63502 32283 16341 3031 35412 1904 118 22325 229541 1729 3049 645 753 733 28067 13 8139 332968 179325 17187 190950 8123 866 34468 10351 25607 3303 796 9662 813 242
internal_value=0.00290613 0.0160918 0.000768626 0.000307528 -0.000282742 -0.00463632 -0.0525555 0.000522193 0.00339759 -0.002545 -0.00167733 -0.00256593 -0.00170164 -0.00137258 -0.0563115 0.0467589 -0.00178581 -0.00133517 -0.00686697 -0.0157793 -0.0391168 -0.0555449 0.0141487 -0.00853905 0.0323859 -0.0226628 0.0404027 -0.027613 -0.0329245 -0.00769039
internal_weight=22263.1 3105.6 19157.5 18899.1 1765.08 1480.12 95.3937 18829.8 9718.74 9111.02 8734.31 8461.23 8227.27 8177.99 49.2781 69.6141 8108.38 1384.73 1040.7 730.784 259.74 205.997 309.912 138.104 171.807 376.704 27.417 349.287 323.375 115.081
internal_count=1262246 539848 722398 719367 523507 521603 22443 655865 231270 424595 406730 406085 405332 369907 35425 8872 361035 499160 466877 379264 199939 191816 87613 44819 42794 17865 3845 14020 10717 9904
is_linear=0
shrinkage=0.05


Tree=134
num_leaves=31
num_cat=0
split_feature=13 4 16 14 1 9 2 18 17 18 1 9 18 18 0 1 18 4 5 2 1 5 4 17 5 14 1 18 1 18
split_gain=236.143 170.463 131.783 215.516 86.622 76.7504 180.392 70.2051 72.5413 68.5021 58.8212 150.186 99.5521 58.6945 71.0933 93.8133 54.7313 53.1959 115.84 102.995 76.7699 68.1633 67.6041 60.1108 56.9045 57.9737 52.3504 51.2817 49.6526 48.1692
threshold=1.0000000180025095e-35 0.88047619047619063 1.0000000180025095e-35 0.75000000000000011 0.93584259259259273 0.21807065217391305 0.88194444444444453 0.75688305127557476 0.8426212590299279 0.55051025667456976 0.97275461380724548 0.39009661835748799 0.8006849315068495 0.74910071942446055 0.73273809523809541 0.93846852311368456 0.98518437225636535 0.85857142857142865 0.76388888888888895 0.27922077922077926 0.9164448051948052 0.64583333333333337 0.9948453608247424 0.69905660377358492 0.73214285714285732 1.0000000180025095e-35 0.90401182303585059 0.92511682242990667 0.68909151193633977 0.86308579668348961
decision_type=2 2 2 2 2 2 2 2 2 2 2 2 2 2 2 2 2 2 2 2 2 2 2 2 2 2 2 2 2 2
left_child=2 -2 10 5 27 7 9 13 -9 -7 16 12 -12 -4 15 -15 -1 19 22 -11 21 -21 23 -19 -22 -26 -23 -5 -29 -10
right_child=1 -3 3 4 -6 6 -8 8 29 17 11 -13 -14 14 -16 -17 -18 18 -20 20 24 26 -24 -25 25 -27 -28 28 -30 -31
leaf_value=-0.0035361407988788586 0.00400686338345613 0.043279151569484059 0.0010414458006686399 0.021932840099381203 0.042938976790385282 0.029187937497055255 0.041831804990992705 -0.04433952050137413 -0.036071702315156703 0.025354902199283071 0.0026112471923743327 0.039789580382469818 -0.045696647046036987 -0.068137638374665715 -0.006249299827230095 0.18597274685442444 -0.02196797888368434 -0.090486704116811312 -0.0041254668405042586 -0.096398638923030688 0.025379608241958441 -0.015668807039740905 0.038320273641193336 0.011887347876711831 -0.11612156251636947 0.019681322944057618 -0.088357624323999628 -0.054765166607576847 0.0085924626409403012 0.0091554242733317016
leaf_weight=7498.2207044031384 511.3921407405287 601.08002125227358 6142.2363074274326 510.05074073563446 459.04870143730659 264.81382276164368 379.88926985487342 173.22822376777185 81.751008182924124 125.91641421744134 1913.6040294768536 267.35031322855502 112.94284005466761 4.7269804053576108 19.579895516479155 15.68134136367007 425.6134372731758 14.781463931314645 1172.0451332898811 50.924852300435305 86.330378794111311 126.86403801199049 320.2412578612566 478.79701760737225 16.920032527297735 14.674518603831531 30.779584553092718 46.037633732950781 94.189852852025069 210.36591695155221
leaf_count=870941 1556 8731 130832 21254 5905 417 2522 63803 19778 254 26234 2745 28466 2807 1425 83 37921 72 2581 296 118 327 979 1262 91 26 140 4418 785 25477
internal_value=0.00277517 0.0252261 0.00158909 0.00542935 0.0263097 0.0030489 0.00956951 2.48056e-05 -0.0187039 0.0050354 -0.002485 0.00456583 -8.10324e-05 0.00143454 0.0618146 0.127116 -0.00452617 0.00241226 0.00593726 -0.0130608 -0.0278763 -0.0461072 0.0204294 0.0088215 0.00436773 -0.0530461 -0.0298611 0.0145706 -0.0122083 -0.00350171
internal_weight=22170.1 1112.47 21057.6 10839.9 1109.33 9730.55 3082.98 6647.57 465.345 2703.09 10217.7 2293.9 2026.55 6182.22 39.9882 20.4083 7923.83 2438.27 1985.86 452.41 326.493 208.568 813.82 493.578 117.925 31.5946 157.644 650.278 140.227 292.117
internal_count=1262246 10287 1251959 285652 32362 253290 9085 244205 109058 6563 966307 57445 54700 135147 4315 2890 908862 6146 4894 1252 998 763 2313 1334 235 117 467 26457 5203 45255
is_linear=0
shrinkage=0.05


Tree=135
num_leaves=31
num_cat=0
split_feature=9 6 17 9 17 17 3 2 5 17 2 5 2 6 2 9 15 2 6 2 5 2 9 3 3 14 17 17 2 8
split_gain=219.58 125.682 146.877 243.003 145.735 94.7549 173.568 91.2352 83.2335 78.3681 72.7179 77.3476 80.957 68.5687 155.124 121.388 66.2308 63.1511 58.1381 184.813 140.054 190.242 152.921 100.815 87.7165 151.678 121.292 134.365 87.0835 84.7096
threshold=0.76696832579185525 1.0000000180025095e-35 0.94665718349928885 0.21240601503759401 0.65058139534883741 0.96490147783251246 0.92031746031746042 0.86607142857142871 0.64583333333333337 0.9900000000000001 0.38750000000000007 0.86607142857142871 0.88194444444444453 0.75000000000000011 0.73214285714285732 0.97368421052631582 1.0000000180025095e-35 0.78888888888888908 0.75000000000000011 0.73214285714285732 0.69047619047619058 0.88194444444444453 0.28869047619047622 0.92718275008837059 0.3731073446327684 0.75000000000000011 0.36626016260162603 0.9240384615384617 0.44949494949494956 0.89504283965728282
decision_type=2 2 2 2 2 2 2 2 2 2 2 2 2 2 2 2 2 2 2 2 2 2 2 2 2 2 2 2 2 2
left_child=1 4 16 -4 -1 10 -7 13 9 -5 -6 17 -13 -2 -15 -16 -3 -12 19 24 -20 28 23 -23 26 29 -18 -28 -22 -26
right_child=7 2 3 8 5 6 -8 -9 -10 -11 11 12 -14 14 15 -17 18 -19 20 -21 21 22 -24 -25 25 -27 27 -29 -30 -31
leaf_value=-0.071342181784585831 0.024105229555604245 -0.056862786489505324 0.0031590062208180047 -0.031930018406783202 -0.046654769875587088 -0.059234977780791502 0.009699897938217121 0.049732611072032515 0.033512698146891937 0.02580453131069534 4.8849468990685933e-05 -0.083054526855417088 0.024754472442336292 0.010662226774939446 -0.13990252429088965 0.050084926617675357 0.025749476847198801 0.041737355579545575 0.0077715998636154098 0.017038899317968544 0.033789430843368065 0.043491060868085095 0.040538356510807602 -0.0055402564933994536 -0.00074138555346655764 0.030744843264780691 -0.051588945238647987 0.047588149503534093 -0.0201392752985863 -0.039924597479217699
leaf_weight=92.789239366829861 764.86987371591385 50.906876732995443 3512.9015246759081 102.62586155672034 87.338343077255558 215.6763587244568 158.35899899623473 248.36308407259639 1143.9514137908118 137.56449131970294 1421.0550163625521 53.467268483880616 25.823861128708813 262.55285795498639 32.577620477182791 11.332025114446877 94.694040352589582 97.046045838505961 1932.6026820870229 1829.8917819203925 77.507343771932938 112.43479430794832 239.06284741894342 1551.6233719215961 4795.4772404108517 384.257298516226 268.36219467745104 39.130503262895218 2189.6519576611245 142.01941176643595
leaf_count=58846 4303 39408 136939 2360 107669 27484 1887 4144 8494 1680 53156 4923 310 2043 266 171 15345 306 233283 20469 3164 670 2130 34151 212764 50331 179016 6961 49157 416
internal_value=0.00265194 0.00139456 0.00271767 0.0101504 -0.0100465 -0.0072839 -0.0300493 0.0224282 0.0278944 0.00113636 -0.00222963 0.000199338 -0.0479428 0.0160983 -0.0038854 -0.0908713 6.23171e-05 0.00271383 0.000274512 0.00320683 -0.00335496 -0.00851126 0.00314469 -0.00222738 -0.00121516 0.000486412 -0.0237304 -0.038968 -0.0182956 -0.00186843
internal_weight=22075.9 20756.2 18604.7 4897.04 2151.56 2058.77 374.035 1319.7 1384.14 240.19 1684.73 1597.39 79.2911 1071.33 306.463 43.9096 13707.6 1518.1 13656.7 7553.83 6102.88 4170.28 1903.12 1664.06 5723.94 5321.75 402.187 307.493 2267.16 4937.5
internal_count=1262246 1251319 996738 149473 254581 195735 29371 10927 12534 4040 166364 58695 5233 6783 2480 437 847265 53462 807857 485302 322555 89272 36951 34821 464833 263511 201322 185977 52321 213180
is_linear=0
shrinkage=0.05


Tree=136
num_leaves=31
num_cat=0
split_feature=9 1 14 1 17 6 17 10 17 0 6 17 17 1 4 8 8 0 5 1 1 2 17 10 17 17 6 1 4 5
split_gain=203.512 127.898 116.508 337.494 68.821 74.0943 97.3074 100.988 69.5711 66.3519 67.8767 64.3982 121.774 80.6929 72.2911 67.3533 108.869 64.3337 73.52 66.9399 88.0271 66.3402 62.1885 118.322 98.3664 89.452 91.6792 86.2559 95.5917 191.359
threshold=0.76696832579185525 0.94286796536796547 0.75000000000000011 0.78380811563755948 0.48528138528138537 1.0000000180025095e-35 0.65058139534883741 0.93112570698777597 0.94804318488529027 0.47871376811594207 0.75000000000000011 0.87138130686517801 0.52679425837320581 0.60645884542943385 0.13994288045695638 0.19065794256633953 0.18374849939975993 0.65058139534883741 0.86607142857142871 0.90154415509837216 0.91478771328621422 0.88194444444444453 0.94665718349928885 0.66885964912280715 0.64365079365079381 0.67890835579514841 0.75000000000000011 0.82289129977672804 0.9948453608247424 0.89898989898989912
decision_type=2 2 2 2 2 2 2 2 2 2 2 2 2 2 2 2 2 2 2 2 2 2 2 2 2 2 2 2 2 2
left_child=2 -2 4 9 -1 6 -6 8 17 11 -11 12 13 14 -4 16 -14 -8 19 -19 -21 -20 24 -24 -7 26 -26 -27 -29 -30
right_child=1 -3 3 -5 5 22 7 -9 -10 10 -12 -13 15 -15 -16 -17 -18 18 21 20 -22 -23 23 -25 25 27 -28 28 29 -31
leaf_value=-0.020087744682637926 0.010843467805214814 0.044403710961861916 -0.09428955430500327 0.032442165701779643 -0.066237351307348466 0.0096431033177972157 -0.029671321772388511 -0.090853524064651178 -0.02201749822468366 0.024869023353984332 -0.082418591846817144 0.016038844580623296 -0.062186804431958578 0.058078973239733891 0.0053946427046888765 -0.037140495214049385 0.091353014852960365 0.041397403355541269 -0.082894411778290794 -0.077786766229771542 0.0052457773015432869 0.026883079064032873 0.0033007331227632346 0.026469832774470098 -0.0054720919833818908 0.020032637189763169 -0.049250701291567167 -0.010013108840083919 0.016585858866982661 -0.0040522692084041505
leaf_weight=415.05601941865825 870.35388393490575 421.32013134856243 19.611219446932409 1062.8709787426778 70.414923032931256 2065.9008187267027 158.9533490522881 34.782835812773556 453.54809391151502 20.379505386743404 53.294306969080026 297.43370758605306 20.03132659678522 70.938378518585523 250.51846581472637 362.53126115830673 27.252289411851962 124.93807070399635 43.730128630362742 32.878936067470931 1094.1703371534895 20.082403338834411 3706.6764042417562 647.27197322389111 298.38275713311305 452.24574292526813 199.57482497521414 2777.2761056124509 1510.4448995928688 4380.7274331622029
leaf_count=47702 4456 6471 6548 12431 26739 86643 64709 281 33790 1995 17956 108647 39125 8085 86793 245711 5504 7364 4399 3894 23575 228 101439 3329 14924 70094 9898 109066 30683 79767
internal_value=0.00253591 0.0217902 0.00133281 0.0122517 4.23754e-05 0.0005047 -0.00848653 -0.00641504 -0.00489193 -0.00687481 -0.0527409 -0.00365143 -0.011451 0.0106206 -0.00184236 -0.02982 0.0263071 0.000374895 0.00400459 0.00667286 0.0028235 -0.0483464 0.00164469 0.00674513 -0.000255862 -0.00238197 -0.023018 -0.00125532 -0.00236594 0.00123917
internal_weight=21963.6 1291.67 20671.9 2184.86 18487.1 18072 2033.5 1963.08 1928.3 1121.99 73.6738 1048.32 750.883 341.068 270.13 409.815 47.2836 1474.75 1315.8 1251.99 1127.05 63.8125 16038.5 4353.95 11684.6 9618.65 497.958 9120.69 8668.45 5891.17
internal_count=1262246 10927 1251319 532795 718524 670822 164979 138240 137959 520364 19951 500413 391766 101426 93341 290340 44629 104169 39460 34833 27469 4627 505843 104768 401075 314432 24822 289610 219516 110450
is_linear=0
shrinkage=0.05


Tree=137
num_leaves=31
num_cat=0
split_feature=14 4 15 6 1 0 5 2 0 4 3 0 2 16 6 10 8 0 3 0 2 1 5 3 4 3 3 1 1 2
split_gain=186.579 378.695 86.76 84.3892 94.9921 89.6004 80.3987 119.064 114.299 106.887 85.0782 80.7118 74.7939 74.3033 60.0673 65.7372 82.4676 64.1176 102.531 93.4229 87.9987 132.31 88.8357 62.5513 60.0115 56.2366 61.8999 63.0901 114.428 135.191
threshold=0.75000000000000011 0.90070422535211281 1.0000000180025095e-35 1.0000000180025095e-35 0.83997828301222666 0.47871376811594207 0.46428571428571436 1.0000000180025095e-35 0.31296641791044782 0.30341388569236677 0.47856705450091863 0.25962962962962971 0.19090909090909094 1.0000000180025095e-35 1.0000000180025095e-35 0.96785673286649077 0.93364779874213844 0.65058139534883741 0.84561213434452875 0.68042553191489363 0.78888888888888908 0.94839417534634463 0.86607142857142871 0.85857142857142865 0.86706827309236967 0.64425612052730707 0.8128434065934067 0.88381521796705353 0.93252124695228156 0.63068181818181823
decision_type=2 2 2 2 2 2 2 2 2 2 2 2 2 2 2 2 2 2 2 2 2 2 2 2 2 2 2 2 2 2
left_child=2 3 -1 13 5 6 7 8 9 -5 11 -11 -7 -2 17 16 -16 18 -4 -19 22 -22 25 -20 -18 -21 -27 -28 29 -29
right_child=1 -3 14 4 -6 12 -8 -9 -10 10 -12 -13 -14 -15 15 -17 24 19 23 20 21 -23 -24 -25 -26 26 27 28 -30 -31
leaf_value=-0.057775198226874547 -0.094868696011722473 0.035955641162173202 -0.04909486665198981 0.0055815696560906035 0.030631764266206937 0.015929205079501196 0.044066757405654688 -0.065698648282674563 0.054288662289874529 -0.053963875100856686 0.05309799906301417 0.012754819358555242 -0.08795261896331974 -0.0034345613241627722 0.0016816792506164286 0.021735721692999199 -0.11191875175817163 0.026872611803140191 0.066816469743093812 0.057048695285660866 -0.13045621596592713 0.042030443288342843 -0.079187361226581668 -0.032867193815871824 -0.022199419045521213 -0.046303354124349362 0.049975053604359727 -0.0082180120128012724 -0.0040242092162413807 -0.098648358595950447
leaf_weight=63.401345230591687 43.558871217365777 1185.960924897634 190.25820900476538 754.90325421956368 242.93423985264963 25.468926586778252 95.394688295906235 72.581975035500363 90.413299700812786 202.58541034068185 27.718035865123966 58.396069828748296 54.202381705676999 45.354835295438534 16209.686547563098 404.17274911841378 21.418069893494248 217.83133112959695 36.616027344185568 31.116374741613981 12.078759010932115 139.75041032410809 47.142307976286247 27.599019170775136 143.59866129420698 113.60162671000217 45.565653147452394 92.980035170330666 1094.5013113405075 74.400193517940352
leaf_count=63502 80615 16341 86549 174446 1767 3204 3656 39073 5925 173075 2040 20316 15788 3602 506172 1720 91 8705 355 1342 227 601 5012 996 465 11502 1438 4929 21998 6794
internal_value=0.00242272 0.0142354 0.0006168 -0.000797611 0.00179825 -0.00327147 -0.00012176 -0.00361534 0.000358259 -0.00431404 -0.0301895 -0.0390352 -0.0547442 -0.0482282 0.000812655 0.00181535 0.00132366 -0.0071104 -0.0306565 -0.00390444 -0.00796479 0.0283083 -0.011638 0.0239734 -0.0338444 -0.00944515 -0.0109011 -0.00782511 -0.00991224 -0.0484141
internal_weight=21865.2 2899.47 18965.7 1713.51 1624.6 1381.66 1301.99 1206.6 1134.02 1043.6 288.7 260.981 79.6713 88.9137 18902.3 16778.9 16374.7 2123.44 254.473 1868.97 1651.14 151.829 1499.31 64.215 165.017 1452.17 1421.05 1307.45 1261.88 167.38
internal_count=1262246 539848 722398 523507 439290 437523 418531 414875 375802 369877 195431 193391 18992 84217 658896 508448 506728 150448 87900 62548 53843 828 53015 1351 556 48003 46661 35159 33721 11723
is_linear=0
shrinkage=0.05


Tree=138
num_leaves=31
num_cat=0
split_feature=13 4 16 14 1 9 6 4 5 9 2 6 3 2 9 0 1 3 0 1 14 3 2 3 2 0 0 3 1 4
split_gain=187.99 161.128 114.896 169.198 82.0655 68.3765 48.6155 47.3494 84.2307 150.325 89.121 80.0836 78.7157 70.4655 165.172 63.1155 66.7446 125.878 105.863 79.2317 319.56 66.763 60.6126 59.5393 76.6745 58.1261 67.5442 104.804 57.0789 60.6414
threshold=1.0000000180025095e-35 0.89512961508248245 1.0000000180025095e-35 0.75000000000000011 0.93846852311368456 0.65108695652173931 1.0000000180025095e-35 0.9457002457002458 0.89898989898989912 0.37980769230769235 0.44949494949494956 1.0000000180025095e-35 0.84561213434452875 0.88194444444444453 0.39009661835748799 0.40651483050847464 0.88218502761606221 0.86240703177822864 0.69160839160839171 0.95200732600732607 0.75000000000000011 0.58204833141542012 0.61250000000000016 0.98058069381598789 0.63068181818181823 0.94519519519519524 0.9294019933554819 0.96590468810538554 0.96605158730158747 0.91545844394527276
decision_type=2 2 2 2 2 2 2 2 2 2 2 2 2 2 2 2 2 2 2 2 2 2 2 2 2 2 2 2 2 2
left_child=2 -2 7 5 6 -4 -5 11 9 10 -9 12 -1 15 -15 -10 18 -18 21 20 -19 -17 -14 25 -25 26 -12 -28 29 -13
right_child=1 -3 3 4 -6 -7 -8 8 13 -11 23 28 22 14 -16 16 17 19 -20 -21 -22 -23 -24 24 -26 -27 27 -29 -30 -31
leaf_value=-0.045276110633360234 0.0032345386389618803 0.042835247218354043 0.0020322932064672648 -0.044211849954036493 0.042431294086386101 0.024461681075686983 0.01653490314628191 -0.09883612814897387 -0.084140839973520329 0.03640203060210865 0.0020101887825763115 -0.0037140638246148253 0.0067190017315962129 -0.002474696315816002 0.043227736223723057 0.028562495814191957 -0.0055266770418516626 -0.067647375326853734 0.035212688778539787 -0.025885929927415674 -0.81890832406894454 -0.12242090231330567 -0.14918176475180062 -0.14628795981421908 0.054996320101201507 0.026943126292151828 -0.18777780608444114 0.012876214695968108 0.022974599241233656 -0.027129563544716503
leaf_weight=252.01811605749208 509.76607374625746 517.75456258724444 9267.8877095363277 34.860824239935027 386.64253435435239 352.72289427765645 596.44855821531382 21.663088888431957 28.585145119504887 380.4827574105002 1611.5547740270122 2688.6801145778645 147.25468515692774 1774.9431381469185 222.47610192676075 11.754230108308549 1575.4003197481252 77.35394750112755 160.43372968370386 349.10180061038409 1.4418885083869089 19.416424452072533 6.5102061758225309 14.322886008318166 7.0649162217159747 242.51980631701008 11.991817403919415 14.229766655465935 178.59401207370684 308.20006179458142
leaf_count=168898 1710 8577 251561 3665 5730 1729 22967 2266 3482 1857 49431 610311 4775 50847 2526 335 36997 2561 1697 8701 29 1629 127 1104 19 2628 993 249 2588 12257
internal_value=0.002313 0.0231888 0.00127898 0.00490573 0.0242906 0.00285463 0.0131805 -0.0025389 -3.34427e-06 0.00768621 0.00200556 -0.00715847 -0.0280746 -0.00420041 0.00261572 -0.0103235 -0.00936218 -0.0120587 0.0188308 -0.0361077 -0.0813947 -0.0654861 0.000118365 0.0031543 -0.0797988 0.00409786 0.000714968 -0.0788881 -0.00448567 -0.00612212
internal_weight=21772.1 1027.52 20744.6 10638.6 1017.95 9620.61 631.309 10106 6524.74 2303.83 1923.35 3581.26 405.783 4220.91 1997.42 2223.49 2194.9 2003.3 191.604 427.898 78.7958 31.1707 153.765 1901.68 21.3878 1880.3 1637.78 26.2216 3175.47 2996.88
internal_count=1262246 10287 1251959 285652 32362 253290 26632 966307 167351 58547 56690 798956 173800 108804 53373 55431 51949 48288 3661 11291 2590 1964 4902 54424 1123 53301 50673 1242 625156 622568
is_linear=0
shrinkage=0.05


Tree=139
num_leaves=31
num_cat=0
split_feature=13 4 9 2 18 10 2 8 8 9 10 10 8 9 8 4 5 1 5 1 1 4 18 10 8 4 12 10 2 10
split_gain=174.304 156.285 84.5044 391.139 139.67 129.247 114.94 118.342 104.469 100.158 87.9421 85.91 84.6135 160.187 91.6965 83.873 427.185 89.374 86.2852 132.657 82.0086 117.644 78.3883 74.1699 70.5613 88.3534 78.332 64.7832 80.1688 70.6659
threshold=1.0000000180025095e-35 0.88047619047619063 0.33974358974358981 0.88194444444444453 0.60889328063241122 0.47641299510458396 0.81666666666666676 0.53589837997054501 0.21575680631965019 0.15075757575757578 0.58853389071364604 0.49640213283636181 1.0000000180025095e-35 0.039230769230769243 0.31440092165898625 0.95293466223698797 0.89898989898989912 0.96367208672086735 0.76388888888888895 0.93333575510994871 0.41155840127614329 0.91545844394527276 0.98518437225636535 0.48107236684977317 0.53589837997054501 0.96590468810538554 1.0000000180025095e-35 0.85254529767040566 0.61250000000000016 0.96785673286649077
decision_type=2 2 2 2 2 2 2 2 2 2 2 2 2 2 2 2 2 2 2 2 2 2 2 2 2 2 2 2 2 2
left_child=2 -2 4 6 9 -6 10 22 23 12 -4 -11 -1 14 -14 17 -17 18 -12 -20 -10 -22 -8 -7 25 -23 -27 -18 -29 -30
right_child=1 -3 3 -5 5 8 7 -9 20 11 15 -13 13 -15 -16 16 27 -19 19 -21 21 24 -24 -25 -26 26 -28 28 29 -31
leaf_value=0.0015406405236017837 0.0025766181342952231 0.042013172350844508 0.038710099219802729 0.044984918898128695 -0.034392790819307885 0.10391203309856636 -0.025970403034099417 -0.091774948053236827 0.041534666380006691 0.029195878849831838 -0.0037305972104117596 -0.0029978934025749796 -0.046983372485702481 -0.0015597986057584469 0.10337503478863302 0.039588372902219879 0.0060068773608418094 0.035535964140558748 -0.013070707371090777 -0.10388309014494493 -0.038036983789152795 0.02560196503426683 0.12115284027206069 0.014531000614255647 0.011924689711952711 -0.033473900492980532 0.0061884677255177869 -0.069464405955821623 -0.016701146501581311 0.017850295590507863
leaf_weight=10249.110121011094 496.15447275957558 508.9020154287573 167.65468224184588 587.30790824512951 506.96834170068269 25.714067957054795 34.755364393815398 65.050912149483338 71.420502134998969 566.58854239708307 2264.9939972629654 326.71776702583884 318.36107607149097 924.16726769509478 10.473576250446056 764.55935934197623 735.72166056977585 133.0672882637009 148.04769129632041 55.211251039290801 363.10530907814882 115.51946860108728 12.243067897856234 238.35321625936922 388.67195410100976 433.94335660717479 174.56402273481945 60.214238629676402 758.02474870113656 183.88336584088393
leaf_count=29060 1556 8731 1482 7894 835650 1865 111 392 4946 4740 7666 2652 124573 77194 259 4969 1736 882 419 303 108668 1324 7 20571 988 9812 863 235 2351 347
internal_value=0.00221085 0.022545 0.00122281 0.00623971 -0.000813014 -0.0120775 0.00201278 -0.0480982 -0.00583157 0.00129373 0.00307795 0.0174213 4.11845e-05 -0.0122238 -0.0421944 0.00190745 0.0084426 -0.0043792 -0.00653109 -0.0377381 -0.0107923 -0.0133247 0.0123551 0.0232347 -0.00526034 -0.0144856 -0.0220959 -0.00525989 -0.0135315 -0.00995586
internal_weight=21689.5 1005.06 20684.4 5970.74 14713.7 2318.26 5383.43 112.049 1811.29 12395.4 5271.38 893.306 11502.1 1253 328.835 5103.72 2502.4 2601.32 2468.25 203.259 1547.22 1475.8 46.9984 264.067 1112.7 724.027 608.507 1737.84 1002.12 941.908
internal_count=1262246 10287 1251959 28794 1223165 984687 20900 510 149037 238478 20390 7392 231086 202026 124832 18908 9638 9270 8388 722 126601 121655 118 22436 12987 11999 10675 4669 2933 2698
is_linear=0
shrinkage=0.05


Tree=140
num_leaves=31
num_cat=0
split_feature=13 4 16 9 1 6 6 17 5 4 3 5 2 6 9 17 18 1 18 3 3 10 4 2 2 3 10 10 18 11
split_gain=161.48 151.51 104.761 154.569 111.057 85.7173 71.3131 59.6934 104.418 135.319 76.449 77.4671 58.8439 55.6869 71.0949 80.2382 57.9672 55.0936 52.8777 52.5564 86.6421 51.8041 77.4608 48.2855 55.9371 70.7496 48.0454 84.016 82.0725 81.4542
threshold=1.0000000180025095e-35 0.89512961508248245 1.0000000180025095e-35 0.5590277777777779 0.93252124695228156 1.0000000180025095e-35 0.75000000000000011 0.81322674418604668 0.73214285714285732 0.89699381078691431 0.5108747044917259 0.2678571428571429 0.58571428571428574 0.75000000000000011 0.09449404761904763 0.58995376208490968 0.22684744000693063 0.86541041378793249 0.92885264341957263 0.68042553191489374 0.6049571603427174 0.60622179239200535 0.77836257309941526 0.63068181818181823 0.40833333333333338 0.70396452790818997 0.96785673286649077 0.93112570698777597 0.98518437225636535 1.0000000180025095e-35
decision_type=2 2 2 2 2 2 2 2 2 2 2 2 2 2 2 2 2 2 2 2 2 2 2 2 2 2 2 2 2 2
left_child=2 -2 26 7 5 -5 -7 8 10 -10 -4 17 19 14 15 -11 -17 -12 -8 20 -13 -22 -23 24 -16 -26 27 -1 -28 -30
right_child=1 -3 3 4 -6 6 18 -9 9 13 11 12 -14 -15 23 16 -18 -19 -20 -21 21 22 -24 -25 25 -27 28 -29 29 -31
leaf_value=-0.0021499156517940611 0.0029082326629481449 0.042176773899354578 -0.030306800229146974 -0.052201814363759952 0.040126929869074714 0.027664730234733828 0.0075552505618314116 0.0060202721079902254 -0.074796373132866731 -0.060342541279412937 0.00079822255949868037 0.012063924114464409 0.021854422203353412 -0.017463811379449239 0.048981490813350188 -0.0015872522568862292 -0.053439702739336417 0.080757171419791135 -0.048106281245044388 0.011724901414037156 -0.041990448137903549 -0.12440758895118764 0.031261195408071339 0.016930732323529984 -0.11106444987141556 -0.0077805727152784167 0.025822046897045189 -0.023859178632292331 0.041382705190818408 -0.059068029442691287
leaf_weight=9156.5984923168908 507.67663985840045 475.8934141700156 125.41783396356914 53.762903418391943 490.58057857491076 346.12297959183343 135.50472887489013 5426.9328013866325 75.548470365538378 74.703393549767497 32.551021734925598 224.55517996925846 481.69429253521957 785.30970198409341 21.910428506671451 652.54850602446822 58.752232364982774 63.703454703187163 62.278344954596832 523.25317812077992 208.71051639969664 9.3221771186217648 55.976754266768694 557.22397983082919 24.733869569739909 50.298686732407077 327.87509089242667 468.46990341250785 29.508749918546528 63.845568546559662
leaf_count=962929 1710 8577 40701 206 5696 1327 637 124795 3157 6037 10011 13589 6660 14403 41 1438 18808 1193 357 17703 16478 59 102 1802 265 187 1146 1870 30 332
internal_value=0.00211589 0.021908 0.00117033 0.00465226 0.0224968 0.00802563 0.0139789 0.00259799 -0.00201491 -0.00898706 0.00728446 0.0102315 0.0074476 -0.00675303 -0.000912561 -0.0110473 -0.00587018 0.0537169 -0.00997157 0.000656097 -0.0109608 -0.02983 0.00903768 0.0112647 -0.0213033 -0.0418273 -0.00248319 -0.00320655 0.0140454 -0.0273161
internal_weight=21571.3 983.57 20587.7 10541.4 1088.25 597.669 543.906 9453.15 4026.21 2301.03 1725.18 1599.77 1503.51 2225.48 1440.17 786.004 711.301 96.2545 197.783 1021.82 498.565 274.009 65.2989 654.167 96.943 75.0326 10046.3 9625.07 421.229 93.3543
internal_count=1262246 10287 1251959 285652 8223 2527 2321 277429 152634 46138 106496 65795 54591 42981 28578 26283 20246 11204 994 47931 30228 16639 161 2295 493 452 966307 964799 1508 362
is_linear=0
shrinkage=0.05


Tree=141
num_leaves=31
num_cat=0
split_feature=9 1 4 14 1 5 9 0 5 3 3 1 0 18 3 0 4 4 5 5 3 1 4 3 0 9 1 1 8 9
split_gain=151.581 115.683 84.5605 273.247 134.308 106.094 175.676 85.4956 234.311 169.194 142.353 115.197 112.189 98.2367 87.2033 107.211 85.2035 126.934 88.0043 82.6524 131.894 85.5864 78.7098 84.1117 100.505 89.6107 75.887 93.9373 69.7525 114.463
threshold=0.76696832579185525 0.94286796536796547 0.9457002457002458 0.75000000000000011 0.97275461380724548 0.89898989898989912 0.33974358974358981 0.72046511627906984 0.73214285714285732 0.74862637362637374 0.8402898550724639 0.90715405284370809 0.6436507936507937 0.99629629629629635 0.75123762376237635 0.82650501672240806 0.82167318982387483 0.84273937856689929 0.64583333333333337 0.76388888888888895 0.98058069381598789 0.92000732600732615 0.85270009643201561 0.87895437895437911 0.90121951219512209 0.10762548262548265 0.82289129977672804 0.93055754822254111 1.0000000180025095e-35 0.69397993311036799
decision_type=2 2 2 2 2 2 2 2 2 2 2 2 2 2 2 2 2 2 2 2 2 2 2 2 2 2 2 2 2 2
left_child=2 -2 4 5 7 6 19 9 11 13 14 -9 -11 -1 15 -10 -14 -18 -19 20 -4 -21 -12 28 26 -26 -25 -28 -24 -30
right_child=1 -3 3 -5 -6 -7 -8 8 10 12 22 -13 16 -15 -16 -17 17 18 -20 21 -22 -23 23 24 25 -27 27 -29 29 -31
leaf_value=-0.0061389269708403736 0.0091955455094126833 0.043316255553898425 0.0030025998623044677 0.03402532242982409 0.030857325324025082 -0.0017124012511973573 0.034520225951284039 -0.038447745670606187 -0.048646376617183601 0.030215462032080611 0.047038288355448502 0.0093535679939484046 0.022585905794997346 -0.064316499861482121 -0.073334924005990607 0.050447829189446063 -0.10324880394227401 -0.080008132607987226 0.0020907714152914236 -0.14442536473104869 -0.097237134406989612 0.033078149926647905 -0.012112598751255768 0.067701261807688207 -0.10206042192290408 0.0096899732520215123 -0.07139119769021178 0.0102838669128007 -0.11173711080269255 0.0029654434339020617
leaf_weight=3033.0852963176339 830.24931072525214 354.46917489753105 3680.6038576294814 686.00743717234582 271.75838689133525 8339.6747304333294 541.02568763471209 146.30093905807826 112.49480265507373 583.07318926267908 46.159310787523282 910.03608419133525 283.02596420358896 74.33929070708291 240.34224721132341 36.039130404336902 35.375401719553338 35.590760184248211 393.89539789005357 6.9477862699641255 33.111115473308018 300.84328259985341 72.81819961220026 43.058418000713573 45.919047433060769 29.440724014260923 42.934479811570782 195.53800150195457 70.227040727448184 31.508439625846222
leaf_count=825473 4456 6471 94571 9663 2566 175823 2160 13523 3757 15862 304 20890 10654 29680 9291 437 2748 3365 10946 397 1492 2173 169 747 3588 285 2401 2315 5977 62
internal_value=0.00201929 0.0194045 0.00100573 0.00327613 -0.00357629 0.0016412 0.00777112 -0.00502457 -0.0135442 -0.00114172 -0.0313349 0.00273316 0.0137748 -0.00753072 -0.0547214 -0.0246029 0.000957263 -0.0122111 -0.00471262 0.00417248 0.00210887 0.0290714 -0.0155897 -0.0210294 -0.00711811 -0.058403 0.00660976 -0.00442088 -0.0494722 -0.0762126
internal_weight=21505.9 1184.72 20321.2 13588.2 6732.96 12902.2 4562.53 6461.2 2022.82 4438.39 966.48 1056.34 1330.96 3107.42 388.876 148.534 747.888 464.862 429.486 4021.51 3713.71 307.791 577.604 531.444 356.891 75.3598 281.531 238.472 174.554 101.735
internal_count=1262246 10927 1251319 286279 965040 276616 100793 962474 63746 898728 29333 34413 43575 855153 13485 4194 27713 17059 14311 98633 96063 2570 15848 15544 9336 3873 5463 4716 6208 6039
is_linear=0
shrinkage=0.05


Tree=142
num_leaves=31
num_cat=0
split_feature=13 4 6 17 17 9 3 17 3 0 0 4 0 0 2 17 0 8 2 6 6 5 2 3 4 5 9 17 3 9
split_gain=140.78 144.519 91.2677 135.862 116.635 177.58 96.5898 92.2858 157.907 98.0471 92.079 98.4032 86.0559 108.732 92.78 122.217 103.713 98.8864 89.7654 86.8808 81.3608 200.426 187.036 193.549 179.579 175.667 168.057 158.615 135.671 116.707
threshold=1.0000000180025095e-35 0.89512961508248245 1.0000000180025095e-35 0.65058139534883741 0.87939393939393951 0.45643939393939398 0.9948453608247424 0.96490147783251246 0.92031746031746042 0.65058139534883741 0.67890835579514841 0.91545844394527276 0.6436507936507937 0.82650501672240806 0.44949494949494956 0.90098039215686287 0.57932875667429451 0.37152509652509658 0.68333333333333346 0.75000000000000011 0.75000000000000011 0.69047619047619058 0.61250000000000016 0.8427393785668994 0.90521114106019773 0.84523809523809534 0.79057017543859665 0.76533166458072599 0.77629499561018456 0.71714285714285719
decision_type=2 2 2 2 2 2 2 2 2 2 2 2 2 2 2 2 2 2 2 2 2 2 2 2 2 2 2 2 2 2
left_child=2 -2 3 -1 20 12 -7 9 10 -5 11 -9 14 18 15 17 19 -6 -14 -17 22 -22 23 25 26 27 -23 28 -4 -26
right_child=1 -3 4 7 5 6 -8 8 -10 -11 -12 -13 13 -15 -16 16 -18 -19 -20 -21 21 24 -24 -25 29 -27 -28 -29 -30 -31
leaf_value=-0.071138709063428548 0.0024648860845659809 0.041587061303822975 -0.0039498817364040442 -0.033576874390076721 0.066636198751307815 0.016133760667330323 0.048362149271029276 -0.069773657313042955 0.0094943197965454591 0.0032796420967775375 -0.076808981281221766 0.055413243702827956 -0.021695784729053213 0.0045845871646780978 0.030778756271121421 0.010853861847067511 -0.079808954774383184 -0.095182400503211195 0.017335109052591401 -0.067764387560429268 0.0086203092950360924 -0.065387845997065916 0.010481731587282765 0.033747126241344703 -0.0092405553134633101 -0.052283405091598061 -1.023615120274189 -0.027758906320863093 0.039135931856679046 -0.069116399863078062
leaf_weight=83.671358858966414 504.66379930533003 443.51332196360454 1710.5290739274933 205.29792713506322 83.942790248074743 849.59722650412004 320.06829186482355 30.376431654785847 158.08003383595496 1490.6020836659518 155.23927432035271 32.484402726768167 762.98343183041288 4255.7144557798601 552.54494409624749 200.15963356129942 53.576205709374335 10.637423606211085 182.55628935898858 42.624676300707506 1503.8337698408432 142.47454752652993 3459.6274832777635 272.77269136301766 2738.9517687854168 229.54414237019955 0.45904684299603005 660.74614379612467 204.55846547221154 83.875302875414491
leaf_count=58850 1710 8577 273986 121762 24228 3582 5663 16483 1916 44878 10779 263 29887 88930 7630 65521 8928 2491 2652 33604 206504 8580 59243 2832 55456 14444 10 98803 3441 613
internal_value=0.0019294 0.0207644 0.00105727 -0.0086741 0.00220227 0.00709616 0.0249528 -0.00615176 -0.0285563 -0.00118204 -0.0561356 -0.0050812 0.00369711 0.00117699 0.0175901 -0.00105044 -0.0168436 0.0484365 -0.0141601 -0.00294883 -0.00104972 -0.00624868 0.00250459 -0.00646117 -0.0137882 -0.0103707 -0.0684653 -0.00663567 0.000652293 -0.0110197
internal_weight=21425.7 948.177 20477.5 2155.75 18321.8 7314.41 1169.67 2072.08 376.18 1695.9 218.1 62.8608 6144.74 5201.25 943.486 390.941 296.361 94.5802 945.54 242.784 11007.4 4469.59 6537.78 3078.15 2965.76 2805.38 142.934 2575.83 1915.09 2822.83
internal_count=1262246 10287 1251959 254931 997028 273116 9245 196081 29441 166640 27525 16746 263871 121469 142402 134772 108053 26719 32539 99125 723912 271163 452749 393506 64659 390674 8590 376230 277427 56069
is_linear=0
shrinkage=0.05


Tree=143
num_leaves=31
num_cat=0
split_feature=9 1 6 17 17 9 10 5 1 9 8 8 10 8 6 1 17 3 1 2 2 1 14 9 10 8 17 2 5 2
split_gain=133.195 109.944 88.8751 118.636 106.46 188.802 82.894 69.7037 67.2462 73.8415 69.9279 76.2961 104.162 75.5333 66.4028 62.0642 61.6288 125.53 114.331 60.5245 120.968 92.4746 74.8634 343.505 60.2471 86.4583 58.8375 58.4353 60.5638 63.1842
threshold=0.76696832579185525 0.94286796536796547 1.0000000180025095e-35 0.65058139534883741 0.94665718349928885 0.17519181585677754 0.93112570698777597 0.64583333333333337 0.86541041378793249 0.080540540540540564 0.14902948861515494 0.14717282261741912 0.20846114519427408 0.46410162002945515 0.75000000000000011 0.86683182134819725 0.96490147783251246 0.92031746031746042 0.89600260126347087 0.73214285714285732 0.84523809523809534 0.87369202336307605 0.75000000000000011 0.93933823529411775 0.96785673286649077 0.93364779874213844 0.9900000000000001 0.38750000000000007 0.86607142857142871 0.88194444444444453
decision_type=2 2 2 2 2 2 2 2 2 2 2 2 2 2 2 2 2 2 2 2 2 2 2 2 2 2 2 2 2 2
left_child=2 14 3 -1 24 8 16 26 9 -6 11 15 -13 -12 -2 -10 27 18 -18 -16 21 -21 -23 -24 25 -4 -7 -5 -29 -30
right_child=1 -3 4 6 5 7 -8 -9 10 -11 13 12 -14 -15 19 -17 17 -19 -20 20 -22 22 23 -25 -26 -27 -28 28 29 -31
leaf_value=-0.068713986152394713 0.017415469813109857 0.042803497188398182 -0.00035153190695571954 -0.043690711759061418 -0.068920033499712458 -0.026389684827967483 -0.081661556121654877 0.029559424826075639 0.091421050923918376 0.024487997564602067 -0.018605365990976785 0.27211459352989359 -0.09326990435009011 0.060653981404287662 -0.0016833950076252592 0.0053637258850662674 0.016837569528027389 0.0092416857250547432 -0.073420150284798522 0.050176606420145521 0.050622274252024695 -0.13377695221823188 -0.98458889013859663 0.050066249576876658 0.021362952235045276 -0.040559615987642905 0.022486882382874537 0.0033633395276085631 -0.076724208781294448 0.022102750273565723
leaf_weight=79.795009812438366 591.30997902958188 329.42385301599279 12975.771537997814 76.349960886112967 65.859106477248133 112.93744967388193 36.045556459575891 1111.0464227809571 21.114800485709566 31.172300606427598 479.42571963771479 5.9776095962151867 2.8952255245967535 32.069938194879796 182.51527943112887 2701.1803050003218 46.372049114983383 154.07432584877824 144.16371837187762 6.0080820769071606 14.662490244954823 20.340363379800696 1.3987471261061719 1.8809434175491333 314.97162608033977 135.08840488898568 135.38541361886018 1450.438029843237 48.078219734670711 24.37183288205415
leaf_count=58846 2875 6471 845931 107645 27935 3760 321 8891 78 26348 66660 4 326 160 1096 12713 15275 1882 12090 74 198 141 36 36 861 473 2598 53293 4919 310
internal_value=0.00184397 0.018414 0.000901929 -0.00894016 0.00202037 0.00849761 -0.00653111 0.0242067 0.00210346 -0.0389118 0.00333077 0.00650831 0.152889 -0.0136359 0.0085933 0.00603121 -0.00513794 -0.0243168 -0.0514535 -0.0144071 -0.0668398 -0.12497 -0.169521 -0.391201 -0.000246674 -0.000765818 0.000257778 -0.0010052 0.00113484 -0.0434793
internal_weight=21332.1 1147.54 20184.6 2059.69 18124.9 4699.06 1979.89 1359.37 3339.7 97.0314 3242.66 2731.17 8.87284 511.496 818.116 2722.3 1943.85 344.61 190.536 226.806 44.2906 29.6281 23.6201 3.27969 13425.8 13110.9 248.323 1599.24 1522.89 72.4501
internal_count=1262246 10927 1251319 254581 996738 149473 195735 15249 134224 54283 79941 13121 330 66820 4456 12791 195414 29247 27365 1581 485 287 213 72 847265 846404 6358 166167 58522 5229
is_linear=0
shrinkage=0.05


Tree=144
num_leaves=31
num_cat=0
split_feature=9 2 18 10 9 2 5 3 3 8 8 1 15 10 6 1 9 8 9 8 3 3 1 9 10 16 10 1 3 0
split_gain=124.284 436.899 137.242 116.053 105.802 101.443 155.949 134.198 112.482 96.8437 86.3628 79.0901 76.1882 74.8142 73.7602 79.3291 100.675 69.2204 143.569 84.8571 67.9523 66.1643 75.011 88.5847 64.8563 60.1635 65.5603 59.5734 79.0502 67.7319
threshold=0.3585714285714286 0.88194444444444453 0.60889328063241122 0.47641299510458396 0.15075757575757578 0.78888888888888908 0.89898989898989912 0.87895437895437911 0.83047895500725699 0.21575680631965019 0.2669211195928754 0.90401182303585059 1.0000000180025095e-35 0.54804667681380026 0.75000000000000011 0.84519416312099249 0.71714285714285719 1.0000000180025095e-35 0.039230769230769243 0.31440092165898625 0.89825495415557544 0.89498746867167933 0.94482802761445706 0.5590277777777779 0.48107236684977317 1.0000000180025095e-35 0.54804667681380026 0.41155840127614329 0.55625879043600579 0.080540540540540509
decision_type=2 2 2 2 2 2 2 2 2 2 2 2 2 2 2 2 2 2 2 2 2 2 2 2 2 2 2 2 2 2
left_child=2 5 4 -4 12 7 -7 13 11 24 -6 -8 -1 -2 -10 -16 20 -14 19 -19 21 22 -17 -24 -5 26 -12 29 -29 -11
right_child=1 -3 3 9 10 6 8 -9 14 27 25 -13 17 -15 15 16 -18 18 -20 -21 -22 -23 23 -25 -26 -27 -28 28 -30 -31
leaf_value=-0.05827965104517091 0.05630370282207884 0.045861478425142585 -0.033628108934261144 0.096786378333927128 0.034281251307717232 0.044540114822452008 -0.11809804745584858 0.024957401848299046 -0.010415877570761234 -0.075171852770959738 -0.0023946510081594343 0.02331981588646951 0.0015921011998362546 0.0013628345846610585 0.03543991060534827 -0.093688744751582717 -0.16180859210837958 -0.046509758346766572 -0.0012585382555695905 0.097514652599701948 -0.1087803881378534 0.06820339236706574 -0.094907568761182282 0.020492976851892851 0.013660466848937925 0.011576210020456657 -0.092256605823093404 -0.061324077194320065 -0.01035693052299972 0.053701702749406235
leaf_weight=55.885558285081061 62.814846571738599 665.74627463967772 489.02237572323929 26.053167252688581 419.9252638589096 87.479340507648885 10.776389328762887 746.07727145077661 117.93025130918249 12.185135480416646 58.684285897688824 119.76094596926123 10139.88580835334 4569.4821777936886 20.360707101412117 55.12362575205043 25.156332587823272 285.12617197140935 912.91604501081383 10.607673819093177 45.274728276534006 13.184407390654085 24.64246635697782 51.142526737879962 236.1969900039694 426.04326287400909 31.028603276106878 80.455612477055183 1398.4136265855218 62.437898424614104
leaf_count=48144 722 11654 835650 1865 1996 631 64 5430 493 1858 3790 299 26552 18272 139 333 224 82788 73346 257 240 28 134 99 20574 1210 559 93567 28223 3105
internal_value=0.00176075 0.00744898 -0.000808569 -0.0120085 0.00128325 0.00315043 -0.0168907 0.00527749 -0.0280087 -0.00618587 0.0174465 0.0116452 -4.28739e-05 0.00210784 -0.0426802 -0.0588794 -0.0678313 0.000243912 -0.0110666 -0.0413437 -0.055347 -0.038558 -0.0493104 -0.017031 0.0219186 0.00373984 -0.0334748 -0.0109303 -0.0131297 0.032658
internal_weight=21259.8 6614.95 14644.9 2304.76 12340.1 5949.21 570.832 5378.37 483.352 1815.74 935.681 130.537 11404.4 4632.3 352.815 234.885 214.524 11348.5 1208.65 295.734 189.368 144.093 130.909 75.785 262.25 515.756 89.7129 1553.49 1478.87 74.623
internal_count=1262246 38762 1223484 984842 238642 27108 2684 24424 2053 149192 7555 363 231087 18994 1690 1197 1058 182943 156391 83045 834 594 566 233 22439 5559 4349 126753 121790 4963
is_linear=0
shrinkage=0.05


Tree=145
num_leaves=31
num_cat=0
split_feature=9 1 6 17 17 10 10 4 4 17 3 1 6 4 15 10 8 9 17 3 3 6 0 14 17 17 17 0 17 0
split_gain=119.498 103.038 81.2063 111.832 94.8314 170.079 76.2364 71.499 63.7487 59.3646 110.545 122.945 59.2946 57.3546 54.8237 53.2493 78.5908 49.4334 60.827 60.3498 54.2813 48.2893 185.582 186.529 149.624 98.4188 90.1084 92.4499 82.9784 94.4046
threshold=0.76696832579185525 0.94286796536796547 1.0000000180025095e-35 0.65058139534883741 0.94665718349928885 0.63798951588035779 0.93112570698777597 0.9948453608247424 0.7701575532900834 0.96490147783251246 0.92031746031746042 0.89600260126347087 0.75000000000000011 0.91331186258722508 1.0000000180025095e-35 0.96785673286649077 0.93364779874213844 0.97368421052631582 0.77167919799498763 0.47856705450091863 0.56691542288557228 0.75000000000000011 0.25760368663594474 0.75000000000000011 0.36626016260162603 0.66397849462365599 0.47673160173160178 0.38315602836879437 0.6195238095238097 0.63714733542319768
decision_type=2 2 2 2 2 2 2 2 2 2 2 2 2 2 2 2 2 2 2 2 2 2 2 2 2 2 2 2 2 2
left_child=2 12 3 -1 14 -6 8 -7 -5 -10 11 13 -2 -11 -4 16 21 18 19 -14 -19 22 24 26 -16 -26 -24 -28 29 -23
right_child=1 -3 4 6 5 7 -8 -9 9 10 -12 -13 17 -15 15 -17 -18 20 -20 -21 -22 28 23 -25 25 -27 27 -29 -30 -31
leaf_value=-0.067936385895596779 0.016673528630317687 0.042284297730362415 -0.056434854880390878 -0.05651828290058869 0.0031682014968387805 0.015859125115204518 -0.078900390058430692 0.043956198051763568 0.00073357007404685048 -0.08011277716136142 0.0087303353781678205 -0.071030609920380947 0.013101424541582835 0.062997611691259586 0.024176305051631729 0.020426973269307633 -0.038308758642449217 -0.024076525747620772 -0.0071676479189625684 -0.1219248482719721 0.042473665722377409 0.015550372188392798 -0.028487695004718261 0.03746242917223009 -0.0852841003190416 -0.025953213300665853 0.037545151028565232 0.0024675129750351128 -0.0060099424200398604 -0.053583173858671479
leaf_weight=76.581404853528511 582.8944197059609 306.76681736990577 43.304843397763761 58.252690340890695 3679.0985899780499 575.68236874666763 35.551277136430144 373.20766182919033 1537.6082055177831 9.1508399734520918 152.27075023898215 140.27627223646414 11.341651938855646 29.801618600649817 94.012083153267668 309.05640422203578 136.52402106660884 63.756836390122771 60.875797022948973 30.60699009988457 58.989067629328929 771.34408202171471 227.15219402745424 404.3602435758803 111.69824074811913 186.77140362658247 194.02866444600659 5888.1533087331336 4954.9638203691557 52.758027189003769
leaf_count=58846 2875 6471 39408 119126 140991 2806 321 5676 60217 2579 1882 11408 16 202 16016 861 473 173 436 263 693 80141 20706 29640 90503 119350 26334 182058 238586 3189
internal_value=0.00168211 0.0176118 0.000795692 -0.00866013 0.00186696 0.00803605 -0.00634751 0.02691 -0.00500924 -0.0034039 -0.0225949 -0.0492085 0.00825002 0.0293776 -0.000267794 -8.53371e-05 -0.000572173 -0.0135171 -0.0390909 -0.0854178 0.00790608 -0.000172339 0.00258798 0.00454164 -0.0308308 -0.048157 0.00243178 0.00358653 -0.00356655 0.0111245
internal_weight=21156.8 1115.23 20041.6 2039.49 18002.1 4627.99 1962.91 948.89 1927.36 1869.11 331.499 179.229 808.465 38.9525 13374.1 13330.8 13021.8 225.57 102.824 41.9486 122.746 12885.2 7106.18 6713.69 392.482 298.47 6309.33 6082.18 5779.07 824.102
internal_count=1262246 10927 1251319 254581 996738 149473 195735 8482 195414 76288 16071 14189 4456 2781 847265 807857 806996 1581 715 279 866 806523 484607 258738 225869 209853 229098 208392 321916 83330
is_linear=0
shrinkage=0.05


Tree=146
num_leaves=31
num_cat=0
split_feature=9 1 15 4 9 2 5 1 2 3 1 0 2 2 17 1 17 3 17 3 17 0 3 17 0 4 3 4 1 4
split_gain=110.229 99.5544 73.9206 63.772 148.729 218.304 319.234 114.811 98.7465 104.212 103.363 79.0954 289.102 159.875 166.408 131.51 112.853 92.4155 114.95 141.415 158.119 139.768 123.063 104.916 91.2025 90.2849 87.0467 86.1051 198.028 89.1014
threshold=0.76696832579185525 0.94286796536796547 1.0000000180025095e-35 0.9457002457002458 0.27429467084639503 0.88194444444444453 0.89898989898989912 0.97275461380724548 0.76388888888888895 0.85857142857142865 0.91277995249532262 0.72046511627906984 0.5634920634920636 0.58571428571428574 0.80600358422939078 0.89677670716380409 0.9240384615384617 0.74862637362637374 0.64365079365079381 0.63211600429645554 0.85239651416122009 0.64760348583878002 0.68042553191489374 0.58102025506376609 0.73273809523809541 0.13994288045695638 0.63211600429645554 0.82167318982387483 0.90401182303585059 0.88047619047619063
decision_type=2 2 2 2 2 2 2 2 2 2 2 2 2 2 2 2 2 2 2 2 2 2 2 2 2 2 2 2 2 2
left_child=2 -2 -1 7 -5 6 -6 11 -8 10 -10 13 24 17 -15 -14 -17 18 22 20 21 -20 23 25 -13 -4 -26 -19 -29 -30
right_child=1 -3 3 4 5 -7 8 -9 9 -11 -12 12 15 14 -16 16 -18 27 19 -21 -22 -23 -24 -25 26 -27 -28 28 29 -31
leaf_value=-0.057613714812701944 0.0079148930618357614 0.041915204639904169 -0.082010432754048235 -0.00014934194836400657 0.03212156370639719 0.040307812916557814 0.0017485189440502498 0.02953774971822808 -0.077847982624793532 -0.048081288932199512 0.011006636017335363 -0.052443576977903465 -0.10048519529896471 -0.070484436263853714 0.025175678198368353 -0.053238813477297989 -0.013834268536767273 0.025966474896406484 -0.038528329824801137 -0.034142551012887705 0.010181265726779206 0.042363614330942156 0.04793622971952366 -0.041349355071160165 0.05600923217278922 0.010656743110424379 0.0029428313403639921 0.020586534278786567 -0.10181474687610498 -0.023176317344130178
leaf_weight=54.08882557630568 801.91364556748886 294.3110296895029 27.573678483342519 9991.9389994042685 834.90043802023865 566.88098667841405 1448.4415821101284 258.79305381263839 38.435277049895376 236.75946264527738 220.48524702619761 68.538167403265561 70.380117221171531 48.36320905274988 757.98022807419329 296.21141674277897 470.02199633285636 402.66452692552411 406.27087184082302 716.21710463732052 653.62725918596698 61.480429987033858 141.43913371301096 143.47106694525064 83.71039222352556 562.28403699408955 1005.6007549945784 258.9106751830368 54.897263740302151 104.75811707739922
leaf_count=63523 4456 6471 8445 263814 5585 8061 3549 2550 193 1110 513 4434 5949 2220 9522 9057 10710 15125 258562 79897 185559 1554 7888 71570 1147 179416 31165 11832 3378 4991
internal_value=0.00160584 0.0170432 0.000759065 0.000917477 0.00290598 0.0120301 0.00626189 -0.0031052 -0.00484351 -0.0241063 -0.00218333 -0.00443883 -0.0126806 -0.000651234 0.0194381 -0.0350754 -0.0290673 -0.0052355 -0.00968481 -0.0167867 -0.0057016 -0.027896 0.00523386 -0.00300227 0.00350087 0.00632489 0.00702083 0.0094597 -0.00641998 -0.050216
internal_weight=21081.3 1096.22 19985.1 19931 13337.8 3345.9 2779.02 6593.19 1944.12 495.68 258.921 6334.4 1994.46 4339.94 806.343 836.614 766.233 3533.59 2712.36 1837.6 1121.38 467.751 874.768 733.329 1157.85 589.858 1089.31 821.231 418.566 159.655
internal_count=1262246 10927 1251319 1187796 282825 19011 10950 904971 5365 1816 706 902421 62462 839959 11742 25716 19767 828217 792891 525572 445675 260116 267319 259431 36746 187861 32312 35326 20201 8369
is_linear=0
shrinkage=0.05


Tree=147
num_leaves=31
num_cat=0
split_feature=13 4 16 9 2 8 9 12 9 4 9 10 10 10 9 0 5 2 9 2 17 4 6 10 10 10 8 8 0 6
split_gain=101.892 132.755 93.2999 120.517 54.762 48.3458 110.284 68.8075 100.682 76.8217 76.7666 77.3163 75.2025 73.9463 84.6742 73.8298 73.467 80.8935 130.268 98.1171 71.8058 70.2148 71.012 69.275 70.3997 62.4945 60.5343 55.928 58.5121 69.45
threshold=1.0000000180025095e-35 0.89699381078691431 1.0000000180025095e-35 0.5590277777777779 0.86607142857142871 0.22476265133699155 0.17752100840336138 1.0000000180025095e-35 0.4045454545454546 0.86706827309236967 0.18350168350168353 0.51173812410448594 0.63798951588035779 0.63798951588035779 0.29520697167755999 0.58411949685534592 0.69047619047619058 0.88194444444444453 0.267948717948718 0.81666666666666676 0.77459677419354855 0.97979591836734703 0.75000000000000011 0.82865035516969232 0.96785673286649077 0.72176684881602926 0.2669211195928754 0.29046043562172597 0.7158385093167704 0.75000000000000011
decision_type=2 2 2 2 2 2 2 2 2 2 2 2 2 2 2 2 2 2 2 2 2 2 2 2 2 2 2 2 2 2
left_child=2 -2 5 -4 -5 -1 -7 8 10 12 26 15 -10 -13 20 -12 21 19 -19 23 -15 22 -9 -18 -25 -14 -8 -27 29 -29
right_child=1 -3 3 4 -6 6 7 16 9 -11 11 13 25 14 -16 -17 17 18 -20 -21 -22 -23 -24 24 -26 27 -28 28 -30 -31
leaf_value=-5.5898923918223197e-05 0.0011248927542408665 0.040343349903242759 0.0023619195224702677 0.015922140057982707 0.04972924859311216 -0.051407820866025626 0.1712075657282619 -0.0092749077345009034 0.035947821920929574 0.0093839824866625409 0.03878805194564372 -0.067335598103080055 -0.090082631680333689 -0.088616895078392308 -0.052536588482653093 -0.039800042329373037 0.0085920139495707405 -0.20780663457855764 0.039171067906709961 -0.1002718914884029 0.03597563134830388 0.048177077681231036 0.0236799321269438 -0.026912649278208828 0.0073126714749793074 0.039663036762129185 -0.025093798363735549 -0.029777236990892027 0.022612375041627279 -0.11429123205780925
leaf_weight=6336.6774535911536 495.26111121417489 382.37735928146867 9252.9667552840074 863.69900152692571 139.0729409493506 136.61213143412533 8.1988379964350298 353.70599697472062 46.528673686785623 474.84630349942017 60.842998158277624 196.49184565332689 40.569558217655867 13.935576645468243 108.78908729559043 58.735516190441558 372.82570813130587 5.5647894330322734 131.59181376872584 30.279679270461202 67.957845717275632 115.80904150009155 303.93391860058182 558.193466253113 205.5894756030757 31.032152455300093 7.5381211236090158 122.51215185050387 38.235193837434053 30.325360019225627
leaf_count=405919 1729 8558 277429 4919 3304 487585 749 2620 709 2161 21969 25406 464 745 966 751 996 33 1694 181 602 483 1186 1955 501 51 7875 468 60 178
internal_value=0.0015353 0.0182119 0.000807609 0.00414623 0.0206108 -0.00266596 -0.0073637 -0.00558566 -0.0145761 -0.00324551 -0.0315787 -0.0349561 -0.0226407 -0.0458099 -0.0236283 0.000186533 6.84205e-05 -0.00717287 0.0291506 -0.0114423 0.0147741 0.0122773 0.00595545 -0.00907589 -0.0177001 -0.0330188 0.0771777 -0.0225955 -0.032707 -0.0465461
internal_weight=20990.7 877.638 20113.1 10255.7 1002.77 9857.32 3520.65 3384.03 1306.54 784.049 522.49 506.753 309.203 387.174 190.683 119.579 2077.49 1304.04 137.157 1166.89 81.8934 773.449 657.64 1136.61 763.783 262.674 15.737 222.105 191.073 152.838
internal_count=1262246 10287 1251959 285652 8223 966307 560388 72803 63154 4091 59063 50439 1930 27719 2313 22720 9649 5360 1727 3633 1347 4289 3806 3452 2456 1221 8624 757 706 646
is_linear=0
shrinkage=0.05


Tree=148
num_leaves=31
num_cat=0
split_feature=14 1 6 1 16 15 17 17 4 4 17 1 4 17 11 4 2 6 4 9 10 1 1 9 6 17 10 17 17 17
split_gain=101.767 264.966 90.2894 88.8471 69.7027 68.0519 64.3421 60.4109 83.3972 113.796 82.2007 60.1159 62.8541 55.8314 58.5611 54.7195 94.2103 71.7795 108.209 65.176 60.8092 52.6515 49.7443 49.1899 50.643 73.2239 66.2168 52.0706 51.2483 97.9272
threshold=0.75000000000000011 0.94074345606603682 1.0000000180025095e-35 0.80379870129870146 1.0000000180025095e-35 1.0000000180025095e-35 0.34833164812942369 0.87138130686517801 0.22378716744913932 0.39415279556124633 0.66939890710382521 0.40660497397339512 0.74849397590361455 0.47673160173160178 1.0000000180025095e-35 0.38507877664504175 1.0000000180025095e-35 0.75000000000000011 0.28743545611015497 0.75500000000000012 0.90489491886139939 0.62062211981566839 0.63947848822848841 0.75500000000000012 1.0000000180025095e-35 0.65058139534883741 0.93112570698777597 0.94804318488529027 0.64365079365079381 0.67890835579514841
decision_type=2 2 2 2 2 2 2 2 2 2 2 2 2 2 2 2 2 2 2 2 2 2 2 2 2 2 2 2 2 2
left_child=5 2 4 6 -2 -1 -4 10 -9 -10 15 -12 -13 -7 -15 17 -17 19 -19 20 -8 -20 -11 24 25 -16 27 -27 -26 -30
right_child=1 -3 3 -5 -6 13 7 8 9 22 11 12 -14 14 23 16 -18 18 21 -21 -22 -23 -24 -25 28 26 -28 -29 29 -31
leaf_value=-0.057379035257626179 -0.090645217681280268 0.040544792579067304 0.027432080858984739 0.022269523080988396 -0.0058887838031946513 -0.020351930455017472 -0.070979281375726205 0.036483244424652755 -0.070773478322176592 0.042083499545590125 0.004003870746351397 -0.062058768373769828 0.017369986207132145 -0.025067090599066883 -0.062585591565948326 0.04604537564740372 -0.02992865116212954 0.028077745116305192 -0.10725967892462596 0.008927898025181397 0.0083342050672094003 0.053008198975531842 -0.015072153800912119 0.017549715426581711 0.0088558134456988343 0.00042075630605365361 -0.082575818871729989 -0.019616387335398784 -0.021952312341805044 0.0012266994188904359
leaf_weight=51.235587051873154 44.818373475750832 579.47161444259109 162.06509765102237 512.96857852709945 52.875772547253291 320.74027694674078 107.38686422743194 169.33933488256298 57.283651008052402 71.993187886284431 68.134351770895591 169.83697870744072 29.187126090823313 217.93867870449685 57.638064118036709 118.2621688995132 62.300202626654936 143.61504440094723 24.968170342093803 60.903641633689404 31.18440105766058 6.4479809016993377 80.786654150790127 438.42876571917441 2073.523978872985 1404.9269563569978 27.355139339808375 421.51473501668079 472.37085503300841 12890.979770092174
leaf_count=63502 80728 11820 19125 5989 3687 34649 90219 10134 58051 14201 9302 143971 1326 4792 22657 13242 16345 23945 23364 83 42 1318 12956 3852 80046 91493 255 31438 22231 367483
internal_value=0.00146441 0.0108168 0.00209165 0.00453124 -0.0447718 0.000164692 -0.00214121 -0.0061298 0.0103741 -0.0106733 -0.0137453 -0.036533 -0.0504104 0.000325578 0.000693932 -0.00277738 0.0198317 -0.013678 0.0096903 -0.0341828 -0.0531304 -0.0743656 0.0118608 0.00100958 0.000591574 -0.00708559 -0.00535999 -0.00420351 0.00154218 0.000407362
internal_weight=20930.5 2553.83 1974.36 1876.66 97.6941 18376.7 1363.69 1201.63 379.403 210.063 822.227 267.158 199.024 18325.4 18004.7 555.068 180.562 374.506 175.031 199.475 138.571 31.4162 152.78 17786.7 17348.3 1911.43 1853.8 1826.44 15436.9 13363.4
internal_count=1262246 539848 528028 443613 84415 722398 437624 418499 95342 85208 323157 154599 145297 658896 624247 168558 29587 138971 48627 90344 90261 24682 27157 619455 615603 145843 123186 122931 469760 389714
is_linear=0
shrinkage=0.05


Tree=149
num_leaves=31
num_cat=0
split_feature=14 1 6 1 15 16 17 3 17 4 17 6 4 17 2 5 1 2 4 1 17 17 5 1 17 4 2 8 3 8
split_gain=94.0884 251.555 81.7978 82.0991 64.4592 63.733 58.811 59.0691 103.677 71.7698 109.611 81.5527 87.759 58.31 54.528 96.9574 56.1071 62.158 58.8456 53.555 52.4135 50.76 55.7573 133.597 100.153 77.2633 139.429 135.924 83.153 75.2574
threshold=0.75000000000000011 0.94074345606603682 1.0000000180025095e-35 0.80379870129870146 1.0000000180025095e-35 1.0000000180025095e-35 0.34833164812942369 0.121830550401979 0.61326979472140775 0.37756813417190782 0.58102025506376609 0.75000000000000011 0.28743545611015497 0.57735042735042741 1.0000000180025095e-35 0.46428571428571436 0.64140956668130589 0.38750000000000007 0.57307060755336636 0.62062211981566839 0.70659971305595415 0.48528138528138537 0.35416666666666669 0.86541041378793249 0.82404540763673906 0.72821969696969713 0.19090909090909094 0.29963503649635043 0.63211600429645554 0.32155344655344659
decision_type=2 2 2 2 2 2 2 2 2 2 2 2 2 2 2 2 2 2 2 2 2 2 2 2 2 2 2 2 2 2
left_child=4 2 5 6 -1 -2 -4 8 -8 10 11 -9 13 -13 20 -16 -17 18 -18 -14 -11 -6 23 29 -25 26 -24 -28 -27 -23
right_child=1 -3 3 -5 21 -7 7 9 -10 14 -12 12 19 -15 15 16 17 -19 -20 -21 -22 22 25 24 -26 28 27 -29 -30 -31
leaf_value=-0.057163712604896444 -0.086730202062383882 0.040122753683094564 0.026383381078233955 0.02162427459365936 -0.017074279192753103 -0.0055795650223087571 -0.099913779120426482 -0.031499530972801768 0.023914124782817764 0.040701025774158663 -0.049994692477227834 0.03234740601908638 -0.12161548566616953 0.17007535399274626 -0.054583762249508339 0.049324883507385335 0.051903846215869069 0.021695497202424717 -0.087932805319079071 0.055063429330561554 -0.015282937922412332 -0.053778147347939745 0.066115887375692434 0.055436161844442777 -0.0047990489009611262 0.015874241212281062 -0.011598198810171921 -0.090653626325260847 -0.0001197686618924761 0.021292704988103147
leaf_weight=48.915775416673569 44.508174449974831 556.86352722067386 160.13195274357713 502.14111126650823 410.5002947277062 53.012239512070664 18.180114467279054 124.22782262361579 240.78832317498018 130.83575271200243 231.01766558944291 102.23756516003778 14.568108673236567 8.30952242277999 88.736064555072517 58.987638812854129 9.6568715818393667 58.775301218789537 34.052911190085069 6.0788966018517376 61.440530096719158 81.457591813963518 35.528739720486556 213.50954645664387 101.96413722683428 855.2353343061186 150.60971943225559 85.089940788904642 16320.188131765419 56.568770659629081
leaf_count=63502 80728 11820 19125 5989 39484 3687 6091 54024 17313 20022 197649 14330 13537 281 42306 2156 63 637 12231 563 37296 102501 1243 7705 6016 39447 44686 6392 404932 6490
internal_value=0.00139677 0.0104876 0.00201463 0.0043671 0.000156624 -0.0426166 -0.00206123 -0.00589565 0.0152212 -0.0117827 -0.0250378 -0.00246547 0.0250269 0.0427 0.00278922 -0.0125974 0.0104759 -0.0118845 -0.0570385 -0.0695976 0.0228117 0.000309751 0.000708416 0.0180169 0.0359676 0.000258506 -0.0262196 -0.040138 0.000676639 -0.0230111
internal_weight=20864.1 2504.55 1947.69 1850.17 18359.6 97.5204 1348.03 1187.89 258.968 928.925 486.44 255.422 131.194 110.547 442.485 250.209 161.473 102.485 43.7098 20.647 192.276 18310.7 17900.2 453.5 315.474 17446.7 271.228 235.7 17175.4 138.026
internal_count=1262246 539848 528028 443613 722398 84415 437624 418499 23404 395095 280384 82735 28711 14611 114711 57393 15087 12931 12294 14100 57318 658896 619412 122712 13721 496700 52321 51078 444379 108991
is_linear=0
shrinkage=0.05


Tree=150
num_leaves=31
num_cat=0
split_feature=13 1 16 9 1 18 17 10 9 18 9 10 10 9 18 10 18 17 17 9 14 5 18 10 10 4 5 5 9 9
split_gain=88.4802 121.498 82.9126 109.703 179.066 64.3273 66.6686 58.3636 66.284 84.3504 55.7362 135.146 107.225 87.965 77.9041 65.2008 56.0498 55.5947 60.8432 82.7892 55.3171 55.0308 52.5258 51.8505 74.3203 77.293 100.449 67.9814 83.1952 59.1489
threshold=1.0000000180025095e-35 0.69169683683750194 1.0000000180025095e-35 0.24500000000000002 0.97275461380724548 0.75688305127557476 0.8426212590299279 0.44399641577060939 0.1012820512820513 0.87548449612403112 0.10762548262548265 1.0000000180025095e-35 0.38603264919054397 0.039230769230769243 0.65017482517482528 0.42829349638688169 0.75564037319762523 0.40149253731343287 0.96992311171415657 0.77097902097902116 1.0000000180025095e-35 0.73214285714285732 0.93120351588911443 0.93112570698777597 0.76980056980056988 0.963409192324855 0.76388888888888895 0.81666666666666676 0.31698564593301443 0.39009661835748799
decision_type=2 2 2 2 2 2 2 2 2 2 2 2 2 2 2 2 2 2 2 2 2 2 2 2 2 2 2 2 2 2
left_child=2 17 -1 5 20 10 -7 -8 9 -9 11 -4 14 15 -12 -13 21 -2 19 -19 23 -14 -10 24 29 26 -26 -27 -29 -5
right_child=1 -3 3 4 -6 6 7 8 22 -11 12 13 16 -15 -16 -17 -18 18 -20 -21 -22 -23 -24 -25 25 27 -28 28 -30 -31
leaf_value=-0.0026199844867103518 0.031959152283951089 0.035234354489566799 0.0029743010938807768 0.0010657244274043705 0.040946182855072288 -0.037566893332824453 -0.046604065164869368 0.076104072381095594 -0.031465196466796623 -0.059311583059006037 0.026090865893597284 -0.046232224912472752 0.017684719848712192 -0.0068254193732229006 0.10970119593035282 0.059389021795463043 0.099901608895285529 -0.076805645778917728 0.046524164814137479 -0.0074628123623443014 0.012759121593732606 -0.012035860469545395 0.018783079151135369 0.032893586685023964 -0.022520319309678061 0.048485483792670529 -0.1190691973714799 -0.10949750519373246 -0.0025159311689293118 0.044843367294488068
leaf_weight=9793.3798974941383 88.393019672483206 442.69121472293045 4286.4623622403888 237.55329225677997 439.34049230592791 219.48871861850421 60.861586694794823 57.252283976238687 106.19365488331823 14.39021268624492 373.50130095658824 283.41803016086851 235.8348247749891 526.78377022140921 30.105591055384139 15.405575937813408 13.777330726050421 53.916476515587419 37.547589607536793 213.45016936329193 1664.4152701432467 458.66517268886673 101.92594349706633 103.58431811444461 286.4275614162907 62.902789177373052 29.73653666768223 18.960342805832624 437.48299462720752 114.27506078407168
leaf_count=966307 81 9411 10301 581 6427 74336 41805 2404 1462 2706 930 94950 2952 31142 198 2486 83 282 46 467 8293 1546 671 130 850 128 157 78 892 144
internal_value=0.00133143 0.0172677 0.000664362 0.00382436 0.0111624 0.000152504 -0.0160775 -0.0022303 0.00742311 0.0489043 0.00161309 -0.000593578 0.0117586 -0.0191176 0.0323275 -0.040787 3.75846e-05 -0.00295492 -0.0130763 -0.0214463 0.0067347 -0.00194349 -0.00685626 -0.00103272 -0.00399247 -0.01211 -0.0316011 -0.000244375 -0.00695987 0.0152849
internal_weight=20808.1 835.998 19972.1 10178.7 3394.68 6784.07 560.112 340.624 279.762 71.6425 6223.95 5112.07 1111.88 825.607 403.607 298.824 708.277 393.307 304.914 267.367 2955.34 694.5 208.12 1290.92 1187.34 835.51 316.164 519.346 456.443 351.828
internal_count=1262246 10287 1251959 285652 17680 267972 123384 49048 7243 5110 144588 138879 5709 128578 1128 97436 4581 876 795 749 11253 4498 2133 2960 2830 2105 1007 1098 970 725
is_linear=0
shrinkage=0.05


Tree=151
num_leaves=31
num_cat=0
split_feature=13 4 16 9 2 2 5 9 18 17 4 6 5 4 2 17 2 11 14 4 4 1 18 9 18 9 18 9 18 17
split_gain=81.935 116.935 75.1794 100.64 198.278 63.2839 66.7085 64.978 58.4269 60.5751 56.5718 98.6922 89.5728 66.1284 63.3209 60.4188 58.0594 76.5037 59.435 77.2689 60.7388 58.44 53.8498 50.5075 123.852 85.0668 74.5112 59.0079 96.8991 46.6341
threshold=1.0000000180025095e-35 0.90521114106019773 1.0000000180025095e-35 0.24500000000000002 0.88194444444444453 0.76388888888888895 0.86607142857142871 0.27429467084639503 0.75688305127557476 0.8426212590299279 0.87007672634271105 1.0000000180025095e-35 0.76388888888888895 0.9948453608247424 0.27922077922077926 0.69905660377358492 0.44949494949494956 0.75000000000000011 1.0000000180025095e-35 0.78611556982343511 0.53410852713178303 0.89822449252492154 0.74234614183067804 0.10762548262548265 1.0000000180025095e-35 0.039230769230769243 0.26103179753406885 0.11237373737373739 0.74910071942446055 0.78192934782608703
decision_type=2 2 2 2 2 2 2 2 2 2 2 2 2 2 2 2 2 2 2 2 2 2 2 2 2 2 2 2 2 2
left_child=2 -2 -1 8 5 10 -7 -8 23 -10 11 -5 13 15 -13 -12 17 18 -16 20 -20 22 -22 24 -4 -26 -25 28 -28 -14
right_child=1 -3 3 4 -6 6 7 -9 9 -11 12 14 29 -15 16 -17 -18 -19 19 -21 21 -23 -24 26 25 -27 27 -29 -30 -31
leaf_value=-0.0024863832684055742 0.0010738799205811957 0.039523516949598499 0.0028299566522085821 -0.064659482624065082 0.044498310181035568 0.041840306756606944 -0.13350413268912981 -0.018468368539112993 -0.035923867219124703 -0.0021426201491773263 -0.091228847145970904 0.017705460315371079 -0.0073702680632147938 0.041106560652760971 -0.095329381295224946 0.016311476650323883 0.002813932674780072 0.055211567127530982 0.053780241013576195 0.012413052873233462 -0.38641428206080236 -0.010764228563471527 -0.14352017344212922 0.040207561865090669 -0.040326298810224148 -0.0064979375612950821 0.016843889458159605 0.0015036443341291158 0.14830275804202761 0.015039702273123696
leaf_weight=9803.3665409766836 484.22417274082545 334.23559755011229 4280.0118812636938 58.277261142444331 384.95986626681406 44.960191348916851 12.877643924672155 262.54584596073255 218.08801043134736 338.95044921974113 13.412956874002701 371.0662907777587 500.77647266001441 376.43327028048225 47.786957191303372 497.45406853687018 263.31474440521561 19.25486646220088 5.0054397583007839 48.382076290436089 3.0831347568891969 5.6075471946969619 8.7802021205425245 184.62019588425756 287.46017950842725 525.69449922437343 62.655663969184388 843.09253498492762 18.057836966516334 432.76171111071017
leaf_count=966307 1845 8442 10301 509 5918 300 68 985 74336 49048 77 1134 1321 2551 244 2304 681 31 2 130 30 24 55 222 97436 31142 1401 3963 123 1316
internal_value=0.00127097 0.0167756 0.000633884 0.00365791 0.0107347 0.006361 -0.0146289 -0.023847 0.000143156 -0.0153684 0.00889733 -0.00191659 0.01383 0.025205 0.00281806 0.013488 -0.0109506 -0.0372335 -0.0522364 -0.0231744 -0.0997792 -0.143774 -0.206645 0.00153644 -0.000568583 -0.0184567 0.0112089 0.00541359 0.0462549 0.00301836
internal_weight=20737.2 818.46 19918.7 10115.4 3356.74 2971.78 320.384 275.423 6758.63 557.038 2651.4 830.559 1820.84 887.3 772.281 510.867 401.215 137.9 118.645 70.8584 22.4763 17.4709 11.8633 6201.59 5093.17 813.155 1108.43 923.806 80.7135 933.538
internal_count=1262246 10287 1251959 285652 17680 11762 1353 1053 267972 123384 10409 2840 7569 4932 2331 2381 1197 516 485 241 111 109 85 144588 138879 128578 5709 5487 1524 2637
is_linear=0
shrinkage=0.05


Tree=152
num_leaves=31
num_cat=0
split_feature=14 1 6 1 15 16 0 2 1 2 8 9 11 9 3 2 2 0 6 6 9 1 9 18 3 9 8 9 2 18
split_gain=75.7607 229.522 72.8725 71.329 60.3385 58.4728 49.0864 108.397 222.998 271.205 158.607 336.512 48.0302 47.2999 46.4888 46.9385 46.1734 130.709 111.704 63.4805 56.3093 92.3043 45.8274 44.8942 64.0107 59.5174 59.5373 55.5917 130.731 80.6489
threshold=0.75000000000000011 0.94074345606603682 1.0000000180025095e-35 0.80379870129870146 1.0000000180025095e-35 1.0000000180025095e-35 0.7158385093167704 0.78888888888888908 0.89822449252492154 0.88194444444444453 0.82070417145044028 0.76696832579185525 1.0000000180025095e-35 0.88562091503267981 0.16064516129032261 0.38750000000000007 1.0000000180025095e-35 0.31296641791044782 0.75000000000000011 0.75000000000000011 0.70710784313725505 0.48583436973529853 0.29520697167755999 0.98601330203442894 0.74543037554004665 0.27429467084639503 0.73363914373088701 0.43167701863354041 0.88194444444444453 0.57637088733798614
decision_type=2 2 2 2 2 2 2 2 2 2 2 2 2 2 2 2 2 2 2 2 2 2 2 2 2 2 2 2 2 2
left_child=4 2 5 14 -1 -2 -5 -8 -9 10 11 -10 -6 -7 -4 16 17 19 -18 -16 22 -22 -21 27 -25 -26 -27 29 -29 -14
right_child=1 -3 3 6 12 13 7 8 9 -11 -12 -13 23 -15 15 -17 18 -19 -20 20 21 -23 -24 24 25 26 -28 28 -30 -31
leaf_value=-0.057044305471164083 -0.083325385836686416 0.039232778120994363 0.014072969449725371 0.028517244000138522 -0.022857315453849242 -0.039096239015787071 0.01268588382906901 0.029750239717202837 -1.5532778140639687 0.050071443304112798 -0.31139907256255239 -0.24812908621411875 0.0015315026309756109 0.061009436416842644 -0.026908881884279152 0.029803986589135648 0.011869756776990753 0.049595050684251019 -0.069328564193108441 -0.050286535768756427 -0.16102392276295671 -0.0087379308473589431 0.027257235062302671 -0.054409767302658334 -0.072160324631230871 0.024301930124509395 -0.017691102104781836 0.0043122527373029625 0.045093916272082341 -0.0078472950385120293
leaf_weight=46.056667232820473 43.973947264810249 512.57267757534282 330.41755434468359 380.08217010530643 221.99286519889938 34.892486554017523 83.164178833540063 9.7759678559377807 1.0067451619543124 2.7848072871565819 2.4583736089989543 0.96947571262717236 11903.603809950469 17.829712703824043 370.28165959793841 77.469554646719189 74.902183159731067 94.570700130418118 97.478470187478251 21.339105622868374 11.593028612434862 70.227740332484245 177.87595910188975 83.698911704599595 31.265124451845622 145.05942220333964 201.86764010321349 2567.7008065407281 212.7973455254687 2838.795372189732
leaf_count=63502 80728 11820 33596 4827 4900 3678 936 103 36 54 25 8 112123 9 221418 717 15503 5955 45566 113126 64 152 1527 12507 9609 523 1204 7934 3630 506466
internal_value=0.00121436 0.00953553 0.00153697 0.00380068 0.000113098 -0.0407517 0.0203113 -0.0108283 -0.125891 -0.336649 -0.5795 -0.91301 0.000257686 -0.00524228 -0.00217833 -0.00757102 -0.0107242 -0.00533416 -0.0340466 -0.0133098 0.00460773 -0.030315 0.0189511 0.000543003 -0.0148437 -0.00608722 -0.0001327 0.000948586 0.00743336 -0.000274478
internal_weight=20668.5 2415.67 1903.09 1806.4 18252.8 96.6961 480.242 100.16 16.9954 7.2194 4.43459 1.97622 18206.8 52.7222 1326.16 995.738 918.269 745.888 172.381 651.317 281.036 81.8208 199.215 17984.8 461.891 378.192 346.927 17522.9 2780.5 14742.4
internal_count=1262246 539848 528028 443613 722398 84415 5989 1162 226 123 69 44 658896 3687 437624 404028 403311 342242 61069 336287 114869 216 114653 653996 23843 11336 1727 630153 11564 618589
is_linear=0
shrinkage=0.05


Tree=153
num_leaves=31
num_cat=0
split_feature=9 2 6 2 9 6 17 17 9 14 0 4 4 2 4 17 2 0 0 0 18 18 10 6 9 0 4 18 17 9
split_gain=72.3947 73.8041 83.3775 135.14 66.9942 65.993 93.6392 74.7182 110.454 106.325 77.5223 143.351 82.8428 95.1028 74.5632 73.6432 83.7749 74.6921 95.5137 71.7106 70.2109 60.0305 103.532 89.3376 120.89 134.263 97.4568 86.8555 69.7644 107.745
threshold=0.75500000000000012 0.86607142857142871 0.75000000000000011 0.73214285714285732 0.97368421052631582 1.0000000180025095e-35 0.65058139534883741 0.87939393939393951 0.11237373737373739 1.0000000180025095e-35 0.6436507936507937 0.81872946330777663 0.890227576974565 0.31666666666666671 0.95293466223698797 0.90098039215686287 0.44949494949494956 0.57932875667429451 0.55217785843920153 0.35355392156862747 0.44749373433583967 0.72758194186765623 0.61985915492957766 0.75000000000000011 0.54356060606060608 0.71291208791208804 0.87007672634271105 0.98984745413316855 0.94804318488529027 0.46410256410256417
decision_type=2 2 2 2 2 2 2 2 2 2 2 2 2 2 2 2 2 2 2 2 2 2 2 2 2 2 2 2 2 2
left_child=5 2 -2 -4 -5 6 -1 -7 10 21 12 -12 13 -9 -14 -15 17 18 -17 -16 -8 -10 -23 24 25 26 -24 -26 -27 -30
right_child=1 -3 3 4 -6 7 20 8 9 -11 11 -13 14 15 19 16 -18 -19 -20 -21 -22 22 23 -25 27 28 -28 -29 29 -31
leaf_value=-0.065306611985727431 0.018491238298285667 0.049333793344286135 0.00020465780893097748 -0.13008822150913066 0.050046785511653091 -0.0011695716986769265 0.00072204301801714324 -0.028480334610341353 0.024763968173284922 0.021531042227691172 -0.054412745476542838 8.2022861365776972e-05 -0.10077834848019492 0.082185563126195516 -0.26974631679882582 -0.064322434660108299 0.045784066578253568 -0.076605901734632303 0.067644608008889759 0.0055722460470058388 -0.019520591161405511 -0.065415501169374154 -0.11274244336569988 0.017181452808245314 0.017309320109160645 -0.10664033682328636 0.022731660996023903 -0.1153317041206299 -0.47174142088907872 -0.054236735185557564
leaf_weight=69.168337795688785 646.09351586468983 129.88422632811125 211.34663149277912 32.508311751065776 6.1357790417969218 10657.947492015148 1272.7405733477935 60.755347055623133 182.39220979594393 1613.7577980720598 124.62786351389877 3808.3972666374902 21.179365338721254 77.90709621370479 2.4100793216348384 21.481597260506533 193.81730364197574 30.260306073949323 37.905037795102544 126.77632647799328 645.67329133647399 69.401466801587958 19.010963125852868 313.71098198436084 140.33207489270717 35.056138652842492 43.999651007819921 13.531989391893147 3.5062427218072107 2.7630981206893921
leaf_count=58844 4349 4178 2059 277 171 723784 21836 99661 642 31776 12704 102440 1537 3368 525 4913 2433 5458 2100 2491 173879 1127 115 1089 187 142 51 61 41 8
internal_value=0.00116267 0.0141097 0.00900412 -0.0155151 -0.101487 0.000484554 -0.00815166 0.0014598 0.00549606 0.0140702 0.000857478 -0.00164478 0.018048 0.0293998 -0.0138203 0.0391309 0.0272978 -0.0126696 0.0199089 0.00043595 -0.00609094 -0.000546601 -0.00774504 -0.000746727 -0.0225293 -0.0640762 -0.0181423 0.00564385 -0.134113 -0.287734
internal_weight=20614.5 1025.97 896.084 249.991 38.6441 19588.5 1987.58 17600.9 6942.98 2437.46 4505.52 3933.03 572.492 422.127 150.366 361.371 283.464 89.6469 59.3866 129.186 1918.41 823.705 641.313 571.911 258.2 104.336 63.0106 153.864 41.3255 6.26934
internal_count=1262246 11034 6856 2507 448 1251212 254559 996653 272869 35239 237630 115144 122486 117933 4553 18272 14904 12471 7013 3016 195715 3463 2821 1694 605 357 166 248 191 49
is_linear=0
shrinkage=0.05


Tree=154
num_leaves=31
num_cat=0
split_feature=13 4 16 9 18 4 8 9 9 8 2 5 4 9 0 9 10 18 6 2 9 10 10 18 18 2 0 6 5 4
split_gain=68.3537 107.123 67.8624 89.9647 55.5177 65.1194 45.7793 102.121 53.2078 61.6989 84.1466 67.6287 137.726 64.8063 120.707 99.8349 67.5588 63.456 61.6992 109.32 84.2973 63.5161 69.3184 59.0874 87.5273 66.9727 56.1958 55.5277 61.4705 118.688
threshold=1.0000000180025095e-35 0.90521114106019773 1.0000000180025095e-35 0.61721611721611735 0.8577380952380953 0.43657262277951941 0.22476265133699155 0.17752100840336138 0.18350168350168353 0.5885620915032681 0.88194444444444453 0.81666666666666676 0.95293466223698797 0.36602870813397131 0.6195238095238097 0.25462962962962971 0.93112570698777597 0.673576799140709 0.75000000000000011 0.61250000000000016 0.79057017543859665 0.96785673286649077 0.85254529767040566 0.8277715980719319 0.83275058275058289 0.68333333333333346 0.80196078431372564 0.75000000000000011 0.18333333333333338 0.76253132832080206
decision_type=2 2 2 2 2 2 2 2 2 2 2 2 2 2 2 2 2 2 2 2 2 2 2 2 2 2 2 2 2 2
left_child=2 -2 6 -4 -5 -6 -1 -8 -9 13 11 12 27 14 15 -10 -15 -16 19 -13 21 22 23 -20 -25 -26 -21 -11 -29 -30
right_child=1 -3 3 4 5 -7 7 8 9 10 -12 18 -14 16 17 -17 -18 -19 20 26 -22 -23 -24 24 25 -27 -28 28 29 -31
leaf_value=9.6969341158897071e-05 0.00077525071992636755 0.03859654052972581 0.0021131707694547574 0.041747754875679138 -0.057097974162791582 0.016129483854164434 -0.051454068811172066 0.066620411410252697 0.031897812710613919 -0.013470152707763401 0.037548222649712838 -0.089635747721047196 0.037212699527304154 0.0019483353580972405 -0.015436978874552885 -0.03092149491100922 -0.056429532932277086 -0.067159278400312786 -0.062685542994983579 0.0089334385901283422 -0.15470451059831264 0.017154827569138068 -0.062171040291528645 0.10281072214925582 0.031045078441476082 -0.074868818319966002 -0.073424631312315705 0.038781473980356675 -0.090368069773940879 0.009055193652409704
leaf_weight=6327.1967903747791 478.67403866653331 307.48328270297498 9290.9928798512683 215.20815672219032 32.466458693146706 467.94556739414111 124.87459953582766 25.451283592370601 112.3597268113117 655.97057101756218 132.16430923272856 33.524747497402132 243.64209929725621 505.09240249801951 86.111672613158589 144.69325798655336 54.951067225309089 190.45844763095374 36.34210705710575 375.2387785105966 13.3475060807541 66.199410022236407 135.83532493235543 20.683080561459064 33.338513843715191 27.024384889286011 21.92253040522337 127.66343037736078 34.190366067152354 245.93864663643762
leaf_count=405919 1845 8442 279081 1820 105 4646 487585 8824 44435 2715 2003 135 1371 3485 424 3935 335 1893 138 716 97 115 639 7 47 120 117 390 237 625
internal_value=0.00110915 0.015568 0.00053451 0.00342892 0.0205115 0.0113785 -0.00242872 -0.00706476 -0.00539623 -0.00595222 -0.00113271 -0.00360137 0.00330337 -0.0156604 -0.0281293 -0.00346272 -0.00377966 -0.0510552 -0.0154256 -0.00293136 -0.0315962 -0.0264519 -0.0378519 -0.00971112 0.0140433 -0.0163724 0.00438743 -0.00446316 0.0100254 -0.00307964
internal_weight=20567 786.157 19780.8 10006.6 715.62 500.412 9774.22 3447.02 3322.14 3296.69 2203.03 2070.86 1307.41 1093.67 533.623 257.053 560.043 276.57 763.456 430.686 332.77 319.423 253.223 117.388 81.046 60.3629 397.161 1063.76 407.792 280.129
internal_count=1262246 10287 1251959 285652 6571 4751 966307 560388 72803 63979 9472 7469 5338 54507 50687 48370 3820 2317 2131 968 1163 1066 951 312 174 167 833 3967 1252 862
is_linear=0
shrinkage=0.05


Tree=155
num_leaves=31
num_cat=0
split_feature=6 17 8 5 1 2 0 14 0 17 3 17 3 0 17 6 2 5 2 1 1 0 17 14 4 14 2 5 2 16
split_gain=64.3217 86.7852 136.853 88.5338 67.5006 158.775 110.31 165.257 104.625 151.563 101.372 75.7317 134.771 111.803 61.1782 55.1744 159.737 111.087 165.825 234.034 114.414 263.789 246.985 123.899 101.2 100.548 95.3773 94.9272 126.139 123.546
threshold=1.0000000180025095e-35 0.94665718349928885 0.44843699645504359 0.64583333333333337 0.92986483891215366 0.61250000000000016 0.67890835579514841 0.75000000000000011 0.65261756876663723 0.96190130624092907 0.84561213434452875 0.90399385560675893 0.87112743532417769 0.67694497153700206 0.65058139534883741 0.75000000000000011 0.73214285714285732 0.69047619047619058 0.88194444444444453 0.86541041378793249 0.9368501714055254 0.63714733542319768 0.76393188854489169 0.75000000000000011 0.88548009367681513 1.0000000180025095e-35 0.81666666666666676 0.89898989898989912 0.73214285714285732 1.0000000180025095e-35
decision_type=2 2 2 2 2 2 2 2 2 2 2 2 2 2 2 2 2 2 2 2 2 2 2 2 2 2 2 2 2 2
left_child=4 15 -3 -4 5 8 -7 -8 10 -10 -1 14 13 -13 -6 16 -2 -17 19 -19 21 -21 23 -23 -24 -26 -22 -25 -29 -30
right_child=1 2 3 -5 11 6 7 -9 9 -11 -12 12 -14 -15 -16 17 -18 18 -20 20 26 22 24 27 25 -27 -28 28 29 -31
leaf_value=-0.044157849842492117 -0.0011514368267586689 0.003606279204198929 -0.0063132377020762289 0.032554126028359144 -0.070210181268901939 -0.00013087800725902424 -0.08814198388318098 -0.81306187341504299 0.025654823239559657 -0.079240150448127197 0.041725483546945677 0.05900735605529548 0.00095255942403300225 -0.077774382550253096 0.0086883737862612585 0.0062694034241269183 0.015920683426897602 0.01717467715739935 0.0029678897106605352 -0.0035971058504621943 -0.0082065848531141742 -0.088841280030916708 -0.079550124020251203 -0.023211327985012783 0.026292816563244639 -0.038140701065868976 -0.078538005480967427 -0.093508442741397177 -0.34547417336375164 -0.91199382281497821
leaf_weight=221.19463887053644 5851.2159339739192 3706.6772186389644 181.84087845739123 754.15969812695403 25.210309796955698 45.160658156790305 103.84001827573229 0.7921755148563524 268.13288256026499 39.511384104629542 40.677385583825526 17.145376820866659 278.77618986279049 116.1222354208403 966.78645830527603 1963.7538226286451 1789.1086277226423 408.42304092012637 1851.401821379186 369.84007854310039 878.23949657065532 233.63311118970159 80.115007909418637 2.7384739678818715 93.509344665981189 171.75994352511771 51.003807870321907 2.5602938707452267 2.8505897661671042 1.4528426164761183
leaf_count=189771 497210 141121 2205 10254 2074 1199 11385 18 16187 6501 815 175 4312 6760 16414 242811 21334 10919 38212 7413 15311 8428 4374 44 2199 4302 413 21 31 33
internal_value=0.00105814 0.0020093 0.00792007 0.0250032 -0.00718165 -0.0196367 -0.0654415 -0.0936304 -0.00758922 0.0121829 -0.0308173 -0.00080076 -0.0188186 -0.0601769 0.00668327 1.37684e-05 0.00284628 -0.00352744 -0.00816601 -0.0171434 -0.0245685 -0.036689 -0.0574813 -0.0960758 -0.0303013 -0.0154274 -0.0120669 -0.2721 -0.371401 -0.536732
internal_weight=20517.6 18394.3 4642.68 936.001 2123.35 719.309 149.793 104.632 569.516 307.644 261.872 1404.04 412.044 133.268 991.997 13751.6 7640.32 6111.28 4147.53 2296.13 1887.7 958.46 588.62 243.235 345.384 265.269 929.243 9.6022 6.86373 4.30343
internal_count=1262246 1006635 153580 12459 255611 225876 12602 11403 213274 22688 190586 29735 11247 6935 18488 853055 518544 334511 91700 53488 42569 26845 19432 8557 10875 6501 15724 129 85 64
is_linear=0
shrinkage=0.05


Tree=156
num_leaves=31
num_cat=0
split_feature=9 1 15 16 14 1 0 2 1 2 8 12 8 9 1 0 3 3 8 2 9 17 14 3 9 17 8 9 2 4
split_gain=63.0523 78.7232 58.0096 51.2354 79.1109 52.1309 48.6701 94.7134 89.7731 68.4252 47.4154 123.797 89.809 80.3314 117.274 62.5617 82.5357 73.0794 52.5839 62.1433 51.8088 49.2349 44.1481 46.5679 49.7696 42.7129 42.6288 69.5725 41.8265 84.6381
threshold=0.75500000000000012 0.94286796536796547 1.0000000180025095e-35 1.0000000180025095e-35 0.75000000000000011 0.93846852311368456 0.72046511627906984 0.61250000000000016 0.89143241167434728 0.88194444444444453 0.26837452938287776 1.0000000180025095e-35 0.26483157365510307 0.4045454545454546 0.92251711734850694 0.6436507936507937 0.83438818565400863 0.69614069369809484 0.6255841121495328 0.095454545454545472 0.61721611721611735 0.34833164812942369 1.0000000180025095e-35 0.917156862745098 0.23303167420814483 0.57259953161592514 0.5885620915032681 0.28869047619047622 0.26136363636363641 0.78319623971797903
decision_type=2 2 2 2 2 2 2 2 2 2 2 2 2 2 2 2 2 2 2 2 2 2 2 2 2 2 2 2 2 2
left_child=2 6 -1 10 -5 -6 -2 -8 -9 -10 12 13 -4 21 15 17 -17 18 19 20 -15 -12 28 25 -25 -24 -23 -28 -13 -30
right_child=1 -3 3 4 5 -7 7 8 9 -11 11 22 -14 14 -16 16 -18 -19 -20 -21 -22 26 23 24 -26 -27 27 -29 29 -31
leaf_value=-0.056926063286314214 0.010869845062223524 0.039159628460106226 -8.0211434592218883e-05 0.001755707674181398 0.0098180024261066163 0.038191127039479827 0.0064844547883298595 0.050208198286859941 -0.16970403154142558 0.051215553268587344 0.032231113833191737 0.037067687917887969 0.080018522528043881 0.016323497683672451 0.017736290396664547 -0.14329317663810057 -0.017397036018063264 0.017592513313966888 -0.070383397022400471 -0.073229265515870293 -0.11238666353947224 -0.043895870478763165 0.022203126724622064 -0.12470210324991132 0.038089447639349246 -0.0031079227832463024 0.04862410548219015 -0.054599674175675045 -0.10904077905913612 -0.0076757089501109654
leaf_weight=44.05469262202314 654.34248844580725 226.99567200563615 6458.1633402125117 9043.5411588467232 525.71952327135659 233.92564308649162 77.121785177849233 8.4657283425331098 23.112463297089565 4.131542468443512 26.108796414013341 49.642184359639941 35.185869314600495 85.972236184868962 256.09206444525626 24.836139264050871 27.359392904676497 97.248490873258561 69.483391839079559 35.168583854334429 8.6005374826490861 432.63040719130004 220.15458729160309 4.8493330448836778 147.5771343531087 686.19160932008526 34.234749176124751 31.200637042828021 21.098705450833222 859.9609754322737
leaf_count=63523 3636 6526 550719 230688 26413 5276 494 118 226 34 10964 538 13123 892 1413 146 110 240 545 254 50 328810 2065 364 2224 8648 358 349 336 3164
internal_value=0.00101161 0.0132936 0.000384113 0.000514156 0.0030575 0.0185552 0.00564026 -0.0246876 -0.0920094 -0.136202 -0.00207984 -0.00714736 0.000353824 -0.0203723 -0.00795508 -0.026825 -0.077302 -0.0179383 -0.0352821 -0.0164835 0.00461847 -0.0346985 0.000357175 0.00734048 0.0329104 0.00304022 -0.038207 -0.000594641 -0.00758708 -0.0101031
internal_weight=20453.2 994.17 19459 19414.9 9803.19 759.645 767.174 112.832 35.7097 27.244 9611.76 3118.41 6493.35 1128.94 604.761 348.669 52.1955 296.473 199.225 129.741 94.5728 524.175 1989.47 1058.77 152.426 906.346 498.066 65.4354 930.702 881.06
internal_count=1262246 11034 1251212 1187689 262377 31689 4508 872 378 260 925312 361470 563842 344131 3650 2237 256 1981 1741 1196 942 340481 17339 13301 2588 10713 329517 707 4038 3500
is_linear=0
shrinkage=0.05


Tree=157
num_leaves=31
num_cat=0
split_feature=9 2 10 2 10 8 9 8 9 8 8 12 16 17 9 8 3 17 8 0 0 3 17 17 3 5 3 3 3 8
split_gain=59.9736 309.935 79.3651 72.4943 83.0918 57.981 134.905 223.224 95.3813 167.623 84.5815 71.3774 74.7039 71.3453 69.5378 63.4643 74.2205 86.1452 63.201 60.8764 143.418 68.3547 61.3513 88.3594 69.5798 59.7852 56.6759 56.3516 55.239 52.082
threshold=0.3585714285714286 0.88194444444444453 0.58853389071364604 0.81666666666666676 0.76980056980056988 0.19678585258809864 0.069366479550922219 0.15405073649754505 0.097167584579071611 0.40078740157480319 0.2669211195928754 1.0000000180025095e-35 1.0000000180025095e-35 0.57735042735042741 0.28869047619047622 0.5885620915032681 0.77003205128205143 0.9900000000000001 0.17958733974358979 0.33602150537634418 0.36882591093117417 0.54653679653679665 0.48808848553601819 0.43613053613053615 0.56440422322775274 0.73214285714285732 0.57735042735042741 0.8175416133162613 0.73205084163517709 0.26296580868228975
decision_type=2 2 2 2 2 2 2 2 2 2 2 2 2 2 2 2 2 2 2 2 2 2 2 2 2 2 2 2 2 2
left_child=5 2 -2 -4 -5 6 7 19 9 -7 13 12 15 -10 -14 16 17 28 -8 27 25 -22 23 -23 -24 -21 -26 -1 -12 -15
right_child=1 -3 3 4 -6 8 18 -9 10 -11 11 -13 14 29 -16 -17 -18 -19 -20 20 21 22 24 -25 26 -27 -28 -29 -30 -31
leaf_value=-0.036051631381505522 0.038405710053916901 0.044056500809671294 0.0017233867793450886 0.037711008108564911 -0.062549245469624593 -0.038207020246920638 0.010833346863925069 -0.056643173438038687 -0.062339743846154087 0.078472706981250112 -0.04824396475573943 0.0030415411728117701 -0.014251048476942913 0.01058737166488031 0.022570349984690836 0.020865135326320783 -0.064598493670669582 0.06621962063907165 0.043755682155976222 0.070315886184529094 -0.051184823581949736 0.011902592726684771 0.042418659943762371 -0.059875660393915724 -0.075340522179500644 -0.067461751457062819 0.00081784078302135188 -0.21994834923509382 0.02173315854618648 0.056548065844914376
leaf_weight=54.584478040671456 144.65666441054782 471.60404076380655 5345.3210023643624 27.143913945183158 86.581756305182353 387.17218758527724 372.29815380833134 173.66586240546167 30.860854613973061 33.43953491418506 125.34145365076802 827.37561341981927 696.40695798895104 580.21861651913059 157.15686733764596 47.338411316857673 170.58035841166293 25.596392871902935 239.58559033436177 96.118946878410497 64.288316072988891 75.53808056854723 100.62093298462423 99.156156130971794 24.489709332226994 8.5761744318588153 9831.8084707436847 4.5099963561515315 36.389034612591786 68.965270693812272
leaf_count=17230 1442 11654 25071 56 539 562594 62740 184526 14294 3232 169322 8391 14311 39328 448 520 10356 6705 19340 3728 11147 917 2720 1828 2109 228 79479 160 2019 5812
internal_value=0.000964599 0.00512779 0.00185158 0.000882948 -0.0386192 -0.000800161 0.000900406 -0.000425432 -0.0067475 -0.0289307 -0.00337449 -0.00836627 -0.0158643 0.0119389 -0.00747155 -0.0335418 -0.0407378 -0.0190103 0.0237242 0.000516981 0.000807292 0.000209443 0.000535556 -0.0288386 0.00105093 0.0590297 0.000628612 -0.0500863 -0.0324993 0.01547
internal_weight=20407.4 6075.31 5603.7 5459.05 113.726 14332.1 11145.2 10533.4 3186.84 420.612 2766.23 2086.19 1258.81 680.045 853.564 405.246 357.907 187.327 611.884 10359.7 10300.6 10195.9 10131.6 174.694 9956.92 104.695 9856.3 59.0945 161.73 649.184
internal_count=1262246 38762 27108 25666 595 1223484 386152 304072 837332 565826 271506 212072 203681 59434 14759 188922 188402 178046 82080 119546 102156 98200 87053 2745 84308 3956 81588 17390 171341 45140
is_linear=0
shrinkage=0.05


Tree=158
num_leaves=31
num_cat=0
split_feature=6 12 14 1 10 18 10 4 4 0 1 6 8 17 10 10 5 14 2 2 2 1 2 0 0 17 14 1 13 17
split_gain=58.1864 75.9702 153.007 120.153 77.9612 67.3464 97.9329 83.4156 145.978 74.0268 67.9511 65.026 137.669 107.325 117.078 120.979 97.9987 97.3335 84.6868 88.9285 73.5281 60.1604 147.228 103.711 96.5136 140.863 83.2405 70.6677 124.21 69.7535
threshold=1.0000000180025095e-35 1.0000000180025095e-35 1.0000000180025095e-35 0.95200732600732607 0.56476034858387814 0.8006849315068495 0.44399641577060939 0.79784946236559151 0.27072835547411828 0.080540540540540509 0.50877438694776156 0.75000000000000011 0.22255689424364125 0.76393188854489169 0.63798951588035779 0.44486373165618454 0.73214285714285732 1.0000000180025095e-35 0.88194444444444453 0.78888888888888908 0.40833333333333338 0.92986483891215366 0.61250000000000016 0.67890835579514841 0.65261756876663723 0.96190130624092907 0.75000000000000011 0.7500426742532007 1.0000000180025095e-35 0.90399385560675893
decision_type=2 2 2 2 2 2 2 2 2 2 2 2 2 2 2 2 2 2 2 2 2 2 2 2 2 2 2 2 2 2
left_child=21 5 4 -4 -3 -2 -7 8 9 -8 -11 -9 -13 16 15 -15 20 -18 19 -16 -14 22 24 -24 27 -26 -25 -1 -29 -23
right_child=1 2 3 -5 -6 6 7 11 -10 10 -12 12 13 14 18 -17 17 -19 -20 -21 -22 29 23 26 25 -27 -28 28 -30 -31
leaf_value=0.0036332128873515349 0.0014630661123015186 -0.074959848941826321 0.0088828384250912995 0.033121159524464087 -0.0021647983766584708 -0.048944569090477744 -0.089128250529251565 0.010217931033883425 -0.049461445275202409 0.03048072920134462 -0.10164999589884371 0.020645092580994992 -0.13129074313581579 0.10284747102878707 0.0021801923554948151 -0.072951438718594053 -0.0404750713258481 -0.13595974821974652 0.040237789353815723 -0.086455306790658729 0.03390055053343035 0.0062912549846337778 -0.00033748493687301567 -0.086754410315356134 0.024557436755299061 -0.078628822601673032 -0.50769105070908793 -0.047925071223870089 -0.82762037750921458 -0.018307624424138021
leaf_weight=97.597353228075917 11508.077770783351 37.531749302608659 2049.868765850726 681.20161506412842 1836.871670602588 138.01866134157171 16.782656881143339 774.43925276539085 250.33894805227465 142.86228285075049 10.441528748804556 249.83241050400829 8.300627664291822 10.891632379767541 143.33386348141357 96.429571712775214 56.172847152669419 50.848699537749781 111.36445549456403 35.260083691449836 35.743162711616606 981.93373024673565 44.851225926224288 99.777613264959655 267.28616331817102 37.745085192807892 1.1884566494263697 158.03739571510323 0.51245046406984229 407.90336262507844
leaf_count=124973 478643 2133 17483 12026 4294 328363 3840 11772 106140 17007 8201 4358 460 296 872 5908 906 1078 2108 205 542 18488 1199 11385 16187 6501 18 65599 14 11247
internal_value=0.000919421 0.001826 0.0073784 0.0149285 -0.0036224 -4.88594e-05 -0.00821351 -0.00539287 -0.0251763 0.0105673 0.0214813 -0.000103932 -0.0101188 -0.0241352 -0.0104948 -0.0551103 -0.0600075 -0.0858423 0.00601857 -0.0153193 0.00276809 -0.00696873 -0.0188433 -0.0636046 -0.00721244 0.011789 -0.0917092 -0.0298402 -0.0504451 -0.000928271
internal_weight=20341.4 18244.6 4605.47 2731.07 1874.4 13639.1 2131.06 1993.04 420.425 170.086 153.304 1572.62 798.177 548.345 397.28 107.321 151.065 107.022 289.958 178.594 44.0438 2096.83 706.996 145.817 561.178 305.031 100.966 256.147 158.55 1389.84
internal_count=1262246 1006635 35936 29509 6427 970699 492056 163693 135188 29048 25208 28505 16733 12375 9389 6204 2986 1984 3185 1077 1002 255611 225876 12602 213274 22688 11403 190586 65613 29735
is_linear=0
shrinkage=0.05


Tree=159
num_leaves=31
num_cat=0
split_feature=15 6 17 10 3 17 17 3 3 1 1 16 2 9 2 1 1 2 0 6 2 5 1 2 5 2 1 9 1 0
split_gain=55.0277 53.3218 73.9472 151.747 76.6205 56.5539 58.5134 87.2402 156.321 90.3933 77.8017 62.8752 55.8864 54.2207 53.7843 54.1287 102.68 129.426 88.2907 50.4842 141.86 137.597 162.116 111.225 104.095 140.312 209.542 107.886 106.946 260.385
threshold=1.0000000180025095e-35 1.0000000180025095e-35 0.94665718349928885 0.66885964912280715 0.9948453608247424 0.67890835579514841 0.87026647966339421 0.86706827309236967 0.75123762376237635 0.88991725805293187 0.7500426742532007 1.0000000180025095e-35 0.73214285714285732 0.97368421052631582 0.38750000000000007 0.87981496997626041 0.92986483891215366 0.61250000000000016 0.65261756876663723 0.75000000000000011 0.63068181818181823 0.81666666666666676 0.92251711734850694 0.40833333333333338 0.69047619047619058 0.88194444444444453 0.87206432300535197 0.39009661835748799 0.9368501714055254 0.63714733542319768
decision_type=2 2 2 2 2 2 2 2 2 2 2 2 2 2 2 2 2 2 2 2 2 2 2 2 2 2 2 2 2 2
left_child=-1 5 19 -4 -5 13 14 8 9 -8 -10 12 -11 -2 -7 -16 17 18 -17 20 21 -3 23 -23 -21 26 -26 -27 29 -28
right_child=1 2 3 4 -6 6 7 -9 10 11 -12 -13 -14 -15 15 16 -18 -19 -20 24 -22 22 -24 -25 25 27 28 -29 -30 -31
leaf_value=-0.056800262785356416 -0.051854821011823288 -0.001463644282003636 0.0028088606618657339 0.015327793999929742 0.046018989373582661 -0.065418724050345475 -0.062662946373164136 0.0025503247853709715 0.03669968234114062 -0.065924896707824365 -0.067094373706329327 0.050020145624129722 0.072167393496834945 0.038414376495884382 0.03837109756659119 -0.084613490983639433 0.0082534013561859822 -0.083271948386473837 0.017790629570403043 0.006164336440675244 0.0096835990618397341 0.035091506849797165 0.025776987510133933 -0.078131977589593102 0.015219203527950224 -0.0012259583674548331 -0.0023520031659098189 0.042605615678079779 -0.011427901280701223 -0.05663074251912073
leaf_weight=41.268754604367132 111.44229380406978 3558.7468705949395 3638.8436756509836 607.06692916114116 305.79023664316628 28.614391849278036 36.732239390548784 351.64765906824687 19.749801427868078 26.697876622467447 210.32354826849769 86.38355788255285 10.097828073248818 19.553943961858749 104.19269504986369 25.972014412436693 868.43359030797001 75.161069369183679 111.03167160835437 1939.8162138945918 3728.8322588140218 24.984651963648503 70.133744455153646 164.51303746443591 432.23827144741517 1670.9357770633651 362.52468021999812 153.26531332160812 927.48354881614796 565.78811612969366
leaf_count=63523 63906 409056 137441 3853 8312 54536 45289 6016 570 5991 17567 3110 29 17 7465 4337 14575 7646 4416 234036 64797 1392 1323 11771 11950 35042 6775 3096 15670 18739
internal_value=0.0008774 0.00099502 0.0018651 0.00738145 0.0256088 -0.00657572 -0.00444468 -0.0155091 -0.0317932 0.00617746 -0.0581846 0.0267058 -0.0280283 -0.0383802 0.00231788 0.00395382 0.000635262 -0.0305473 -0.00162229 1.87694e-05 0.00274679 -0.00402733 -0.0391676 -0.0632038 -0.00338321 -0.00788697 -0.0161337 0.00245667 -0.0234362 -0.0354338
internal_weight=20278.3 20237 18151 4551.7 912.857 2086.03 1955.04 741.633 389.985 159.912 230.073 123.179 36.7957 130.996 1213.41 1184.79 1080.6 212.165 137.004 13599.3 7547.21 3818.38 259.631 189.498 6052.05 4112.24 2288.03 1824.2 1855.8 928.313
internal_count=1262246 1198723 963253 149606 12165 235470 171547 78572 72556 54419 18137 9130 6020 63923 92975 38439 30974 16399 8753 813647 488339 423542 14486 13163 325308 91272 53134 38138 41184 25514
is_linear=0
shrinkage=0.05


Tree=160
num_leaves=31
num_cat=0
split_feature=9 3 6 5 9 17 15 10 11 17 17 4 14 5 10 5 3 3 17 5 3 0 0 10 5 4 17 6 17 8
split_gain=52.109 57.2876 69.3203 54.7863 77.8864 62.9146 51.0474 48.3679 54.449 46.5702 48.3571 43.0762 126.539 89.2262 121.223 83.5757 120.65 71.3059 123.212 82.3221 83.6276 169.293 73.1436 68.811 67.1059 63.6237 62.4519 60.1183 106.586 73.3124
threshold=0.75500000000000012 0.9948453608247424 0.75000000000000011 0.89898989898989912 0.97368421052631582 0.71563342318059309 1.0000000180025095e-35 0.96785673286649077 1.0000000180025095e-35 0.81530214424951275 0.9900000000000001 0.9457002457002458 0.75000000000000011 0.89898989898989912 0.72176684881602926 0.76388888888888895 0.98058069381598789 0.84561213434452875 0.70659971305595415 0.58571428571428574 0.61311827956989251 0.48863049095607242 0.52041666666666675 0.88942052099946844 0.46428571428571436 0.95293466223698797 0.51639784946236567 0.75000000000000011 0.63003220611916277 1.0000000180025095e-35
decision_type=2 2 2 2 2 2 2 2 2 2 2 2 2 2 2 2 2 2 2 2 2 2 2 2 2 2 2 2 2 2
left_child=6 2 -2 -4 5 -5 -1 8 9 -8 -11 -10 13 14 15 16 17 19 -19 20 24 26 -20 -15 -13 -16 -22 28 -23 -30
right_child=1 -3 3 4 -6 -7 7 -9 11 10 -12 12 -14 23 25 -17 -18 18 22 -21 21 27 -24 -25 -26 -27 -28 -29 29 -31
leaf_value=-0.056581075425674143 0.017114745659453701 0.049493298789466129 -0.00067288515253639966 -0.18027842693200635 0.050104103417730521 -0.050578540844445685 -0.0074906818354191929 0.018932155172852065 -0.0031157549144083889 -0.083277962321431837 0.012739588399106827 -0.1154339506239731 0.027627892492229206 -0.0010460046884148615 -0.070086228644112264 0.029412360769840242 -0.093489067383635979 -0.093001756838745647 -0.20936513341004537 0.016234857142715511 -0.046354439520625006 -0.00043378874701044862 -0.002649625784395667 -0.021606865330458094 0.022813885910664258 0.036956468785027931 -0.12892184526131656 0.032526992591808981 -0.16841028852026529 -0.01563319900215827
leaf_weight=39.404308303994185 620.97497715021018 93.013258489314467 185.63164117006818 12.777619729284195 13.649366227909921 34.855460571940057 116.21179732225028 345.2622660252382 6139.8249984791619 52.235285150834898 17.508046828665101 9.0782428471793519 463.69760113884695 7340.8693941276797 14.403158349567091 301.16569305684607 32.782962632620183 39.347877272426558 4.2924770000681738 1338.5863407393299 102.29767614368029 247.9267079844285 1391.6134614934272 430.80681032821303 265.20494978739589 383.48485305544455 29.507718415537965 107.59555422181438 17.023604251444343 14.575543040104092
leaf_count=63523 4367 4077 1956 115 266 253 2233 1498 901716 1924 680 1110 9049 171198 100 2569 1493 3554 413 27255 4802 7289 33559 1726 6957 1697 2091 2232 82 2462
internal_value=0.00083755 0.0122009 0.00820421 -0.0142053 -0.0551965 -0.0853707 0.000270169 0.000386814 4.73123e-05 -0.0268748 -0.0591742 0.000315401 0.00199613 0.00101147 0.00679152 0.00411003 0.00199321 0.00287074 -0.00574489 0.00867129 -0.00409264 -0.0158958 -0.00328529 -0.00218575 0.0182382 0.0330816 -0.0648391 0.000768233 -0.0114564 -0.0979397
internal_weight=20205.6 960.902 867.889 246.914 61.2824 47.6331 19244.7 19205.3 18860 185.955 69.7433 18674.1 12534.3 12070.6 4298.89 3901 3599.83 3567.05 1435.25 2131.8 793.21 518.927 1395.91 7771.68 274.283 397.888 131.805 387.121 279.526 31.5991
internal_count=1262246 11034 6957 2590 634 368 1251212 1187689 1186191 4837 2604 1181354 279638 270589 97665 95868 93299 91806 37526 54280 27025 18958 33972 172924 8067 1797 6893 12065 9833 2544
is_linear=0
shrinkage=0.05


Tree=161
num_leaves=31
num_cat=0
split_feature=6 17 9 3 6 5 1 4 10 3 3 10 1 10 1 5 1 1 17 4 17 4 4 1 17 18 9 4 18 4
split_gain=49.8006 69.229 127.763 93.302 62.8298 127.458 149.259 136.881 114.364 100.604 91.9302 90.526 87.8037 97.7584 89.3642 83.7023 79.4939 104.863 87.4685 72.6029 162.25 124.333 187.409 102.562 99.3715 93.8226 81.6058 80.6247 70.9743 66.8456
threshold=1.0000000180025095e-35 0.87939393939393951 0.45643939393939398 0.9948453608247424 0.75000000000000011 0.69047619047619058 0.87206432300535197 0.963409192324855 0.88942052099946844 0.84561213434452875 0.7590571802706243 0.85254529767040566 0.96605158730158747 0.96785673286649077 0.89500508750508756 0.89898989898989912 0.87981496997626041 0.85519679624538958 0.86425061425061445 0.96590468810538554 0.66939890710382521 0.80229885057471273 0.7927781392322707 0.62626725126725147 0.36626016260162603 0.87815482502651132 0.17519181585677754 0.88273491214667699 0.99629629629629635 0.890227576974565
decision_type=2 2 2 2 2 2 2 2 2 2 2 2 2 2 2 2 2 2 2 2 2 2 2 2 2 2 2 2 2 2
left_child=-1 4 -3 -4 10 16 9 8 -8 -7 19 28 13 14 -13 -16 17 -6 -18 20 23 22 -22 24 -2 -26 -21 -25 -9 -23
right_child=1 2 3 -5 5 6 7 11 -10 -11 -12 12 -14 -15 15 -17 18 -19 -20 26 21 29 -24 27 25 -27 -28 -29 -30 -31
leaf_value=-0.0065576025900906006 0.023073698209453482 0.0025383590687060738 0.013268779475341073 0.04783633700403795 -0.0016952641013687323 -0.033967740763113902 -0.079927070120489371 -0.0090121577369364613 0.0015117925628106948 0.031071859509832669 0.0087386505536688735 0.018407285840185215 0.025705537093337862 0.0075618791332415216 0.040389729315773594 -0.070659223866012352 0.016764383665378576 -0.074774789662688329 -0.099886202498889742 -0.0046435240944925306 -0.028039848209753766 -0.07408044837494368 0.050763558730418039 0.0283414957422852 -0.079859624218986194 -0.0098869405147956439 0.015798901248870036 -0.069124741679868304 0.059937350468246997 -0.014486074336416122
leaf_weight=2064.1876410678924 107.63453215373193 5888.2464365380911 901.14295224065427 249.18482858937932 517.30262908573604 74.291955274351494 141.63695223830291 1869.1249718796025 61.970261634793133 297.74808796510115 3000.4454367363469 37.993351988494396 56.751144870533608 82.799621433485299 18.160617915913463 258.5408113815356 965.84012738287493 54.233691680728953 16.341974607079464 1342.9542526698824 425.96523097444515 172.30789362150608 91.686057033541147 366.81315600869857 76.979726202720485 126.84295028057386 767.03572908678325 22.520436505728867 38.083675448386202 64.731967017854913
leaf_count=255611 16105 263897 5594 8922 174492 5603 9076 42543 165 4425 53919 72 938 306 106 1350 24002 7267 1418 56735 151899 10352 1859 48891 71100 36790 3187 2035 1043 2544
internal_value=0.000800331 0.00163967 0.00551584 0.0207568 -0.000827843 -0.00538532 -0.0115119 -0.0158046 -0.0551402 0.0180842 0.00228929 -0.012413 -0.0324725 -0.0407787 -0.0534977 -0.0633708 0.00619617 -0.00862986 0.0148235 -0.00313804 -0.0117287 -0.0278154 -0.0140822 0.00559536 -0.0157907 -0.0363142 0.00278782 0.0227037 -0.00763535 -0.0578061
internal_weight=20159.5 18095.3 7038.57 1150.33 11056.7 4490.82 2937.1 2565.06 203.607 372.04 6565.92 2361.45 454.246 397.494 314.695 276.701 1553.72 571.536 982.182 3565.47 1455.48 754.691 517.651 700.791 311.457 203.823 2109.99 389.334 1907.21 237.04
internal_count=1262246 1006635 278413 14516 728222 272806 65627 55599 9241 10028 455416 46358 2772 1834 1528 1456 207179 181759 25420 401497 341575 166654 153758 174921 123995 107890 59922 50926 43586 12896
is_linear=0
shrinkage=0.05


Tree=162
num_leaves=31
num_cat=0
split_feature=15 6 12 14 3 10 18 10 9 8 4 4 8 9 8 9 8 18 6 2 2 8 9 18 18 9 9 18 8 3
split_gain=49.1263 45.4898 63.0655 130.496 101.766 70.9357 68.1656 91.3977 79.2832 140.894 72.3687 132.077 69.4676 98.3291 135.685 92.7556 68.3941 65.0966 64.4565 101.844 97.8923 68.7824 61.8745 89.2126 67.3613 60.5184 101.276 103.395 75.5709 59.1306
threshold=1.0000000180025095e-35 1.0000000180025095e-35 1.0000000180025095e-35 1.0000000180025095e-35 0.917156862745098 0.56476034858387814 0.8006849315068495 0.44399641577060939 0.17519181585677754 0.37850957753870385 0.79784946236559151 0.27072835547411828 0.1952172256097561 0.069366479550922219 0.15405073649754505 0.10435571687840291 0.18770973154362416 0.4232172936552499 0.75000000000000011 0.73214285714285732 0.61250000000000016 0.73363914373088701 0.11882352941176472 0.60075187969924826 0.36236747398113028 0.43167701863354041 0.1012820512820513 0.87548449612403112 0.1464191393506292 0.10933997509339978
decision_type=2 2 2 2 2 2 2 2 2 2 2 2 2 2 2 2 2 2 2 2 2 2 2 2 2 2 2 2 2 2
left_child=-1 -2 6 5 18 -4 8 -8 12 -10 11 29 13 14 -3 -14 -15 -18 20 -20 -5 -21 24 -24 -17 26 27 -12 -28 -9
right_child=1 2 3 4 -6 -7 7 10 9 -11 25 -13 15 16 -16 22 17 -19 19 21 -22 -23 23 -25 -26 -27 28 -29 -30 -31
leaf_value=-0.056411883592437574 -0.006158132319243218 0.0010062447325367328 -0.071912370797457145 0.0055410075062167462 0.03355916373772181 -0.0019825163640327316 -0.04862696143607443 -0.063747234409888873 0.025600310893971263 -0.011189054922862473 0.070022633424058608 -0.047232028774844635 -0.037169482544827832 0.016902684755332516 -0.056606209092605358 -0.11141067787914448 0.029046632104762216 0.13176240012136659 0.0072078373119834494 -0.004492423485419764 0.034111742191265129 -0.067157780797423766 0.0007427343304845849 -0.073340123284956177 0.040615305418214308 0.0086064861898639666 0.027816785588524212 -0.056547942860270234 -0.024949476153705866 0.022075970382702929
leaf_weight=37.498596756060579 2064.8041159158711 9211.8339921179431 37.003016811198904 816.5867503159534 527.96829794901714 1816.6113206844311 131.93255275385309 23.304954995575827 804.77432539599249 384.62913112016395 66.037334328371799 248.77476321455106 284.23667961460978 165.99144002118919 103.34409737510214 7.8013418350892598 32.02015669948014 29.762230164520588 658.26122907195531 87.951154798240168 473.74530955043156 87.206997034838423 223.70413230136182 49.658851796294584 110.39642270192417 824.39275299978908 77.500916584169318 21.352345028019045 545.19013941763114 144.57628637697417
leaf_count=63523 235470 38803 2125 7973 11513 4294 325026 2681 13500 11064 5247 106081 266676 16443 52920 163 256 3001 5331 398 3651 642 4838 12084 18925 6058 465 9465 7263 26367
internal_value=0.000764135 0.000871008 0.00167748 0.00679941 0.013914 -0.0033785 -3.29617e-05 -0.00835028 0.00148573 0.0137034 -0.00562683 -0.0241065 6.36703e-05 0.00116073 0.000367083 -0.0154279 0.0336181 0.0785276 0.00903019 -0.00180834 0.0160308 -0.035692 0.000354474 -0.0127151 0.0305812 -0.000609056 -0.0113082 0.039097 -0.0183821 0.0101622
internal_weight=20098.9 20061.4 17996.5 4505.33 2651.72 1853.61 13491.2 2083.06 11408.2 1189.4 1951.13 416.656 10218.7 9542.95 9315.18 675.797 227.774 61.7824 2123.75 833.419 1290.33 175.158 391.561 273.363 118.198 1534.47 710.081 87.3897 622.691 167.881
internal_count=1262246 1198723 963253 35927 29508 6419 927326 488653 438673 24564 163627 135129 414109 111423 91723 302686 19700 3257 17995 6371 11624 1040 36010 16922 19088 28498 22440 14712 7728 29048
is_linear=0
shrinkage=0.05


Tree=163
num_leaves=31
num_cat=0
split_feature=15 9 1 6 10 11 18 11 11 17 1 11 17 17 0 17 0 5 14 3 1 17 1 18 3 3 5 0 3 17
split_gain=46.4917 43.8878 65.0338 55.1075 42.0848 48.1976 42.9503 77.543 60.3069 41.2266 42.0294 38.665 45.8884 46.5997 38.7026 38.0397 79.5117 133.263 108.898 97.4806 160.662 118.099 126.2 90.3031 76.6916 103.054 75.9138 80.8668 139.66 75.2126
threshold=1.0000000180025095e-35 0.75500000000000012 0.94286796536796547 0.75000000000000011 0.96785673286649077 1.0000000180025095e-35 0.98518437225636535 1.0000000180025095e-35 1.0000000180025095e-35 0.81530214424951275 0.84781674208144808 0.75000000000000011 0.77167919799498763 0.50409836065573776 0.21913109756097562 0.83935483870967753 0.6436507936507937 0.73214285714285732 0.75000000000000011 0.63211600429645554 0.92369096039537857 0.86240703177822864 0.88991725805293187 0.91440781440781449 0.75123762376237635 0.74862637362637374 0.18333333333333338 0.7158385093167704 0.86706827309236967 0.90098039215686287
decision_type=2 2 2 2 2 2 2 2 2 2 2 2 2 2 2 2 2 2 2 2 2 2 2 2 2 2 2 2 2 2
left_child=-1 4 3 -3 5 9 7 -6 -8 -2 -11 12 13 14 -5 -7 17 23 19 -18 21 22 -21 -17 25 29 -26 -28 -29 -23
right_child=1 2 -4 11 6 15 8 -9 -10 10 -12 -13 -14 -15 -16 16 18 -19 -20 20 -22 24 -24 -25 26 -27 27 28 -30 -31
leaf_value=-0.056197699321294051 -0.0069020865996727507 0.013155704507726679 0.037290561547363564 -0.088095450844847267 -0.17236706807461299 -0.0020031200136649066 0.038915282295674071 0.02940690883970596 -0.064947081602073561 0.041288769242146313 -0.070783166100195791 0.023069089364315135 -0.0041383085881806121 -0.087525183551133812 0.038278282317319251 0.004943607000282335 0.037149902889120012 0.028120377714856488 0.02937398176071155 0.050838309216874579 0.0012098067776460939 -0.091204570360535267 -0.034412057079025574 -0.046713440504238132 0.052662094439905438 0.06356699108624346 -0.017460744680504858 -0.10074287230049182 -0.031561572992844573 -0.010283677592553019
leaf_weight=35.802301127827377 115.2991131513736 536.8362881867215 192.61286128807114 9.2228359729051608 4.8455539110582313 9317.1729292581276 24.006308289244771 274.80209027591627 33.451321146334521 9.6961493774615501 60.965350229700562 46.358255123195704 87.143280580232386 47.292739293770865 17.658430732786655 761.45061104035267 165.09027510173109 744.93240917985167 311.02303558837411 105.0176193360785 6202.1675634054409 33.310699945803208 74.002338979131309 95.177394733127585 20.405003175124875 41.820913400930294 161.89676119292199 128.19311483945785 169.29060248797032 208.13490073291177
leaf_count=63523 2233 2905 6526 30 34 749522 28 1212 224 563 2041 218 804 487 64 179067 4393 10095 7377 2518 129367 2936 3109 55358 289 866 8060 12027 7204 9166
internal_value=0.000728737 0.000830645 0.0113945 0.00469491 0.00031131 -3.91267e-06 0.0178209 0.0259107 -0.0215525 -0.0253322 -0.0554047 -0.017176 -0.0287414 -0.0576464 -0.00507995 0.000250148 0.00252669 0.0126539 0.000398263 -0.000834698 -0.00171245 -0.0209513 0.015598 -0.000795854 -0.0295261 -0.00889639 -0.0417059 -0.0458976 -0.0613735 -0.0214478
internal_weight=20035.1 19999.3 937.125 744.512 19062.2 18725 337.105 279.648 57.4576 185.961 70.6615 207.676 161.317 74.174 26.8813 18539.1 9221.91 1601.56 7620.35 7309.33 7144.24 942.072 179.02 856.628 763.052 283.267 479.785 459.38 297.484 241.446
internal_count=1262246 1198723 11034 4508 1187689 1186191 1498 1246 252 4837 2604 1603 1385 581 94 1181354 431832 244520 187312 179935 175542 46175 5627 234425 40548 12968 27580 27291 19231 12102
is_linear=0
shrinkage=0.05


Tree=164
num_leaves=31
num_cat=0
split_feature=15 16 9 18 10 8 2 4 10 10 8 10 9 2 4 10 0 14 18 8 18 10 9 18 18 18 10 18 18 10
split_gain=44.0035 42.6539 88.1407 53.2689 42.863 57.2421 51.1643 43.9488 41.9901 38.9528 59.3764 88.6811 76.9835 82.4823 71.0764 58.7673 73.4377 64.6775 56.8677 48.4795 48.2069 52.5834 71.5748 77.8983 62.537 68.1332 58.8411 46.0902 44.5614 59.0577
threshold=1.0000000180025095e-35 1.0000000180025095e-35 0.61721611721611735 0.82512135922330099 0.96785673286649077 0.93364779874213844 0.52272727272727282 0.86706827309236967 0.94761785981541546 0.93112570698777597 0.73363914373088701 0.87103942652329758 0.24500000000000002 0.88194444444444453 0.9948453608247424 0.85254529767040566 0.6195238095238097 1.0000000180025095e-35 0.90810462115880852 0.76705426356589157 0.75688305127557476 0.44399641577060939 0.1012820512820513 0.87548449612403112 0.93120351588911443 0.98048734056729503 0.61985915492957766 0.99629629629629635 0.86476325950010169 0.44486373165618454
decision_type=2 2 2 2 2 2 2 2 2 2 2 2 2 2 2 2 2 2 2 2 2 2 2 2 2 2 2 2 2 2
left_child=-1 4 9 -4 5 -2 -6 -7 -9 10 12 14 20 15 -12 -14 18 -18 -17 -16 -3 -22 23 28 26 -26 -24 -13 29 -23
right_child=1 2 3 -5 6 7 -8 8 -10 -11 11 27 13 -15 19 16 17 -19 -20 -21 21 22 24 -25 25 -27 -28 -29 -30 -31
leaf_value=-0.05598717960665494 -0.001819225175863597 0.0012816270246849791 0.047017551695048648 0.013145354373926577 -0.003851012231223588 -0.085389398012366668 0.022988398098487611 -0.065911386000259933 -0.0043854639636853642 0.031607381313632193 -0.067461702843523597 0.0072222728589617204 0.011374438984701619 0.04198068312385924 0.0076508425383199387 -0.059503264467522125 -0.083748106556630467 -0.0021084124307545848 0.037310743230787376 -0.047943310888131495 -0.048827793162415617 0.097291749225514576 -0.05719933686202653 -0.056792785429466176 0.019711167043668102 -0.090056773249538702 -0.0012146036456765531 -0.1082856177926473 0.085578875790573328 -0.053753945426776466
leaf_weight=34.181041627285595 9287.0535197338268 6046.3918891834473 145.36415981594473 576.01264945184812 335.5463022372569 30.057928280439228 377.14902158529731 36.533016188652255 115.10421456187032 108.37513836962171 104.04976537177572 306.79118246131111 1412.3843353929115 199.83574567118194 98.017200817004777 19.669172149151564 55.517850120551884 43.088740598177537 66.281675308942795 65.364163697347976 92.020474960503634 10.573687225714822 123.3352652142712 19.590612235342633 126.79616188829459 15.910592187825385 75.764284927863628 8.886404359713195 45.84450613467925 16.680287291834247
leaf_count=63523 927032 126315 1091 6070 1570 155 5114 219 405 314 569 1259 4845 2389 459 98 252 299 88 503 99327 415 4058 7511 1400 474 232 63 765 5432
internal_value=0.000695414 0.000792462 0.00315025 0.0199709 -0.00147295 -0.00236299 0.0103521 -0.0301569 -0.0192085 0.00181112 0.00145043 -0.0139764 0.00252521 0.0116968 -0.0351613 0.00790721 -0.0186269 -0.0480735 0.0151556 -0.0145908 1.80444e-05 -0.0144927 -0.00722092 0.0317493 -0.0177887 0.00747297 -0.0358952 0.0039707 0.0554789 0.00484705
internal_weight=19998.2 19964 9782.55 721.377 10181.4 9468.75 712.695 181.695 151.637 9061.17 8952.79 583.109 8369.69 1796.78 267.431 1596.94 184.557 98.6066 85.9508 163.381 6572.91 526.516 434.495 92.6891 341.806 142.707 199.1 315.678 73.0985 27.254
internal_count=1262246 1198723 264228 7161 934495 927811 6684 779 624 257067 256753 2853 253900 7971 1531 5582 737 551 186 962 245929 119614 20287 14123 6164 1874 4290 1322 6612 5847
is_linear=0
shrinkage=0.05


Tree=165
num_leaves=31
num_cat=0
split_feature=15 17 10 6 3 4 4 2 13 4 5 9 17 17 4 0 4 8 12 9 8 5 3 17 17 0 17 2 17 8
split_gain=41.6525 41.4607 132.011 102.706 84.5832 68.3412 97.5982 64.046 60.1282 59.7573 134.53 309.182 105.869 99.5444 94.0735 92.9728 72.3212 57.5431 121.838 88.9658 67.8329 55.7931 65.4688 92.3333 166.026 85.5603 55.6383 54.0132 242.059 53.2075
threshold=1.0000000180025095e-35 0.97937925170068041 0.56939375506893763 1.0000000180025095e-35 0.88273491214667699 0.97979591836734703 0.84273937856689929 0.58571428571428574 1.0000000180025095e-35 0.98571136966727912 0.89898989898989912 0.31698564593301443 0.90098039215686287 0.967204301075269 0.98275349390425226 0.74772727272727291 0.8402898550724639 0.20067114093959734 1.0000000180025095e-35 0.069366479550922219 0.13900966183574878 0.76388888888888895 0.86240703177822864 0.89897959183673481 0.9240384615384617 0.76533166458072599 0.74388789505068587 0.73214285714285732 0.85857142857142865 0.40936473165388831
decision_type=2 2 2 2 2 2 2 2 2 2 2 2 2 2 2 2 2 2 2 2 2 2 2 2 2 2 2 2 2 2
left_child=-1 9 5 4 -4 6 7 8 -3 13 11 17 -12 14 29 16 -15 19 -19 20 21 22 -11 25 -25 -24 -27 28 -28 -2
right_child=1 2 3 -5 -6 -7 -8 -9 -10 10 12 -13 -14 15 -16 -17 -18 18 -20 -21 -22 -23 23 24 -26 26 27 -29 -30 -31
leaf_value=-0.055780524044250913 0.0015089223081090053 -0.077594932947048292 -0.091275110550539981 0.031836397340047999 0.024316430104699482 -0.0054882147458488045 0.018702329070284743 0.032718378457785982 0.068891030452675889 0.0070024992695068306 -0.0052776056687423092 0.042036892611504249 0.010363440029654883 -0.057978385138219783 -0.14163327858326116 -0.06416995656960324 0.013722865719569446 -0.02829777094145737 0.025966309611530916 0.041336779170884047 -0.056007984083732733 0.034452342786631618 -0.082943540480436673 -0.42788933207337032 -0.04525547027653172 -0.13542195914013744 -0.011063213150421769 0.017187315163581282 -0.37301878653864162 -0.0079244188660182735
leaf_weight=32.631443634112657 3654.6384095397352 60.556605493087773 32.525039919983101 614.20025631332828 30.824695476097986 1575.5618778852422 713.40643723373068 25.099069548963598 7.9216909408569327 1822.6404396800317 5320.570487047873 618.92655323783401 1358.0053743435092 50.173596804088447 12.146693535240045 129.05022680751426 117.59404179935518 350.24831093314788 146.7979916260374 169.36264105582813 46.423411507428682 150.7713905096316 36.780217489689676 3.6787437725288354 12.360171374617492 7.710619924539059 129.97589747166785 196.17186403946835 4.7892370033077887 2529.3230838193103
leaf_count=63523 803414 35182 548 9485 233 46602 13334 474 1 6981 109742 6146 26184 10798 635 5068 1645 45818 1322 1897 24753 259 330 123 85 78 865 470 120 46131
internal_value=0.000663375 0.000755799 0.00611031 0.0255844 -0.0350306 0.00057224 0.0124047 -0.0356064 -0.0606492 -0.000215577 0.00213868 0.00979147 -0.00209719 -0.0039775 -0.00262249 -0.0322636 -0.00772054 0.00330692 -0.0122714 0.00630737 0.00384701 0.00502198 0.0030179 -0.0155341 -0.133018 -0.010515 -0.00264861 0.000444922 -0.0239263 -0.00234944
internal_weight=19960.9 19928.2 3060.1 677.55 63.3497 2382.55 806.984 93.5774 68.4783 16868.1 10375.2 3696.64 6678.58 6492.93 6196.11 296.818 167.768 3077.71 497.046 2580.66 2411.3 2364.88 2214.11 391.467 16.0389 375.428 338.648 330.937 134.765 6183.96
internal_count=1262246 1198723 105859 10266 781 95593 48991 35657 35183 1092864 225173 89247 135926 867691 850180 17511 12443 83101 47140 35961 34064 9311 9052 2071 208 1863 1533 1455 985 849545
is_linear=0
shrinkage=0.05


Tree=166
num_leaves=31
num_cat=0
split_feature=6 17 8 5 0 3 0 17 17 3 3 3 17 1 2 4 5 0 0 8 3 1 1 17 3 2 18 18 3 8
split_gain=40.8637 56.8843 90.7445 75.4048 53.4483 74.9796 71.8779 102.303 68.7291 185.285 105.063 50.7449 47.876 69.7328 258.711 78.8402 91.302 67.8779 63.1628 47.8221 47.0039 46.3437 43.8521 65.2658 42.3107 41.8273 40.8469 49.3094 40.6087 38.9173
threshold=1.0000000180025095e-35 0.94665718349928885 0.44843699645504359 0.64583333333333337 0.65058139534883741 0.84561213434452875 0.68042553191489363 0.69006568144499192 0.93142633228840133 0.90038167938931302 0.63211600429645554 0.62889245585874809 0.9294019933554819 0.9368501714055254 0.61250000000000016 0.90070422535211281 0.64583333333333337 0.84045454545454557 0.96190130624092907 0.84234892787524374 0.79337712096332802 0.81916013584117042 0.95295157850938794 0.90399385560675893 0.88273491214667699 0.52272727272727282 0.91440781440781449 0.87189743589743596 0.121830550401979 0.21450482033304122
decision_type=2 2 2 2 2 2 2 2 2 2 2 2 2 2 2 2 2 2 2 2 2 2 2 2 2 2 2 2 2 2
left_child=4 -2 -3 28 5 26 20 -8 12 10 11 -10 13 14 15 16 29 22 -19 -16 -6 -7 23 24 -15 -17 27 -1 -4 -9
right_child=1 2 3 -5 6 21 7 8 9 -11 -12 -13 -14 17 19 25 -18 18 -20 -21 -22 -23 -24 -25 -26 -27 -28 -29 -30 -31
leaf_value=-0.045224768164576462 -0.00021915057930167546 0.0029074243224201093 0.037881985536527843 0.029231629457462768 0.044192932819034081 0.050267987609889188 -0.080616338912054442 -0.06170626708278143 -0.065994795358306213 0.011587084928288005 -0.065220387067448773 0.14864552590529315 0.075058324135255358 0.0072066390943773401 -0.091222432964418732 -0.098768094679122981 -0.067267993250392705 -0.13504007862067699 0.014184386673299455 -0.32846095941392905 -0.0038758041204187254 -0.038811839700207212 0.032617382422270684 -0.11883217065181194 -0.16718000655394852 0.072353742911390323 -0.083372284615426645 0.016025909881129036 -0.020473793258574249 0.042339733292087955
leaf_weight=127.74400895077451 13423.965253909955 3618.7455543238975 38.107024550728966 644.77709353050159 124.71404792076828 43.731214663057472 45.244331217632862 10.741304686216607 3.9859490490343861 205.43472051472781 189.45672794845814 8.906947222436429 22.068536693819624 624.86108877352672 75.990931270556757 3.8327986736476296 44.684723503309215 15.807211381565141 12.860547568947366 2.1853022980503729 85.875617568181042 21.918699760608433 171.76305915306148 10.607241035446348 3.4977438770656581 52.278278820438572 44.173942164256914 44.237258517178816 136.95480891370971 55.038890787549462
leaf_count=133199 853055 141121 46 10254 6521 601 5877 1725 519 2658 15085 31 229 10257 8362 454 3936 840 174 19 2529 809 1700 616 129 365 37410 19489 2159 2077
internal_value=0.000635715 0.00140332 0.00631028 0.0213304 -0.00604739 -0.0262719 -0.00282711 -0.00653018 -0.0043162 -0.0218624 -0.0558218 0.0822876 0.00215183 0.000667776 -0.0228158 0.0124006 -0.0121154 0.00751514 -0.068097 -0.0978541 0.0245912 0.0205267 0.0101888 0.00415971 0.00623592 0.0606649 -0.0404854 -0.0294698 -0.00777105 0.02535
internal_weight=19914.2 17862.5 4438.58 819.839 2051.64 281.805 1769.84 1559.25 1514 407.784 202.35 12.8929 1106.22 1084.15 244.752 166.576 110.465 839.397 28.6678 78.1762 210.59 65.6499 810.729 638.966 628.359 56.1111 216.155 171.981 175.062 65.7802
internal_count=1262246 1006635 153580 12459 255611 191508 64103 55053 49176 18293 15635 550 30883 30654 16938 8557 7738 13716 1014 8381 9050 1410 12702 11002 10386 819 190098 152688 2205 3802
is_linear=0
shrinkage=0.05


Tree=167
num_leaves=31
num_cat=0
split_feature=9 2 18 10 9 10 10 8 2 8 18 4 5 6 1 2 0 1 6 18 18 9 10 16 10 8 1 6 2 9
split_gain=39.7437 238.139 93.6268 89.4021 79.5844 75.5814 71.0501 68.2876 63.6632 79.7922 62.8446 61.7529 300.673 64.1437 61.9837 64.5499 168.657 59.0945 58.8431 53.9039 53.803 61.4622 71.3567 53.3374 52.0845 50.346 49.2236 75.3427 162.886 155.861
threshold=0.3585714285714286 0.88194444444444453 0.60889328063241122 0.47641299510458396 0.18350168350168353 0.58853389071364604 0.56939375506893763 0.21575680631965019 0.81666666666666676 0.53589837997054501 0.98518437225636535 0.95293466223698797 0.89898989898989912 1.0000000180025095e-35 0.96367208672086735 0.61250000000000016 0.72456896551724148 0.90933082402414711 0.75000000000000011 0.98393548387096785 0.66781609195402314 0.089572192513368995 0.41189093663216364 1.0000000180025095e-35 0.48107236684977317 0.46410162002945515 0.85982326760315386 0.75000000000000011 0.61250000000000016 0.71714285714285719
decision_type=2 2 2 2 2 2 2 2 2 2 2 2 2 2 2 2 2 2 2 2 2 2 2 2 2 2 2 2 2 2
left_child=2 5 4 20 -1 -2 -6 24 11 10 18 14 -13 -14 15 -7 -17 -18 -10 -9 21 -4 -23 -8 -5 -22 -15 28 -28 -29
right_child=1 -3 3 7 6 8 23 19 9 -11 -12 12 13 26 -16 16 17 -19 -20 -21 25 22 -24 -25 -26 -27 27 29 -30 -31
leaf_value=-8.7469906075158979e-05 0.037799561726624152 0.042521285682308223 -0.056402825253245914 0.084802861045608025 0.025756958931303576 -0.0033716384165898201 -0.079063897851316581 -0.0079653709693958789 0.02482415254669916 -0.072290713901196013 0.10826140444914367 0.036612604509814614 -0.10094354894370008 0.02621666113339843 0.031782475598503605 0.015630605548816571 -0.26810146874541413 -0.079931762469504439 -0.11693742189853795 -0.065575093408394278 -0.045630386672879192 0.060882900992591409 -0.057347610998861515 0.0014238911723900916 0.010802968635694172 0.051196757198854206 -0.066550096197867351 -0.010427858207695951 0.011159101984555421 -0.096398300320554325
leaf_weight=11318.822271405717 139.10089701815741 376.83584490371868 31.105511111360556 26.622986376529298 526.23417446933308 2584.0045532682125 27.169878919037728 1403.6196817684727 21.847285324707627 65.584084124071524 12.708879381418226 636.14415559743065 16.78903005796019 135.09651602734812 118.15732670773286 74.291105393087491 4.4428702853620043 68.543040063465014 11.008673664182423 41.81354460861894 302.94810423495801 47.443816622859231 17.457904117143698 84.904398224316537 222.5659023648841 14.047382318700327 73.719377679168247 621.73835302540101 790.89417724194936 57.605218547047116
leaf_count=234753 1442 11654 65804 1865 3314 9621 320 119816 55 466 8 7587 88 524 1349 282 44 395 66 6937 749969 8669 9682 255 20574 1526 267 1795 2676 443
internal_value=0.000605428 0.00408482 -0.000831502 -0.0105482 0.000881221 0.00141819 0.0180586 -0.00546446 0.000462008 -0.0369794 0.0138461 0.00126518 0.00729898 -0.00369714 -0.00367289 -0.00520672 -0.0374036 -0.0913862 -0.0226743 -0.00963191 -0.0314079 0.00138437 0.0290801 -0.0180886 0.018709 -0.0413396 -0.00272477 -0.00525715 0.0045334 -0.0177178
internal_weight=19873.3 5808.51 14064.8 2107.62 11957.1 5431.68 638.308 1694.62 5292.57 111.149 45.5648 5181.43 2331.99 1695.84 2849.44 2731.28 147.277 72.9859 32.856 1445.43 413.003 96.0072 64.9017 112.074 249.189 316.995 1679.05 1543.96 864.614 679.344
internal_count=1262246 38762 1223484 984842 238642 27108 3889 149192 25666 595 129 25071 13380 5793 11691 10342 721 439 121 126753 835650 84155 18351 575 22439 751495 5705 5181 2943 2238
is_linear=0
shrinkage=0.05


Tree=168
num_leaves=31
num_cat=0
split_feature=15 6 17 14 0 1 17 6 5 1 10 18 5 4 1 0 17 17 8 5 4 10 17 3 0 5 3 17 3 3
split_gain=39.2185 38.3424 50.8207 81.6584 80.9471 182.285 115.81 78.5161 119.823 97.451 83.7037 85.874 76.9856 86.3517 70.346 67.8378 102.842 182.302 85.4556 57.823 154.776 235.865 70.9448 110.322 137.994 191.856 106.863 89.8149 78.2213 74.8743
threshold=1.0000000180025095e-35 1.0000000180025095e-35 0.88603896103896107 0.75000000000000011 0.6436507936507937 0.89999092558983673 0.91240409207161133 0.75000000000000011 0.69047619047619058 0.93055754822254111 0.72176684881602926 0.81272482014388503 0.64583333333333337 0.22378716744913932 0.61025180959391501 0.75235849056603787 0.92637759710930456 0.97332859174964448 0.5885620915032681 0.81666666666666676 0.9948453608247424 0.61985915492957766 0.64365079365079381 0.75490951097420111 0.61326979472140775 0.69047619047619058 0.68042553191489374 0.58102025506376609 0.79830508474576278 0.77836257309941537
decision_type=2 2 2 2 2 2 2 2 2 2 2 2 2 2 2 2 2 2 2 2 2 2 2 2 2 2 2 2 2 2
left_child=-1 -2 19 4 -4 6 -6 8 9 -7 11 -9 13 -5 -15 -10 18 -18 -17 20 22 -22 26 -24 -25 -26 27 -3 -28 -27
right_child=1 2 3 12 5 7 -8 10 15 -11 -12 -13 -14 14 -16 16 17 -19 -20 -21 21 -23 23 24 25 29 28 -29 -30 -31
leaf_value=-0.055609868123266862 -0.0058592196809182659 0.0071467489500364112 0.017761337370769292 0.033732933631640635 0.0055997896906632896 -0.10002238540466919 -0.067119194731714335 0.0050182034177589895 0.016201107580086183 -0.02214056912808731 0.026728658759006881 -0.027415627194158711 0.038740625620125396 -0.07096576139056264 6.0657832836762566e-05 0.019719496431918414 -0.15107391688183658 -0.0074632618316518365 -0.073929359067236272 -0.0045914576516892644 0.0048138600566187805 0.044112047521973091 -0.018706302575751638 0.045465006243449235 0.013224696038549167 -0.098473825341181195 0.047871332104773734 -0.035333452229972424 -0.089407549447337142 -0.023155063464263281
leaf_weight=31.005419997254648 2020.2156832201908 663.15590171957592 808.41341271816054 139.70768254374707 84.135813990742463 59.058015016998979 156.7640792966813 3514.930526697437 289.71395345718338 125.55809073849377 418.0330068624462 216.66185937657065 328.54760098276893 47.369241217496892 132.02005096032372 145.82895650524006 35.068427465215791 59.748973755136831 29.245152178686112 5068.2427649982783 2054.1265253631209 468.99554389179684 1299.9053362146587 159.78076334040088 649.54619801816443 35.798684070119634 185.94904886774748 153.16544556385634 10.989938619793973 421.51800535659277
leaf_count=63523 235470 160938 43355 8889 3176 4052 12236 45847 3158 3231 4646 37702 9446 52992 22953 1844 1556 897 154 100424 58302 4563 284820 1972 15931 1917 5864 57705 1350 13333
internal_value=0.0005798 0.000667868 0.00141025 0.00489222 0.003055 0.000739633 -0.0417216 0.00282979 -0.0121249 -0.0470547 0.00551187 0.00313505 0.0217516 0.00425941 -0.0186945 -0.000601427 -0.018638 -0.060578 0.00407598 -0.000644055 0.00263411 0.0121186 -0.00405073 -0.00847342 0.00202817 -0.00424213 0.00715176 -0.000823763 0.0402107 -0.029051
internal_weight=19813.2 19782.2 17762 6590.8 5943.16 5134.75 240.9 4893.85 744.222 184.616 4149.63 3731.59 647.645 319.097 179.389 559.605 269.892 94.8174 175.074 11171.2 6102.93 2523.12 3579.81 2566.55 1266.64 1106.86 1013.26 816.321 196.939 457.317
internal_count=1262246 1198723 963253 256134 161854 118499 15412 103087 14892 7283 88195 83549 94280 84834 75945 7609 4451 2453 1998 707119 606695 62865 543830 317973 33153 31181 225857 218643 7214 15250
is_linear=0
shrinkage=0.05


Tree=169
num_leaves=31
num_cat=0
split_feature=16 9 18 10 10 6 18 9 18 14 2 3 17 10 17 3 18 17 2 17 17 2 9 2 2 17 9 18 14 10
split_gain=38.0347 78.334 52.8613 38.1708 51.3528 50.5651 48.7549 46.1835 54.0397 84.7437 44.5152 39.9732 37.889 36.4702 39.0167 75.4328 61.1552 40.3063 37.3609 48.2225 106.318 44.7973 37.2569 36.3838 39.7906 35.3741 48.7563 35.25 34.7515 116.326
threshold=1.0000000180025095e-35 0.61721611721611735 0.82512135922330099 0.96785673286649077 0.93112570698777597 1.0000000180025095e-35 0.93364779874213844 0.5590277777777779 0.9706955775010736 0.75000000000000011 0.52272727272727282 0.083920187793427262 0.87138130686517801 0.93112570698777597 0.79830508474576278 0.86582551161717203 0.97156334231805941 0.76533166458072599 0.73214285714285732 0.66939890710382521 0.76705426356589157 0.88194444444444453 0.24500000000000002 0.88194444444444453 0.81666666666666676 0.80707196029776684 0.65108695652173931 0.53069073783359511 1.0000000180025095e-35 0.28043081832687494
decision_type=2 2 2 2 2 2 2 2 2 2 2 2 2 2 2 2 2 2 2 2 2 2 2 2 2 2 2 2 2 2
left_child=3 13 -3 4 11 -5 -6 -8 9 -9 -7 12 -1 14 15 23 18 -18 -17 21 22 -20 -21 24 -2 26 -4 -22 29 -16
right_child=1 2 25 5 6 10 7 8 -10 -11 -12 -13 -14 -15 28 16 17 -19 19 20 27 -23 -24 -25 -26 -27 -28 -29 -30 -31
leaf_value=-0.092561571251299254 -0.00039497797896870273 0.046596124441933201 -0.057831028690085419 -0.060918442648419016 -0.00085229836984882651 -0.00099308821630197377 0.016605130070928863 -0.10787108355073144 -0.024536020812916018 0.016658563733047076 0.024798539855586645 -0.0013658892230913081 0.032010809944957155 0.030856274740040296 0.044969979212896243 -0.0050678025960417313 0.067795311118994242 -0.088350449116865182 -0.096697283363892383 -0.097410379658311119 -0.0011657113834277024 0.04006211516473742 -0.029974432402791081 0.044065587066116296 -0.1145544926372824 0.02452639354124788 0.0070830687420044202 -0.054766463245715762 0.0058586847061379357 -0.0097284585129404841
leaf_weight=22.321705978893082 2938.4825025505997 138.70170779089676 32.880280610639602 24.439580656122416 219.99872630339814 324.55553249322111 40.316807004623115 54.849852308048867 152.20836989639793 18.192989733419381 345.27768312254921 8889.3405905014934 8.4012896368658385 104.89115321589634 108.11942244143393 140.7029873954416 27.793193520938075 4.8547897106764131 7.3368963388638795 84.469875132333982 106.71161700983066 32.568005714128958 27.037394877523184 46.117886677384377 7.6528884487343012 281.5495994030498 240.54180411656853 43.046298892353661 4320.5582045686042 962.42783801523183
leaf_count=7562 130648 1091 207 308 1744 1500 94 343 712 219 4876 957995 639 314 3884 3513 339 248 554 4615 798 495 157 136 94 4188 1675 1850 76962 54486
internal_value=0.000555618 0.00279928 0.0189868 -0.00158953 -0.00242465 0.0097242 -0.0182596 -0.03268 -0.0415014 -0.0768541 0.0123017 -0.00156266 -0.0584969 0.00154644 0.00119937 -0.00293878 -0.0214595 0.0445763 -0.0263386 -0.0362761 -0.0440953 0.0149176 -0.081059 -1.70336e-06 -0.000691519 0.0120865 -0.000723154 -0.0165727 0.00386043 -0.00420422
internal_weight=19756.3 9656.44 693.673 10099.9 9405.63 694.273 485.567 265.568 225.251 73.0428 669.833 8920.06 30.723 8962.77 8857.88 3466.77 474.521 32.648 441.873 301.17 261.265 39.9049 111.507 2992.25 2946.14 554.972 273.422 149.758 5391.11 1070.55
internal_count=1262246 286254 7161 975992 969308 6684 3112 1368 1274 562 6376 966196 8201 279093 278779 143447 12569 587 11982 8469 7420 1049 4772 130878 130742 6070 1882 2648 135332 58370
is_linear=0
shrinkage=0.05


Tree=170
num_leaves=31
num_cat=0
split_feature=9 1 6 2 9 2 0 18 13 0 1 4 16 9 2 18 10 10 8 9 8 4 8 12 8 9 1 10 4 10
split_gain=36.1313 54.1514 48.0977 40.4233 67.8731 50.7013 55.0814 43.4502 67.1896 228.588 35.7248 46.7554 35.6701 52.714 129.682 47.3872 46.1974 48.9618 49.1273 45.1492 74.691 42.4967 41.7454 90.5942 76.7528 61.768 93.2599 83.2955 70.1741 69.5692
threshold=0.75500000000000012 0.94286796536796547 0.75000000000000011 0.63068181818181823 0.91287878787878796 0.84523809523809534 0.8452991452991454 0.84861217214158402 1.0000000180025095e-35 0.69160839160839171 0.49077956666266176 0.15504807692307696 1.0000000180025095e-35 0.21807065217391305 0.88194444444444453 0.7781746031746033 0.93112570698777597 0.80104166666666687 0.73363914373088701 0.54772727272727284 0.44136745607333849 0.8402898550724639 0.26837452938287776 1.0000000180025095e-35 0.26483157365510307 0.4045454545454546 0.92251711734850694 0.63798951588035779 0.91715686274509822 0.87103942652329758
decision_type=2 2 2 2 2 2 2 2 2 2 2 2 2 2 2 2 2 2 2 2 2 2 2 2 2 2 2 2 2 2
left_child=12 2 -2 10 5 6 7 -5 -9 -10 11 -4 22 -14 15 19 17 18 -17 20 -15 -22 24 25 -1 -24 27 -27 29 -29
right_child=1 -3 3 4 -6 -7 -8 8 9 -11 -12 -13 13 14 -16 16 -18 -19 -20 -21 21 -23 23 -25 -26 26 -28 28 -30 -31
leaf_value=-0.0002593037607880562 0.012471052446524267 0.035704996122428188 0.028359915571680352 0.032983309470376816 0.041788007307967751 0.050742160615464674 0.040713306343609354 -0.12535829305113 -0.059806385604813043 -0.89855290909608643 0.0051478325855398906 -0.15265518880369669 -0.00040127667715251592 0.023110766864110028 0.039132726743534831 0.012378576830509243 0.024149160602488926 -0.0082739519568017193 -0.052702119705832051 0.042860272267585001 -0.054520129925717857 -0.0015838307134589055 -0.03167696486701909 -0.00046283970441713415 0.073891710966188545 0.035688449709706818 0.016405502216842321 -0.039522113788655555 -0.0012973764330460832 -0.12273953589707252
leaf_weight=6374.8761868870033 521.85681227000896 170.32774290113593 6.1310629844665518 3.3960702084004906 14.041132227517663 5.8241414092481127 5.2385658081620923 22.534394404385242 2.2712200880050655 1.2646413869224487 137.23432576487539 8.5310754850506765 6319.6352362490779 426.69238651104388 294.12527421093546 580.28966800545459 180.3433897314826 1195.6158935192507 30.522610593470745 117.61344737606123 44.148324083653279 268.43865129479673 492.13235806312969 1896.1664798896636 35.09006789880732 49.310300020559225 238.29726653912803 158.13665209087776 102.41512463055551 29.85642093187198
leaf_count=591700 2905 6526 6 37 351 78 56 175 26 34 791 49 266839 1160 5485 2519 952 5484 168 558 268 970 340899 17340 13220 689 1413 987 377 184
internal_value=0.000529802 0.0103246 0.00438905 -0.0160387 -0.0529498 -0.0857714 -0.108681 -0.13524 -0.157154 -0.359794 -0.00277806 -0.0769626 6.24438e-05 0.00222907 0.00752668 0.00425761 1.87374e-05 -0.00239031 0.00912646 0.0140858 0.00950798 -0.00906031 -0.00212293 -0.00702724 0.000146621 -0.0186585 -0.00757442 -0.0243953 -0.0345973 -0.0527384
internal_weight=19732.4 898.651 728.323 206.467 54.5702 40.529 34.7049 29.4663 26.0703 3.53586 151.896 14.6621 18833.7 9457.42 3137.79 2843.66 1986.77 1806.43 610.812 856.893 739.279 312.587 9376.28 2966.31 6409.97 1070.15 578.016 339.718 290.408 187.993
internal_count=1262246 11034 4508 1603 757 406 328 272 235 60 846 55 1251212 284403 17564 12079 9123 8171 2687 2956 2398 1238 966809 361889 604920 344549 3650 2237 1548 1171
is_linear=0
shrinkage=0.05


Tree=171
num_leaves=31
num_cat=0
split_feature=15 11 9 3 18 10 9 8 10 0 4 0 8 9 8 8 9 14 4 9 3 8 8 18 18 0 0 3 5 3
split_gain=37.0649 34.6304 42.5765 201.036 83.5676 82.1642 70.1224 69.3335 68.298 61.3222 77.5235 64.4882 56.9734 107.34 78.4363 52.7595 85.9068 71.1675 60.4276 54.3842 51.4125 63.8195 81.1828 51.0565 57.8864 48.9828 128.572 61.2355 54.1275 48.9285
threshold=1.0000000180025095e-35 1.0000000180025095e-35 0.3585714285714286 0.9948453608247424 0.60889328063241122 0.47641299510458396 0.15075757575757578 0.2669211195928754 0.56939375506893763 0.11215932914046124 0.91715686274509822 0.080540540540540509 1.0000000180025095e-35 0.039230769230769243 0.31440092165898625 0.14325177584846097 0.054804804804804812 1.0000000180025095e-35 0.81120250685468098 0.10435571687840291 0.9099909990999101 0.18533452807646358 0.48591269841269852 0.66781609195402314 0.65017482517482528 0.33602150537634418 0.36882591093117417 0.54653679653679665 0.73214285714285732 0.8402898550724639
decision_type=2 2 2 2 2 2 2 2 2 2 2 2 2 2 2 2 2 2 2 2 2 2 2 2 2 2 2 2 2 2
left_child=-1 -2 4 8 6 23 12 -8 -4 11 -11 -7 25 14 -14 17 -17 -15 -18 -19 21 29 -23 24 -6 -3 28 -28 -27 -20
right_child=1 2 3 -5 5 9 7 -9 -10 10 -12 -13 13 15 -16 16 18 19 20 -21 -22 22 -24 -25 -26 26 27 -29 -30 -31
leaf_value=-0.055408869596480517 -0.019336301559167473 -0.04711141117302823 0.042728701629834713 0.044513208405419002 -0.037605913179635554 -0.067359450110168001 0.031096095670098453 0.0021363150324706049 0.0014461074093612433 -0.027046382141170163 -0.001035660051004031 0.054280077263455601 -0.045245124293598032 0.057056680025540589 0.093677121342767955 -0.061473907928769056 0.033449633523716667 -0.049473491220464884 0.025611057512528668 0.044900755019701095 0.0032238459312585463 -0.059118288165968862 0.090022968171650675 -0.040588969268869957 0.04126337324659228 0.068022953722209858 -0.050613990742274184 0.0010628400820846028 -0.064172940805544629 -0.088052500748248955
leaf_weight=29.591702107663878 215.61545768365249 52.437792055832688 102.18091134871065 297.3719587053638 46.563418289379115 12.813083379352973 369.02449827567034 469.78875527784476 5135.6605983511108 378.84295401262443 1174.7630820067643 72.829161309542542 242.868522642877 79.053020015300717 10.604087322913982 67.901331135815781 99.693625830670499 40.188969770268159 64.204294627437775 24.615063024353731 339.57934357134218 127.37288462571451 9.8285684585571271 300.1673425449053 46.496111025915525 93.827421082387445 57.666145132534439 9719.0771963990119 8.439722072798757 11.105759463440334
leaf_count=63523 4904 1893 1081 11335 51298 5362 1993 5553 25810 120262 14798 8425 82529 179 256 18261 42832 1452 468 381 3163 6381 1 737097 28152 664 2143 21814 38 198
internal_value=0.000507665 0.000591783 0.000812642 0.00452191 -0.000662356 -0.0100315 0.000939578 0.0148768 0.00225146 -0.00510777 -0.00737831 0.0360814 -0.000118551 -0.0108247 -0.0394333 -0.00242728 -0.00795279 0.0252157 -0.00237709 -0.0136265 -0.00884649 -0.0281341 -0.0484344 -0.0305573 0.00180021 0.00108559 0.00134142 0.000758035 0.0571133 0.00884942
internal_weight=19700.2 19670.6 19455 5535.21 13919.8 2032.48 11887.3 838.813 5237.84 1639.25 1553.61 85.6422 11048.5 1117.02 253.473 863.543 719.686 143.857 651.784 64.804 552.091 212.512 137.201 393.227 93.0595 9931.45 9879.01 9776.74 102.267 75.3101
internal_count=1262246 1198723 1193819 38226 1155593 965394 190199 7546 26891 148847 135060 13787 182653 156101 82785 73316 71304 2012 53043 1833 10211 7048 6382 816547 79450 26552 24659 23957 702 666
is_linear=0
shrinkage=0.05


Tree=172
num_leaves=31
num_cat=0
split_feature=15 6 0 0 17 17 0 1 2 12 14 1 10 18 10 9 8 18 18 8 9 8 17 18 8 8 16 18 2 0
split_gain=35.0995 33.7912 47.17 64.9743 95.0918 62.6288 91.5298 57.7447 55.4198 45.8943 98.152 84.1821 62.9359 59.7209 72.5033 60.1947 125.687 59.0955 57.9196 68.2761 92.1404 118.665 67.6158 61.1694 66.4587 55.582 55.4882 51.6553 50.7069 89.0041
threshold=1.0000000180025095e-35 1.0000000180025095e-35 0.65058139534883741 0.68042553191489363 0.69006568144499192 0.93142633228840133 0.85239651416122009 0.81916013584117042 0.88194444444444453 1.0000000180025095e-35 1.0000000180025095e-35 0.97039821776663893 0.56476034858387814 0.8006849315068495 0.44399641577060939 0.17519181585677754 0.27038103677447944 0.75688305127557476 0.74910071942446055 0.1952172256097561 0.069366479550922219 0.15405073649754505 0.90550595238095244 0.65283516988062462 0.21030517470145957 0.18770973154362416 1.0000000180025095e-35 0.4232172936552499 0.43650793650793657 0.12599206349206352
decision_type=2 2 2 2 2 2 2 2 2 2 2 2 2 2 2 2 2 2 2 2 2 2 2 2 2 2 2 2 2 2
left_child=-1 2 7 -4 -5 -6 8 -2 -7 13 12 -12 -11 15 -15 17 -17 18 19 20 21 -3 -21 24 -24 -22 -18 -27 29 -16
right_child=1 9 3 4 5 6 -8 -9 -10 10 11 -13 -14 14 28 16 26 -19 -20 22 25 -23 23 -25 -26 27 -28 -29 -30 -31
leaf_value=-0.055213799228509601 0.0029510155195142849 0.00084279471125221653 0.023635675884429469 -0.07955927538946464 0.0022412941028948715 -0.053088895823082516 0.0039544521299595594 -0.043934661088604471 0.028315033048650295 -0.068715139003972456 0.0083431961812616019 0.034193584778117007 -0.0017789284464483223 -0.047083664419594669 0.01662450762542296 0.032965848472967609 -0.017085879955125366 -0.058620767003335544 0.064632814625677146 -0.035075132820815313 0.017280858694160024 -0.056880136677279869 -0.071011087745158782 -0.065142447943367751 0.014144943290456864 0.027302643489151485 0.011326083695767446 0.11859714105005932 -0.00083947118694307609 -0.031432378429010102
leaf_weight=28.245446610650106 110.46035246774773 9154.1411474796678 208.52685207809736 42.840022057140231 1084.6611070327126 184.62167764158767 192.59349513951747 161.95765105181454 23.578276265398017 35.81996823681402 2141.2311770490924 369.24855155216937 1789.1538051019015 112.86641030863029 128.91545975601548 442.23379284590919 305.41839433431232 42.82184246093675 34.802098053482041 267.56725663268662 157.85264561802614 89.910756020773988 25.142552246179548 33.201636012076051 258.24860794861524 30.847267622521031 392.92975174062303 31.130374535328883 1377.0486073018346 381.37116745269668
leaf_count=63523 123614 34413 8792 5823 30572 14914 3055 48479 221 2125 19540 9968 4294 325026 21573 5364 17233 83542 18084 174822 10943 40498 4270 23563 21678 256 1967 2040 24919 117135
internal_value=0.000483448 0.000563667 -0.00557939 -0.00254531 -0.00611755 -0.00399951 -0.0208889 -0.0249234 -0.04387 0.00126489 0.005731 0.0121453 -0.00309273 -0.000194627 -0.00815638 0.0012189 0.0121084 -7.72615e-06 0.000241203 1.81786e-05 0.00104217 0.000281362 -0.0165713 -0.000932819 0.00658987 0.0330346 -0.00109972 0.0731584 -0.00582845 -0.0192916
internal_weight=19639.4 19611.1 2009.24 1736.82 1528.29 1485.45 400.793 272.418 208.2 17601.9 4335.45 2510.48 1824.97 13266.4 2000.2 11266.2 1140.58 10125.7 10082.8 10048 9463.88 9244.05 584.16 316.593 283.391 219.83 698.348 61.9776 1887.34 510.287
internal_count=1262246 1198723 235470 63377 54585 48762 18190 172093 15135 963253 35927 29508 6419 927326 488653 438673 24564 414109 330567 312483 88150 74911 224333 49511 25948 13239 19200 2296 163627 138708
is_linear=0
shrinkage=0.05


Tree=173
num_leaves=31
num_cat=0
split_feature=15 16 9 18 1 9 1 17 0 17 5 4 0 17 17 2 17 1 5 0 1 9 0 2 8 17 0 17 9 5
split_gain=33.2414 32.1028 66.5017 49.7523 48.6563 45.8343 55.3257 41.8138 49.0705 28.2392 78.8423 112.958 48.1444 61.9457 106.575 55.9665 43.6761 36.2942 84.3432 45.2953 57.6037 61.5864 61.7451 71.4421 43.2691 69.1223 42.5257 37.5576 45.7189 37.0855
threshold=1.0000000180025095e-35 1.0000000180025095e-35 0.61721611721611735 0.8577380952380953 0.93252124695228156 0.76696832579185525 0.50476968565203861 0.78817016317016331 0.61326979472140775 0.81322674418604668 0.73214285714285732 0.89699381078691431 0.89039039039039047 0.66939890710382521 0.76043478260869579 0.88194444444444453 0.81016731016731025 0.82656695468155927 0.2678571428571429 0.35781671159029654 0.89999092558983673 0.13840996168582378 0.43804824561403516 0.58571428571428574 0.48591269841269852 0.80810147299509005 0.66927083333333348 0.70320320320320329 0.17519181585677754 0.46428571428571436
decision_type=2 2 2 2 2 2 2 2 2 2 2 2 2 2 2 2 2 2 2 2 2 2 2 2 2 2 2 2 2 2
left_child=-1 -2 9 -4 5 6 -5 8 -8 10 17 -12 15 -14 -15 -13 -16 24 -19 -20 21 22 -21 -24 25 -3 27 28 -23 -22
right_child=1 2 3 4 -6 -7 7 -9 -10 -11 11 12 13 14 16 -17 -18 18 19 20 29 26 23 -25 -26 -27 -28 -29 -30 -31
leaf_value=-0.055023208912699365 -0.0014372009331378739 -0.055691949896030019 0.039464763640554956 -0.16160166258668593 0.031063505955818995 0.023562628335006431 -0.010546191105881859 0.010536293500461993 -0.086956139982528213 0.0039453833904779219 -0.068919596455604984 -0.0050553410383485618 0.03223950809070248 -0.097469237889149851 -0.0067934877609010791 0.040308087846415347 -0.20490045271713311 0.059993902100973634 0.055321433471764672 0.0074791417871389199 0.052235595524740733 -0.097344442177448573 -0.0560675477753423 0.040909847868424491 0.011562403318011281 0.066028711791580361 0.059351012641758884 -0.041542076382955824 0.02102977888587676 0.0097224629286903549
leaf_weight=26.958625514300365 10032.463913562489 80.210314595084128 189.84107055046479 6.355423927307128 166.90658366598655 110.73806579306256 64.361116994172335 102.02429495856632 31.196138834580779 4997.0472125830929 73.220868120894011 1895.4971424485466 33.557657345932967 56.84901999176509 100.70285658347711 70.521435032685986 2.8612231579172649 77.5282816894196 45.70148044677444 91.453927154863777 54.837107980391011 8.7298634961480257 146.96173885771714 21.809606858922052 83.008056398641202 13.648118905726731 37.089211444952525 40.87225829937961 124.2675129378913 794.76882381156247
leaf_count=63523 934495 44829 1877 34 3538 559 377 575 201 118719 3166 36042 572 3735 2078 355 161 3056 1004 4480 638 123 19626 308 375 621 33 247 356 16543
internal_value=0.000460028 0.000536518 0.00261592 0.0177868 0.00924129 -0.00233342 -0.016395 -0.0117243 -0.0354914 0.0014651 -0.00175072 -0.00784328 -0.00577287 -0.0295382 -0.0424617 -0.00342815 -0.0122667 0.00664343 0.0092619 0.00638361 0.00469028 -0.00933113 -0.0256069 -0.0435356 -0.014735 -0.0379923 0.0107456 0.000377272 0.0132598 0.0124664
internal_weight=19582 19555 9522.57 671.423 481.582 314.675 203.937 197.582 95.5573 8851.14 3854.1 2233.21 2159.99 193.971 160.413 1966.02 103.564 1620.89 1444.02 1366.49 1320.79 471.184 260.225 168.771 176.866 93.8584 210.959 173.87 132.997 849.606
internal_count=1262246 1198723 264228 7161 5284 1746 1187 1153 578 257067 138348 46109 42943 6546 5974 36397 2239 92239 46414 43358 42354 25173 24414 19934 45825 45450 759 726 479 17181
is_linear=0
shrinkage=0.05


Tree=174
num_leaves=31
num_cat=0
split_feature=15 9 1 10 0 1 2 2 10 18 16 9 3 10 0 9 2 10 10 9 18 18 0 1 18 18 1 8 3 1
split_gain=31.4858 29.785 49.0005 44.9151 49.7074 62.6924 58.1951 51.1805 32.5434 39.7864 38.6713 59.573 73.275 85.0508 46.1321 42.1822 117.407 48.2871 45.8418 52.0579 66.8636 49.3094 65.7442 66.2538 64.2284 62.1606 58.6509 57.3882 44.7569 43.8497
threshold=1.0000000180025095e-35 0.75500000000000012 0.94286796536796547 0.85254529767040566 0.72821969696969713 0.87981496997626041 0.61250000000000016 0.86607142857142871 0.96785673286649077 0.98518437225636535 1.0000000180025095e-35 0.70294117647058829 0.23845060412224597 0.90489491886139939 0.23582887700534763 0.24500000000000002 0.88194444444444453 0.76980056980056988 0.93112570698777597 0.46410256410256417 0.77154105736782908 0.89672947031638828 0.68042553191489363 0.87369202336307605 0.8006849315068495 0.94297328687572601 0.94667077175697878 0.15638586956521741 0.87895437895437911 0.95200732600732607
decision_type=2 2 2 2 2 2 2 2 2 2 2 2 2 2 2 2 2 2 2 2 2 2 2 2 2 2 2 2 2 2
left_child=-1 8 3 -3 -5 -6 -7 -8 10 -10 11 -2 -13 14 -14 -12 17 28 19 21 -21 22 -19 -24 26 -23 27 -25 -17 -28
right_child=1 2 -4 4 5 6 7 -9 9 -11 15 12 13 -15 -16 16 -18 18 -20 20 -22 25 23 24 -26 -27 29 -29 -30 -31
leaf_value=-0.054837195744889836 -0.0017646324484983618 0.06238445689422796 0.034634630449729191 0.0064904366972660154 0.036401102901841169 -0.023015148444417335 -0.15172306174524866 0.051030376170341521 0.024091338244613871 -0.022426077211242259 -0.00017474647633068956 -0.20237694941527146 -0.058255729195554939 -0.049685927858401736 0.015672453297569954 0.007653097917289943 0.040839423932174872 -0.006654484098696881 0.02417547049983983 0.039122214462296037 -0.00095259643154227153 0.015451351370759068 0.038070535952993312 0.055067460855493605 -0.091706104371674757 -0.033703412423394662 0.069825941889604989 -0.11206826966463855 0.034840202692191721 -0.044083991156569108
leaf_weight=25.72863710918682 8717.493758684448 31.457297243177891 158.92715699790278 598.62409919791389 23.668147933785804 42.072481835144572 20.293070242856633 3.6763557475060216 262.39508097973885 55.729508387274109 6440.2470549928712 5.6712217926979056 25.056689054239541 137.77181248250417 133.70062092487933 699.00566752484883 236.75713793677278 184.69273845432326 166.66225722641684 119.54480296862312 804.83412350364961 211.34367790876422 18.797796496888623 6.5713331699371365 79.808856697985902 92.45194115373306 19.337950240820646 23.513713216292672 193.22906889457954 15.00341903651133
leaf_count=63523 921812 58 6526 3638 175 394 209 34 1246 252 245946 32 128 939 1130 2454 5276 580 826 566 4168 469 30 2 513 393 17 142 657 111
internal_value=0.000438366 0.000511192 0.00950712 0.00395906 0.00128899 -0.0334196 -0.0584421 -0.120625 8.73282e-05 0.0159424 -0.00018782 -0.0025212 -0.0243458 -0.0209409 0.00400436 0.00207237 0.00711214 0.00408148 -0.000762 -0.00339931 0.00423006 -0.0142239 -0.027081 -0.0502212 -0.061728 0.000492435 -0.0245923 -0.0755616 0.0135409 0.0200598
internal_weight=19554.1 19528.3 878.719 719.791 688.334 89.7101 66.0419 23.9694 18649.6 318.125 18331.5 9019.69 302.2 296.529 158.757 9311.8 2871.55 2634.8 1742.56 1575.9 924.379 651.521 347.726 163.033 144.235 303.796 64.4264 30.085 892.235 34.3414
internal_count=1262246 1198723 11034 4508 4450 812 637 243 1187689 1498 1186191 924041 2229 2197 1258 262150 16204 10928 7817 6991 4734 2257 1395 815 785 862 272 144 3111 128
is_linear=0
shrinkage=0.05


Tree=175
num_leaves=31
num_cat=0
split_feature=6 17 4 17 3 1 3 1 5 2 4 9 2 5 4 17 3 0 17 9 5 0 1 17 4 0 17 0 17 6
split_gain=30.5153 44.4251 57.1509 46.7234 92.4642 87.6479 51.3734 61.2116 53.736 69.3932 49.0815 43.313 42.0228 58.1653 68.036 73.1545 59.4477 53.7174 41.974 118.401 61.705 49.2189 185.379 92.4435 53.6173 66.5968 53.5336 53.1227 133.977 62.9195
threshold=1.0000000180025095e-35 0.67890835579514841 0.7701575532900834 0.96490147783251246 0.92031746031746042 0.89600260126347087 0.92031746031746042 0.95557078971939668 0.84523809523809534 0.88194444444444453 0.91331186258722508 0.97368421052631582 0.38750000000000007 0.53571428571428581 0.87298335467349564 0.95505050505050526 0.63510737628384695 0.63714733542319768 0.95916666666666683 0.31698564593301443 0.64583333333333337 0.65545505935556825 0.92369096039537857 0.97530487804878063 0.97979591836734703 0.94519519519519524 0.96490147783251246 0.88303693570451447 0.96362433862433872 0.75000000000000011
decision_type=2 2 2 2 2 2 2 2 2 2 2 2 2 2 2 2 2 2 2 2 2 2 2 2 2 2 2 2 2 2
left_child=1 11 -3 6 5 10 7 8 12 -10 -5 -1 -4 17 15 -15 -17 -14 -2 21 -21 26 23 -23 25 27 -20 -24 -29 -30
right_child=18 2 3 4 -6 -7 -8 -9 9 -11 -12 -13 13 14 -16 16 -18 -19 19 20 -22 22 24 -25 -26 -27 -28 28 29 -31
leaf_value=-0.04803465788483971 -0.00020087278327493249 -0.060028404006948234 -0.071522479074685952 -0.079496195502502809 0.0094295977486861422 -0.061023203435014141 -0.050860362760209825 0.034752870495304893 -0.08584569139122715 0.052053384900486069 0.055836274766387653 0.035113354227350083 -0.073494741018854434 -0.058848115890726527 0.0035970017198219831 0.13906170179487895 -0.02021710167834094 0.046947006070938574 0.049534392099196481 -0.0025608515969556705 0.033672497392752798 -0.096232562751677797 0.016197756921917671 -0.022015643533889646 -0.0014839207623661447 0.0327281265190894 0.0074498991998839361 -0.30792600064603204 -0.16630822046533184 -0.0072690018107088097
leaf_weight=100.41612194628306 13728.705216554246 43.762984830274036 19.219564031471236 8.7106691545723134 153.96849034632032 143.91005663285614 45.32033829773718 138.98944512868184 36.724170753732324 12.138281046703922 29.019947061329731 18.556602135300636 10.134834440030316 87.874190557104157 1016.2714084268991 9.1948927340272366 16.142858027875263 106.96049495014449 101.27302705299735 153.75690221635159 498.31584072142141 67.154105552199326 221.71069446868933 111.82580121252249 1909.9974063564587 294.77971389934828 297.68211821194018 4.0041305653576265 6.5205597109888904 134.44643442138477
leaf_count=70819 879211 110910 5734 2592 2035 11563 1512 1285 4566 53 206 17 3727 9371 26791 30 1049 3351 9681 814 10266 5096 3861 5744 48911 2016 37801 282 510 2442
internal_value=0.000419402 -0.00543625 -0.00355954 -0.0022125 -0.019076 -0.043239 0.00156313 0.00319753 -0.000138584 -0.0515892 0.0245928 -0.0350658 0.00184752 0.00297872 -0.000498816 -0.0372658 0.0375841 0.0365225 0.00108657 0.00573607 0.0251288 0.00172087 -0.000659713 -0.0498622 0.0027649 0.0150335 0.0181329 0.000808674 -0.0227265 -0.0146255
internal_weight=19527.5 1997.32 1878.34 1834.58 335.609 181.641 1498.97 1453.65 1314.66 48.8625 37.7306 118.973 1265.8 1246.58 1129.48 113.212 25.3378 117.095 17530.2 3801.47 652.073 3149.39 2750.44 178.98 2571.46 661.462 398.955 366.682 144.971 140.967
internal_count=1262246 255611 184775 73865 16396 14361 57469 55957 54672 4619 2798 70836 50053 44319 37241 10450 1079 7078 1006635 127424 11080 116344 68862 10840 58022 9111 47482 7095 3234 2952
is_linear=0
shrinkage=0.05


Tree=176
num_leaves=31
num_cat=0
split_feature=15 6 10 17 4 9 12 14 0 10 6 17 0 4 18 4 8 9 8 6 17 14 14 5 18 9 9 10 18 5
split_gain=29.7237 28.0568 42.4553 47.724 48.8893 46.8 38.3746 85.8634 65.0425 57.1886 57.1624 97.2768 94.1387 103.286 57.1753 61.9695 56.9068 100.017 226.795 69.4012 83.7078 100.355 73.3908 73.3681 68.9481 61.102 58.9628 57.503 53.0316 52.6534
threshold=1.0000000180025095e-35 1.0000000180025095e-35 0.93112570698777597 0.65058139534883741 0.7701575532900834 0.97368421052631582 1.0000000180025095e-35 1.0000000180025095e-35 0.84698996655518399 0.56476034858387814 0.75000000000000011 0.55646630236794181 0.27718676122931446 0.18321678321678331 0.91163456533055709 0.27334993773349942 0.26837452938287776 0.080540540540540564 0.15405073649754505 0.75000000000000011 0.87138130686517801 1.0000000180025095e-35 1.0000000180025095e-35 0.69047619047619058 0.79698822463768126 0.17752100840336138 1.0000000180025095e-35 0.63798951588035779 0.87189743589743596 0.76388888888888895
decision_type=2 2 2 2 2 2 2 2 2 2 2 2 2 2 2 2 2 2 2 2 2 2 2 2 2 2 2 2 2 2
left_child=-1 2 3 5 -5 -2 16 9 10 -8 12 -12 13 -9 15 -15 17 18 -3 23 21 28 27 25 -19 -18 -24 -22 -21 -13
right_child=1 6 -4 4 -6 -7 7 8 -10 -11 11 29 -14 14 -16 -17 19 24 -20 20 22 -23 26 -25 -26 -27 -28 -29 -30 -31
leaf_value=-0.054667898140015429 -0.06404343946860902 0.00078743396749919505 -0.040135100625793334 -0.058646933309167398 -0.001018899720964265 0.067815010056073655 -0.065949402042477248 0.026949909529078126 0.02829268655805537 -0.00177008105033433 0.027457077148371891 0.0001386636113703621 0.022196154285615721 -0.15896220760047231 -0.0099790033644329146 -0.044369140974315179 -0.061377609240053338 0.022727054698930323 -0.043587742392953335 0.016266105401913131 -0.06139934090898691 -0.046378346932611773 0.08302768314669022 0.014298156218342238 0.00072867175779973796 -0.0058834231937161495 0.0032907617283129543 0.0026509281413937542 -0.03554215538502993 -0.029947172668504926
leaf_weight=24.473443989158113 52.930652866092714 9173.0183360050396 83.169091679854318 37.571426087552027 1800.0357185727316 7.7094273567199698 35.399947477104433 116.84010396852682 458.67102422614698 1781.9082973852928 195.4030619085097 326.62294937292609 915.45818236544437 14.578852206454028 110.48412150212971 61.846827986970311 54.564954379554365 844.73895140786772 297.26521798056274 134.2209168224017 80.596151667454251 349.54234906967304 24.640874255361268 554.53989158076001 615.87835624792569 545.3656872611391 392.28578186080631 61.997615837841295 78.156486896597926 262.14320083972416
leaf_count=63523 53065 88557 932 105764 75708 1 2125 1076 11479 4294 809 3700 7668 408 864 1639 142081 54596 366896 7136 10099 84444 2587 12767 94580 30376 29104 368 3735 1865
internal_value=0.000400343 0.000469571 -0.00516931 -0.00363733 -0.00219715 -0.0472797 0.00110853 0.00522339 0.0113083 -0.00302025 0.00741968 -0.00311152 0.0141931 -0.00992681 -0.032979 -0.0662287 -0.00022479 0.00127283 -0.00060547 -0.00741768 -0.0162766 -0.0299078 -0.00258687 0.00118774 0.0134513 -0.0109307 0.00800331 -0.0335513 -0.00279973 -0.0132568
internal_weight=19492.1 19467.6 1981.42 1898.25 1837.61 60.6401 17486.2 4279.36 2462.05 1817.31 2003.38 784.169 1219.21 303.75 186.91 76.4257 13206.8 10930.9 9470.28 2275.91 1121.44 561.92 559.52 1154.47 1460.62 599.931 416.927 142.594 212.377 588.766
internal_count=1262246 1198723 235470 234538 181472 53066 963253 35927 29508 6419 18029 6374 11655 3987 2911 2047 927326 604629 455453 322697 137473 95315 42158 185224 149176 172457 31691 10467 10871 5565
is_linear=0
shrinkage=0.05


Tree=177
num_leaves=31
num_cat=0
split_feature=11 12 2 2 8 6 8 18 17 17 17 18 6 2 8 8 8 11 17 17 6 16 0 2 4 8 2 0 0 3
split_gain=28.8101 28.6479 81.1431 54.7528 79.3254 48.2361 47.8483 44.553 56.2192 59.5534 64.7959 56.6957 49.8601 42.5152 41.7273 40.8599 40.2815 38.0802 37.6431 66.0497 93.8285 71.5845 55.0746 53.1178 95.7027 52.3771 58.8793 93.2599 72.8817 62.1199
threshold=1.0000000180025095e-35 1.0000000180025095e-35 0.88194444444444453 0.81666666666666676 0.53589837997054501 1.0000000180025095e-35 0.26296580868228975 0.87891006842619757 0.47673160173160178 0.43613053613053615 0.42947558770343586 0.87112743532417769 0.75000000000000011 0.58571428571428574 0.30239735859890904 0.26639784946236567 0.48591269841269852 0.75000000000000011 0.64365079365079381 0.67890835579514841 0.75000000000000011 1.0000000180025095e-35 0.69309262166405039 0.58571428571428574 0.62575301204819289 0.37850957753870385 0.38750000000000007 0.38315602836879437 0.39314988290398134 0.72438780609695164
decision_type=2 2 2 2 2 2 2 2 2 2 2 2 2 2 2 2 2 2 2 2 2 2 2 2 2 2 2 2 2 2
left_child=-1 7 3 5 -5 -3 -4 8 9 10 -2 17 -9 -11 -15 -8 -17 18 25 20 22 -22 23 24 -20 26 28 -28 -10 -29
right_child=1 2 6 4 -6 -7 15 12 11 13 -12 -13 -14 14 -16 16 -18 -19 19 -21 21 -23 -24 -25 -26 -27 27 29 -30 -31
leaf_value=-0.017761699575050856 -0.016543565530174848 -0.014861136211315072 -0.032176209448387831 0.049501778315384298 -0.065834160362318095 0.0046071321767155084 0.1229881020558285 -0.0011874969650006162 -0.031457851386098003 -0.06950864917889707 0.072024980346959019 0.033941442582856134 -0.019795115875563363 -0.092812738169498074 0.07259412012077264 -0.0020909624348946529 0.038920145645623426 0.036123304939188063 0.047139912763093622 4.7232280969803838e-05 -0.10465517379766338 -0.022244406831596356 -0.095574835894549043 0.016791300806550474 -0.074509056091201023 -0.0290657091127705 0.051563079381082594 -0.0093838081727117828 0.04461390726811227 0.01325813337945703
leaf_weight=216.35424618078468 160.39719774111745 348.54206996441644 31.59310439840192 19.575002307887189 62.53134630061686 3651.0567510928959 11.949298100371378 898.48185369011662 37.394451052744444 78.064410058427256 23.701927343031002 128.75332158492529 600.69755282840015 5.7209176606957071 11.432277204599812 79.402457359421533 243.45618753513554 74.988021726800071 24.092812143667288 10790.08611419901 50.134561866214426 55.545056577902869 15.797829726578128 162.52396529057114 49.150485000574008 92.648873870403804 101.40365489807664 621.73975796012883 199.25654220898059 590.774373484629
leaf_count=4928 49966 7072 485 35 421 25163 30 239959 81789 24435 2577 24717 133303 434 41 1154 8340 12054 17188 531086 9794 2351 1399 2469 8593 7958 1896 21869 26118 14622
internal_value=0.000382139 0.00058637 0.00410419 0.00208086 -0.0383369 0.00291058 0.026644 -0.00047285 0.000449954 -0.0217446 -0.00514077 0.000927033 -0.00864328 -0.0538473 0.0174278 0.0321944 0.0288341 0.000596637 0.000388353 -0.000653078 -0.021805 -0.0613402 -0.0051967 0.000859176 -0.0344936 0.00745326 0.00963532 0.00550032 0.0325934 0.00164805
internal_weight=19437.2 19220.9 4448.11 4081.71 82.1063 3999.6 366.401 14772.8 13273.6 279.317 184.099 12994.3 1499.18 95.2176 17.1532 334.808 322.859 12865.5 12790.5 11147.3 357.245 105.68 251.565 235.767 73.2433 1643.22 1550.57 1313.92 236.651 1212.51
internal_count=1262246 1257318 42700 32691 456 32235 10009 1214618 841356 77453 52543 763903 373262 24910 475 9524 9494 739186 727132 572880 41794 12145 29649 28250 25781 154252 146294 38387 107907 36491
is_linear=0
shrinkage=0.05


Tree=178
num_leaves=31
num_cat=0
split_feature=4 5 12 1 5 3 0 2 1 2 1 17 17 6 6 1 12 3 3 0 1 1 2 6 6 2 3 14 14 2
split_gain=28.3247 110.401 159.52 109.402 85.7174 102.454 74.0389 237.183 150.523 125.406 124.521 105.775 102.601 115.592 86.636 76.6103 76.1764 72.4361 93.1729 91.7673 80.049 67.8617 89.3192 122.883 137.57 186.625 114.624 90.6127 89.4883 156.953
threshold=0.95293466223698797 0.89898989898989912 1.0000000180025095e-35 0.97275461380724548 0.76388888888888895 0.98058069381598789 0.72046511627906984 0.5634920634920636 0.89677670716380409 0.58571428571428574 0.76191700456406353 0.79449472096530926 0.9240384615384617 1.0000000180025095e-35 1.0000000180025095e-35 0.91112278244631195 1.0000000180025095e-35 0.63211600429645554 0.82637681159420295 0.85239651416122009 0.91795311714429373 0.86541041378793249 0.88194444444444453 1.0000000180025095e-35 0.75000000000000011 0.5634920634920636 0.88589511754068728 0.75000000000000011 1.0000000180025095e-35 0.58571428571428574
decision_type=2 2 2 2 2 2 2 2 2 2 2 2 2 2 2 2 2 2 2 2 2 2 2 2 2 2 2 2 2 2
left_child=3 2 4 6 5 -2 9 17 10 -1 -9 -11 13 -10 -13 16 -15 -8 19 20 -19 -3 23 -23 25 -25 -27 -24 -26 -30
right_child=1 21 -4 -5 -6 -7 7 8 12 11 -12 14 -14 15 -16 -17 -18 18 -20 -21 -22 22 27 24 28 26 -28 -29 29 -31
leaf_value=-0.0038293414196623344 0.0030803941221734161 0.018586029275666546 0.03220573872198064 0.027110223933768614 0.031123343741259107 -0.085085972227313386 0.046754086934518907 -1.2261816109677872 0.011296150217819708 -0.054469340709365238 -0.095152704077765521 -0.026242588795037138 -0.010734375846936862 -0.081338552124954167 0.028722070034531741 -0.07705422377921331 0.041549627122720367 -0.078389214480304933 0.0088459426845153392 0.043081429179629524 -0.017126017259688452 -0.088899473860935899 0.0010952082743343435 -0.061247906435873557 -0.006106996685200464 0.006178932286756385 -0.032182474191107556 0.041939091856139352 0.022729497539583945 -0.043480255680827355
leaf_weight=3688.580546130428 3364.6913299714943 396.74045871579801 599.94477871154231 303.83750046541536 277.39816757324661 33.276407952560476 89.075067121919574 0.24415569421398586 66.960552427475704 47.157735224739554 74.026639502224498 80.4161331423511 511.49223184769835 21.380122198121171 660.84390003794761 196.06701048718242 30.745453420298873 76.108184789993857 789.17965086576623 43.55273276785374 178.08773919532723 46.543157399588381 3972.4361106975339 119.81906636727035 567.2840480596642 2154.5836513110917 214.07555703979597 140.59846070731874 106.24188366357339 568.29864357244151
leaf_count=888221 92673 8644 7227 3573 2459 1473 1524 34 1558 2091 6371 3862 11579 1395 6257 6663 69 8975 20194 523 7817 5881 92862 10382 12587 34351 5539 7220 1778 8464
internal_value=0.0003641 0.00177499 0.00830079 -0.00222035 0.00439869 0.00221698 -0.00358011 -0.0113826 -0.0306873 3.95337e-05 -0.0988708 0.0181399 -0.0245613 -0.0470024 0.0227592 -0.062731 -0.00885489 0.00340644 -0.000145955 -0.0239789 -0.0354687 -0.00159185 -0.00260649 -0.00815816 -0.00715075 -0.000367743 0.00271189 0.0024914 -0.0207431 -0.033052
internal_weight=19419.7 12561.9 4275.31 6857.76 3675.37 3397.97 6553.92 2076.92 900.916 4477 74.2708 788.418 826.645 315.153 741.26 248.193 52.1256 1176 1086.93 297.749 254.196 8286.62 7889.88 3776.85 3730.3 2488.48 2368.66 4113.03 1241.82 674.541
internal_count=1262246 291540 103832 970706 96605 94146 967133 66702 27669 900431 6405 12210 21264 9685 10119 8127 1464 39033 37509 17315 16792 187708 179064 78982 73101 50272 39890 100082 22829 10242
is_linear=0
shrinkage=0.05


Tree=179
num_leaves=31
num_cat=0
split_feature=11 9 3 18 10 10 8 9 10 10 1 4 17 0 17 10 17 0 3 8 3 18 9 10 8 8 1 0 8 16
split_gain=26.1536 33.6987 166.895 73.1418 70.1006 64.6635 57.9901 56.3893 64.0792 48.2622 51.2198 59.6094 49.3212 59.5376 79.5711 65.155 73.983 59.6702 56.4515 52.3392 48.1197 45.9819 52.7418 60.0578 45.9369 56.7705 51.9292 45.824 45.697 45.0769
threshold=1.0000000180025095e-35 0.3585714285714286 0.9948453608247424 0.60889328063241122 0.47641299510458396 0.58853389071364604 0.21575680631965019 0.18350168350168353 0.56939375506893763 0.88942052099946844 0.39348781805678362 0.91545844394527276 0.42947558770343586 0.71291208791208804 0.69905660377358492 0.66885964912280715 0.88303693570451447 0.85857142857142865 0.85857142857142865 0.27038103677447944 0.96590468810538554 0.66781609195402314 0.089572192513368995 0.41189093663216364 0.37850957753870385 0.37546992481203012 0.94667077175697878 0.080540540540540509 0.46410162002945515 1.0000000180025095e-35
decision_type=2 2 2 2 2 2 2 2 2 2 2 2 2 2 2 2 2 2 2 2 2 2 2 2 2 2 2 2 2 2
left_child=-1 3 5 7 21 -3 -6 -2 -9 10 27 24 -13 14 -14 16 17 -15 -17 -16 -18 22 -5 -24 25 -12 -26 -8 -23 -10
right_child=1 2 -4 4 6 -7 9 8 29 -11 11 12 13 15 19 18 20 -19 -20 -21 -22 28 23 -25 26 -27 -28 -29 -30 -31
leaf_value=-0.01693038375948441 -7.5092816594127799e-05 0.036490979449052774 0.043536853392925352 -0.057143972975250958 0.017763638421531319 0.0010338296877837239 -0.070097519941415443 0.02337652552892653 -0.075656476335353592 0.041242178537781414 -0.016897892601535926 -0.12512306623866637 -0.015762035050109632 -0.033871950830914675 -0.15320348106783913 -0.056480624062991439 0.019373309469862175 -0.10334343418074597 0.022558554447504531 0.034615589211877129 -0.025741040965004337 -0.044132649685526874 0.054929812037537246 -0.055644696174237986 -0.052896570048568382 0.099338421032621138 0.020529412085582767 0.06745405834767837 0.049147489340052843 -0.00067101313446315332
leaf_weight=216.51335005557485 11177.313706074012 131.97025969871902 253.035196213983 26.961175752413055 235.36098054790637 5013.1973638979107 7.3342883806308228 489.39430486808851 26.644350713278982 46.010774600203149 89.646348942941131 8.6629322107692115 161.35946575582057 106.52885908623284 3.7788046089044647 26.682457091170363 91.002119989050698 43.542707005202828 147.31617135507986 201.56011053612383 168.63609514699783 263.28102962146477 47.334543855411539 16.581877779039132 195.44652623503225 11.898876094452133 27.463324100339378 34.708085967218722 13.818652369749541 80.880132774007507
leaf_count=4928 234451 1443 11335 65521 22394 25448 1319 3313 320 68 66657 405 2568 2459 263 109 1008 1386 480 1517 2671 746484 8655 9677 43140 1108 102 1237 1525 255
internal_value=0.000349922 0.000545323 0.00389294 -0.00076902 -0.00967347 0.00194328 -0.00516564 0.000724541 0.0156977 -0.00910027 -0.0108477 -0.0126265 -0.00635923 -0.0052767 0.0105123 -0.0151957 -0.026082 -0.0540288 0.010438 0.0311592 -0.00992865 -0.0293589 0.00150439 0.0262434 -0.0311521 -0.00327754 -0.0438502 0.0434582 -0.0394809 -0.0192523
internal_weight=19363.9 19147.4 5398.2 13749.1 1974.92 5145.17 1606.94 11774.2 596.919 1371.58 1325.57 1283.52 959.07 950.407 366.698 583.708 409.71 150.072 173.999 205.339 259.638 367.977 90.8776 63.9164 324.455 101.545 222.91 42.0424 277.1 107.524
internal_count=1262246 1257318 38226 1219092 980753 26891 148891 238339 3888 126497 126429 123873 12866 12461 4348 8113 7524 3845 589 1780 3679 831862 83853 18332 111007 67765 43242 2556 748009 575
is_linear=0
shrinkage=0.05


Tree=180
num_leaves=31
num_cat=0
split_feature=15 16 9 18 1 9 1 10 17 5 4 0 17 17 2 17 2 17 0 0 10 1 5 1 17 9 5 0 0 17
split_gain=27.9719 25.1159 56.3417 46.1581 48.4539 39.0668 46.3262 28.1671 29.4583 69.4626 95.572 41.6402 56.6508 98.7013 50.9798 39.3278 36.642 47.9535 87.4897 95.2671 62.9113 57.1906 80.1164 61.1926 60.8341 40.2884 36.55 34.0256 76.5559 65.8576
threshold=1.0000000180025095e-35 1.0000000180025095e-35 0.61721611721611735 0.83730383815466081 0.93252124695228156 0.76696832579185525 0.55716320716320722 0.93112570698777597 0.81322674418604668 0.73214285714285732 0.89699381078691431 0.89039039039039047 0.66939890710382521 0.76043478260869579 0.88194444444444453 0.81016731016731025 0.58571428571428574 0.70087719298245621 0.67694497153700206 0.52419984387197516 0.76980056980056988 0.82656695468155927 0.41428571428571431 0.84519416312099249 0.52223320158102771 0.31009615384615391 0.64583333333333337 0.51754926108374388 0.44151846785225723 0.51639784946236567
decision_type=2 2 2 2 2 2 2 2 2 2 2 2 2 2 2 2 2 2 2 2 2 2 2 2 2 2 2 2 2 2
left_child=-1 -2 7 -4 5 6 -5 8 9 16 -11 14 -13 -14 -12 -15 17 21 19 -19 -20 25 24 -24 -23 -3 -22 28 -25 -30
right_child=1 2 3 4 -6 -7 -8 -9 -10 10 11 12 13 15 -16 -17 -18 18 20 -21 26 22 23 27 -26 -27 -28 -29 29 -31
leaf_value=-0.054524451767644047 -0.0013513005245878599 -0.063606600926677956 0.041847522605102383 -0.085393369733903379 0.031221072623285273 0.023031861086085778 -0.0063612928646591127 0.027896673182853299 0.0034625572079616321 -0.064867829230208562 -0.0055939047077605223 0.031010202839538738 -0.094903974937520286 -0.0067166476342306507 0.039064033450225161 -0.19531722217595526 0.018195585981197117 0.0031178220124826305 0.023447076623910712 -0.07060173881363313 0.0032134649535786111 -0.045359511836319116 0.069852857048033512 0.015654978112086822 0.059907050538145268 -0.00026899696809440675 -0.15278127214324594 0.0143914241418776 -0.015863121388998026 -0.089892708972617197
leaf_weight=23.209075506991212 9936.0063983140353 43.917916076461552 140.78146450943314 20.398732967674732 169.2848910750472 108.18442147225142 203.72787137387786 97.732864690478891 4879.3770032925931 71.951907171280254 1851.6603824755421 32.996867554116761 55.229466294898884 99.451892759330804 66.190299536829116 2.843116199153882 422.08807249076926 77.041617925944593 137.20578347660921 101.6440554933979 6.7394438385963413 15.54585679699994 33.700370623504568 143.03545441193819 117.16525949615425 58.617969177197665 8.4793788745300844 241.38619409939383 116.90985279252709 40.432396070242248
leaf_count=63523 934495 31490 1312 78 3934 575 1262 314 118500 3164 36000 572 3730 2075 354 161 6550 14844 3320 9880 31 1191 1029 4348 3064 170 49 7800 4285 4146
internal_value=0.000333733 0.000399704 0.00225772 0.0165485 0.00944795 -0.00164364 -0.0135543 0.00120512 0.000902623 -0.00243341 -0.0082012 -0.00626735 -0.0285614 -0.0410399 -0.00405264 -0.0119585 0.00560775 0.000954504 -0.015079 -0.038817 0.0127489 0.00750289 0.0125561 0.00447993 0.0475761 -0.0273976 -0.0837012 0.000413418 -0.0108194 -0.0348866
internal_weight=19322.9 19299.7 9363.72 642.377 501.596 332.311 224.127 8721.34 8623.61 3744.23 2180.32 2108.37 190.521 157.524 1917.85 102.295 1563.91 1141.82 331.11 178.686 152.425 810.711 708.175 575.464 132.711 102.536 15.2188 541.764 300.378 157.342
internal_count=1262246 1198723 264228 7161 5849 1915 1340 257067 256753 138253 46056 42892 6538 5966 36354 2236 92197 85647 28124 24724 3400 57523 25863 21608 4255 31660 80 20579 12779 8431
is_linear=0
shrinkage=0.05


Tree=181
num_leaves=31
num_cat=0
split_feature=15 4 5 10 1 5 3 4 1 1 1 3 1 3 5 6 3 1 3 1 1 3 9 3 1 3 3 3 1 3
split_gain=26.5053 24.7838 102.169 213.961 99.3194 65.6022 86.0853 63.6651 86.8895 81.2117 78.5924 62.8407 80.7394 79.5991 69.2237 67.6756 94.7878 77.2091 77.0646 61.8422 61.2759 58.6224 58.6074 52.4329 51.6241 48.7042 50.3381 185.149 70.9442 61.3083
threshold=1.0000000180025095e-35 0.95293466223698797 0.89898989898989912 0.72176684881602926 0.97275461380724548 0.76388888888888895 0.98058069381598789 0.88273491214667699 0.82289129977672804 0.88748560099048379 0.94839417534634463 0.85028735632183905 0.93846852311368456 0.95293466223698786 0.58571428571428574 0.75000000000000011 0.61311827956989251 0.89999092558983673 0.60097087378640779 0.86541041378793249 0.87686537090526917 0.83047895500725699 0.73508771929824568 0.76506899055918676 0.86683182134819725 0.63211600429645554 0.88273491214667699 0.85857142857142865 0.93333575510994871 0.70396452790818997
decision_type=2 2 2 2 2 2 2 2 2 2 2 2 2 2 2 2 2 2 2 2 2 2 2 2 2 2 2 2 2 2
left_child=-1 4 3 5 7 6 11 10 21 22 -2 14 13 -13 15 16 18 -18 20 -4 24 -9 -10 -19 -3 -11 27 28 29 -27
right_child=1 2 19 -5 -6 -7 -8 8 9 25 -12 12 -14 -15 -16 -17 17 23 -20 -21 -22 -23 -24 -25 -26 26 -28 -29 -30 -31
leaf_value=-0.054350622071446447 -0.001518970980498935 -0.02982577502253695 0.017880754459661703 0.036496582956653485 0.026255298130372154 0.028063176232622812 -0.078324278071054479 -0.023902358624221087 -0.072046047700648541 0.05246684517919762 0.034420688018931951 -0.092790147902648626 -0.0029575477284909191 -0.00071678190557746566 0.013991222178428778 0.02750336956003667 -0.058469556209351264 -0.0076468312114848017 0.079233194847962596 -0.0025006987468000324 -0.027618366809654873 0.03845272658376736 0.047138304782590582 -0.14255772280051507 0.048624111767227376 -0.068194866122662276 -0.0026259548871731412 -0.12129220996470649 -0.03849518320591705 -0.0014923270850586304
leaf_weight=22.145988867509004 4593.8487081581761 28.724505787417002 390.69363477897696 570.77949856166379 296.48380314739188 254.5738199661464 33.237766075884792 52.526107118531399 90.351762831603992 28.463745124364323 157.32475933444948 51.875775596590756 1062.4325550372741 42.87391060290247 1434.175999865678 135.96206739982154 126.82954856575088 266.75029339300818 37.612841487512924 7854.830052561073 96.191929603366589 133.47547147682963 11.643918074667452 7.4017849751107851 77.683947296791303 36.946436092182012 606.74746054057323 44.073490556143952 242.5167472606754 509.59828200306583
leaf_count=63523 846083 2085 8487 7404 3542 2272 1496 5903 9077 578 1566 5016 26421 979 30551 3216 6639 8568 164 178179 4034 2871 54 1181 1419 3116 12363 2031 6982 16446
internal_value=0.000318197 0.000381003 0.00170517 0.00802549 -0.00204637 0.00358094 0.00174879 -0.00333579 -0.0114699 -0.0152973 -0.000328907 0.00253888 -0.00690167 -0.0511273 0.00747909 -0.0045385 -0.0113328 -0.0262123 0.0135051 -0.00153497 0.00130265 0.0208439 -0.0584399 -0.0112893 0.0274469 -0.0123005 -0.0135809 -0.021559 -0.0159883 -0.00600142
internal_weight=19298.8 19276.6 12472.6 4227.11 6804 3656.33 3401.75 6507.52 1756.34 1570.34 4751.17 3368.52 1157.18 94.7497 2211.33 777.157 641.195 400.982 240.213 8245.52 202.6 186.002 101.996 274.152 106.408 1468.35 1439.88 833.135 789.061 546.545
internal_count=1262246 1198723 288111 101445 910612 94041 91769 907070 59421 50647 847649 90273 32416 5995 57857 27306 24090 16388 7702 186666 7538 8774 9131 9749 3504 41516 40938 28575 26544 19562
is_linear=0
shrinkage=0.05


Tree=182
num_leaves=31
num_cat=0
split_feature=6 18 9 1 2 17 14 17 9 18 4 2 17 9 5 17 4 4 9 2 2 1 2 14 18 9 1 17 4 1
split_gain=25.1368 37.7047 65.8626 61.7794 97.2643 62.7896 43.2923 39.2428 38.6663 49.0449 36.8282 55.7627 34.2092 97.7902 55.6419 44.2469 54.1387 48.4661 75.0118 74.6561 42.4488 39.0702 35.7973 34.3452 69.1924 35.6921 34.3258 59.391 49.9167 97.2027
threshold=1.0000000180025095e-35 0.44749373433583967 0.30217391304347835 0.93055754822254111 0.73214285714285732 0.96190130624092907 1.0000000180025095e-35 0.65058139534883741 0.13423423423423428 0.22684744000693063 0.92907444668008055 0.61250000000000016 0.95916666666666683 0.31698564593301443 0.64583333333333337 0.96490147783251246 0.7701575532900834 0.8402898550724639 0.15504807692307696 0.58571428571428574 0.58571428571428574 0.94839417534634463 0.27922077922077926 1.0000000180025095e-35 0.40486029122392764 0.03509852216748769 0.98759469696969704 0.97979591836734703 0.85857142857142865 0.92369096039537857
decision_type=2 2 2 2 2 2 2 2 2 2 2 2 2 2 2 2 2 2 2 2 2 2 2 2 2 2 2 2 2 2
left_child=1 7 6 4 5 -4 -3 -1 9 -9 11 -5 -2 15 -15 16 -14 18 19 -17 21 -18 -20 24 25 -22 27 28 -19 -30
right_child=12 2 3 10 -6 -7 -8 8 -10 -11 -12 -13 13 14 -16 17 20 26 22 -21 23 -23 -24 -25 -26 -27 -28 -29 29 -31
leaf_value=-0.060193711253764215 -0.00025215770911094952 -0.0063891897228056885 -0.0030735661076018491 -0.00080849557262174451 -0.10941271531067681 -0.079621190185557258 -0.058098967366143284 0.0013860688239572701 0.026981539352106523 -0.040355951646819321 0.025537490223557231 -0.13536167094988502 0.064375436141718964 -0.0027435551101132002 0.032141478108750871 -0.079475650805464093 -0.10628624424511826 0.024641382361638878 0.045717040510488131 0.021467862196330668 0.20296772225183013 0.011736323100688492 -0.052370115407989595 0.010041308327301162 -0.071015345334319233 0.064489726425992794 -0.0030457296054130084 0.015744092349678291 -0.10829142095154581 -0.0089621187092713533
leaf_weight=26.257669824669847 13579.523848004957 61.607112741133733 239.2277441480619 67.74219543999061 28.092278056312352 30.167785206780536 118.01238797639689 993.04484076414519 133.35922172305436 75.736800794646115 173.95690855698194 8.6875808546319586 54.674959071413468 152.24730269546853 458.6543354880996 72.616982188787006 14.294475567214251 56.788640188649879 37.537315528894396 24.495411406111089 7.5087960015516773 13.764450285831115 12.366117153844241 218.00375447196711 6.491734556220762 12.235469139763154 1732.3974527364844 709.22164131452882 31.535042750205321 112.48328174761264
leaf_count=6411 879211 59672 1646 314 179 400 163451 6339 403 15094 1622 80 9257 814 10266 35733 1414 586 3081 536 40 212 246 2185 1602 16 46148 10894 1985 2409
internal_value=0.000305277 -0.00506754 -0.0140884 -0.00547432 -0.0208779 -0.0116456 -0.0403632 0.000274901 0.00159568 -0.00157189 0.0128269 -0.0161028 0.000912473 0.00515551 0.0234475 0.00156978 0.0189712 -0.000469991 -0.0284115 -0.0540139 0.00985452 -0.0483897 0.021411 0.0165458 0.0705936 0.117153 0.00108458 0.00894734 -0.0150578 -0.0307118
internal_weight=19262.7 1955.89 727.494 547.874 297.488 269.396 179.62 1228.4 1202.14 1068.78 250.387 76.4298 17306.8 3727.32 610.902 3116.42 326.974 2789.44 147.016 97.1124 272.299 28.0589 49.9034 244.24 26.236 19.7443 2642.43 910.029 200.807 144.018
internal_count=1262246 255611 227364 4241 2225 2046 223123 28247 21836 21433 2016 394 1006635 127424 11080 116344 14726 101618 39596 36269 5469 1626 3327 3843 1658 56 62022 15874 4980 4394
is_linear=0
shrinkage=0.05


Tree=183
num_leaves=31
num_cat=0
split_feature=15 9 3 17 4 0 18 10 3 4 8 9 4 1 9 0 9 10 10 10 8 8 17 4 10 9 1 17 5 0
split_gain=25.0194 23.2958 56.5588 48.0972 61.1504 89.6789 34.6554 43.2078 41.1364 41.9119 40.3873 57.9487 45.1747 37.2907 33.2845 30.1627 31.172 28.2437 75.3871 27.6249 35.599 25.5281 33.9177 37.475 27.7433 24.4154 22.9548 24.4021 45.8903 28.7658
threshold=1.0000000180025095e-35 0.88562091503267981 0.56691542288557228 0.60172413793103463 0.121830550401979 0.36140661938534285 0.98518437225636535 0.96785673286649077 0.74543037554004665 0.78979857050032498 0.73363914373088701 0.27429467084639503 0.88548009367681513 0.97039821776663893 0.6043478260869567 0.56306818181818197 0.82480818414322254 0.88942052099946844 0.94761785981541546 0.72176684881602926 0.82070417145044028 0.93364779874213844 0.94665718349928885 0.86706827309236967 0.94761785981541546 0.71714285714285719 0.82289129977672804 0.72281323877068571 0.76388888888888895 0.66927083333333348
decision_type=2 2 2 2 2 2 2 2 2 2 2 2 2 2 2 2 2 2 2 2 2 2 2 2 2 2 2 2 2 2
left_child=-1 6 3 -3 -5 -6 7 21 15 -10 11 -11 -13 14 -12 19 -17 -14 -19 -8 -21 -2 23 -23 -25 -9 -16 -28 -29 -30
right_child=1 2 -4 4 5 -7 8 25 9 10 13 12 17 -15 26 16 -18 18 -20 20 -22 22 -24 24 -26 -27 27 28 29 -31
leaf_value=-0.05418874354635788 0.00032381807929537845 0.014983960213298298 0.033460896065501504 0.047728256393579631 -0.090962857553415419 0.031015403720985664 -0.078737259325664333 0.027340196348770031 0.055863869490869245 -0.056996179840130334 -0.077592662968154896 -0.079265956122069339 0.045789415992801868 0.034111633519901777 0.044871387826355691 -0.06663185400205493 -0.38658564918229521 -0.090187428909570488 0.037430772310684528 0.012092580175180319 -0.051316461258040007 -0.11267207658083465 0.022460755524837003 -0.087873973723994664 -0.0099162008532517488 -0.0073135744914706998 0.0019868388815489505 -0.0070798391310452685 -0.019460186552811589 -0.10385378889694924
leaf_weight=21.051103294521454 17830.79588455629 128.71004198119044 176.09148549337988 18.719926275312901 49.502244103699923 21.662285441532731 17.807901938788746 226.3897585986997 27.349187583667117 28.154510797553485 31.534661561367102 10.484149881638585 88.697326389607042 25.129711069865152 12.106762992218135 36.749801403649144 0.77735724020749231 16.283842328935862 39.993228621315211 60.997419579420239 34.741942827240564 14.225632714573292 30.959687701426446 13.984257629606871 62.055744245648384 65.543557145108934 48.421982705593109 47.391744543332607 14.813524309545754 31.713370780460536
leaf_count=63523 1141827 216 6008 11 241 95 31692 1080 382 9749 178 56 390 483 26 3955 10 168 114 173 182 74 174 90 197 448 163 258 60 223
internal_value=0.000290789 0.000350484 0.0123725 -0.0046156 -0.0326812 -0.053833 9.83254e-05 0.000478649 -0.0120078 -0.00399377 -0.00814111 0.00900831 0.0209621 -0.0230567 -0.0307812 -0.0343975 -0.0732595 0.0282103 0.000504283 -0.0215537 -0.0109173 0.000168353 -0.0226987 -0.0381877 -0.0242531 0.0195599 -0.0212234 -0.0268451 -0.0417101 -0.076984
internal_weight=19232.8 19211.8 394.686 218.594 89.8845 71.1645 18817.1 18244 573.148 422.074 394.725 183.613 155.459 211.112 185.982 151.074 37.5272 144.974 56.2771 113.547 95.7394 17952 121.225 90.2656 76.04 291.933 154.447 142.341 93.9186 46.5269
internal_count=1262246 1198723 6571 563 347 336 1192152 1143890 48262 12250 11868 10477 728 1391 908 36012 3965 672 282 32047 355 1142362 535 361 287 1528 730 704 541 283
is_linear=0
shrinkage=0.05


Tree=184
num_leaves=31
num_cat=0
split_feature=15 11 17 17 8 17 18 9 2 18 9 8 8 9 8 17 17 3 0 17 17 2 3 3 2 4 17 8 9 8
split_gain=23.7131 23.6573 26.9991 38.8844 30.0048 29.0508 29.8929 25.9828 157.847 65.9143 64.8523 84.3846 72.1289 51.5841 58.5559 56.0751 79.1079 61.1233 62.6005 56.2549 128.869 80.8996 87.8704 54.6057 151.861 89.9068 56.9743 54.2904 72.18 67.2814
threshold=1.0000000180025095e-35 1.0000000180025095e-35 0.70412457912457926 0.76393188854489169 0.6255841121495328 0.79205974842767313 0.87815482502651132 0.3585714285714286 0.88194444444444453 0.60889328063241122 0.080540540540540564 0.21575680631965019 0.46410162002945515 0.15075757575757578 0.2669211195928754 0.48112535612535617 0.43613053613053615 0.63211600429645554 0.35355392156862747 0.89528508771929838 0.90098039215686287 0.44949494949494956 0.37573529411764711 0.66343042071197422 0.58571428571428574 0.75716625716625729 0.96362433862433872 1.0000000180025095e-35 0.039230769230769243 0.31440092165898625
decision_type=2 2 2 2 2 2 2 2 2 2 2 2 2 2 2 2 2 2 2 2 2 2 2 2 2 2 2 2 2 2
left_child=-1 2 4 -4 -2 6 -5 9 -9 13 12 -12 -11 15 -15 16 -3 19 -19 -17 -21 22 -22 24 -20 26 -25 -27 29 -29
right_child=1 7 3 5 -6 -7 -8 8 -10 10 11 -13 -14 14 -16 17 -18 18 23 20 21 -23 -24 25 -26 27 -28 28 -30 -31
leaf_value=-0.054024119186153519 0.042008485096685699 -0.0034949357503114018 -0.10366632765132436 -0.12190500059152949 -0.02546702075443499 -0.033021246497527516 0.035009453983223242 0.0014704668956512705 0.040285042438463106 -0.0481817092474126 0.01755015327764551 -0.011355873220832936 0.090051700808941579 0.028666909363382009 0.0013018287965114624 0.0058907598070170744 -0.074533940390587916 -0.12848155950300691 -0.057404841318044866 0.13758119830399573 0.069180570672962557 0.052349834698861245 -0.050241133574690955 0.04419346481505107 0.026913548866782867 0.00060142010350974686 -0.071167650901976118 -0.044104796361129767 -0.0045493365440819212 0.085601851490519298
leaf_weight=20.083912851267087 35.274981452903376 111.60902823179276 15.195725556206524 3.3577088551537591 30.91432799003087 99.938795651720284 31.596462331097428 5051.9158274764341 276.25490406699828 151.02215819699791 304.51844922379951 1477.4512299168939 10.06573432780351 342.6407764708274 455.18026810062292 537.78611715091938 60.395907270443786 9.5732989485186391 138.49122890169383 27.47424402175966 21.322847828674639 92.414608713788766 55.485461196081815 156.23584566011232 86.911951448404579 8663.4507482679328 11.489977640274445 202.06095926710259 723.99604797543361 10.518384211183728
leaf_count=63523 1095 10124 477 220 92 2872 148 26617 11609 535495 83602 346247 50 1993 5553 57844 5565 612 6144 994 5570 348 8484 5964 305 15849 819 47348 16562 121
internal_value=0.000277547 0.000334365 -0.0161088 -0.0278404 0.0104934 -0.0192986 0.0199362 0.000521753 0.00348292 -0.000634109 -0.00916261 -0.00641616 -0.0395441 0.000781395 0.0130543 -0.000116158 -0.0284388 0.000337557 -0.000684699 0.0142594 0.0371399 0.0208327 -0.0170883 -0.000562271 -0.024893 -8.09183e-07 0.0362907 -0.000634872 -0.0120707 -0.0376869
internal_weight=19214.6 19194.5 216.278 150.089 66.1893 134.893 34.9542 18978.3 5328.17 13650.1 1943.06 1781.97 161.088 11707 797.821 10909.2 172.005 10737.2 10002.7 734.483 196.697 169.223 76.8083 9993.16 225.403 9767.75 167.726 9600.03 936.575 212.579
internal_count=1262246 1198723 4904 3717 1187 3240 368 1193819 38226 1155593 965394 429849 535545 190199 7546 182653 15689 166964 93724 73240 15396 14402 14054 93112 6449 86663 6783 79880 64031 47469
is_linear=0
shrinkage=0.05


Tree=185
num_leaves=31
num_cat=0
split_feature=16 10 17 5 4 8 0 17 17 6 17 17 3 14 4 17 0 3 3 0 4 0 3 17 17 6 17 17 17 5
split_gain=24.0943 45.7063 33.0955 71.7787 91.0915 48.4346 41.1447 51.8836 90.6645 35.544 34.5554 29.9198 31.0404 29.4135 31.1254 73.4204 60.2729 64.8003 88.6784 112.816 55.2427 54.071 65.6097 42.1787 51.9405 43.4727 42.088 55.4861 43.5001 35.1503
threshold=1.0000000180025095e-35 0.93112570698777597 0.81322674418604668 0.73214285714285732 0.89699381078691431 0.84234892787524374 0.89039039039039047 0.66939890710382521 0.76043478260869579 0.75000000000000011 0.81016731016731025 0.73401360544217698 0.7814295977011495 0.75000000000000011 0.76253132832080206 0.89897959183673481 0.69160839160839171 0.63676588897827846 0.82637681159420295 0.82426470588235301 0.73205084163517697 0.7158385093167704 0.74862637362637374 0.86240703177822864 0.94665718349928885 0.75000000000000011 0.90098039215686287 0.95916666666666683 0.96362433862433872 0.73214285714285732
decision_type=2 2 2 2 2 2 2 2 2 2 2 2 2 2 2 2 2 2 2 2 2 2 2 2 2 2 2 2 2 2
left_child=-1 2 3 -2 11 6 -6 -8 -9 -7 -10 12 -5 14 15 -4 29 -18 19 21 26 22 -19 25 -25 -23 -17 -28 -29 -16
right_child=1 -3 13 4 5 9 7 8 10 -11 -12 -13 -14 -15 16 20 17 18 -20 -21 -22 23 -24 24 -26 -27 27 28 -30 -31
leaf_value=-0.0014539425562171281 0.0059891740573310964 0.022702380603444042 -0.065871214230096994 -0.07819896941990484 -0.002520766496524691 -0.015922580631996672 0.030080736019323359 -0.091042301105598911 -0.006212417011709763 -0.10098195336564086 -0.18145631664130824 -0.092446374275820142 0.0084792346782077629 0.019332856439897468 0.0011618502165436741 0.08881510181626194 0.047456730019239994 -0.10660887870856919 0.0031902678714347253 0.031642201541277643 -0.069444377106376104 -0.066508465644731243 0.0017034751800930803 -0.096378330192207318 -0.036172996646774744 0.022996930605300694 -0.049057053227839653 0.077825818430602156 -0.0024123541490644329 0.022952690959698551
leaf_weight=9888.0498904358356 1659.9340787060346 261.44009566970635 54.067720317787462 18.974593376791745 1977.0240304302852 26.963646146701649 33.009519917330181 54.41091753783985 99.474259596066986 22.555838021682575 2.894864020687236 37.825789899947267 22.668010776515075 300.88033622017974 271.17559102736959 16.980264118843479 74.520985221017327 15.71215677733562 3216.5312239123195 81.735630489638424 22.527659751071042 23.016615458389424 126.92895204911656 68.503880365418809 75.09545345836159 33.040614723791805 33.532812378851304 27.759326108915047 43.145391421805471 582.78328879816763
leaf_count=975992 107307 2682 15302 1162 37102 169 584 3744 2098 172 162 1623 413 12582 9681 671 704 927 53960 876 2753 771 2303 2719 2931 560 9061 1097 5798 6340
internal_value=0.000263645 0.00209277 0.00149565 -0.00193175 -0.00765882 -0.00577291 -0.00465551 -0.026893 -0.0388886 -0.0546666 -0.0111681 -0.0602559 -0.031016 0.00417088 0.00321391 -0.0161935 0.00405498 0.00130169 0.000356915 -0.0211357 0.00246603 -0.0337382 -0.0102273 -0.0505352 -0.0648939 -0.0137532 0.0158082 0.00393814 0.029001 0.016033
internal_weight=19173.2 9285.11 9023.67 3955.74 2295.8 2216.33 2166.81 189.79 156.78 49.5195 102.369 79.4684 41.6426 5067.94 4767.06 198.013 4569.04 3715.09 3640.56 424.033 143.945 342.298 142.641 199.657 143.599 56.0572 121.418 104.438 70.9047 853.959
internal_count=1262246 286254 283572 154536 47229 44031 43690 6588 6004 341 2260 3198 1575 129036 116454 34682 81772 65751 65047 11087 19380 10211 3230 6981 5650 1331 16627 15956 6895 16021
is_linear=0
shrinkage=0.05


Tree=186
num_leaves=31
num_cat=0
split_feature=4 5 9 1 1 4 1 1 1 17 2 1 2 9 6 6 2 9 2 1 17 1 17 17 9 9 5 1 4 17
split_gain=23.478 92.8166 193.413 91.0397 60.9008 56.8006 78.5243 75.2677 72.3027 63.7365 66.4231 55.8797 75.4411 159.432 115.463 121.279 165.689 126.471 67.9164 66.4755 65.2203 63.7145 60.2725 61.6209 55.345 54.1827 53.7336 57.2642 53.2822 60.1788
threshold=0.95293466223698797 0.89898989898989912 0.3585714285714286 0.97275461380724548 0.80379870129870146 0.88273491214667699 0.82289129977672804 0.88608889842409122 0.94839417534634463 0.77459677419354855 0.58571428571428574 0.86541041378793249 0.88194444444444453 0.31698564593301443 1.0000000180025095e-35 0.75000000000000011 0.5634920634920636 0.71714285714285719 0.63068181818181823 0.96004459308807155 0.76393188854489169 0.95200732600732607 0.69292803970223338 0.70320320320320329 0.73508771929824568 0.68857758620689669 0.76388888888888895 0.92000732600732615 0.96590468810538554 0.90098039215686287
decision_type=2 2 2 2 2 2 2 2 2 2 2 2 2 2 2 2 2 2 2 2 2 2 2 2 2 2 2 2 2 2
left_child=3 2 4 5 -2 8 9 25 -1 -7 -11 -3 14 -14 19 16 20 -17 -19 -13 24 -20 -18 -24 -16 -8 28 -28 -6 -30
right_child=1 11 -4 -5 26 6 7 -9 -10 10 -12 12 13 -15 15 17 22 18 21 -21 -22 -23 23 -25 -26 -27 27 -29 29 -31
leaf_value=-0.0016267934785488326 -0.1067009675965695 0.017072488810476873 0.034669963402504556 0.025377350246610631 0.023099822684712064 -0.066365336000394792 -0.073982932474366478 -0.011904145814007568 0.033259815434731117 0.041329563977340736 -0.059111198693655512 -0.084328269476924886 -0.00047793237316520352 0.037931954402057821 -0.062892072666674431 -0.015616563552645008 0.015004599201262054 0.049196294048630101 -0.13543091549399641 -1.0364951713472079 0.06580764541320222 -0.0066520005937228044 -0.12114408941786459 -0.0017082483515698994 -0.27882877540409573 0.033296845782289308 -0.12618553527994222 0.030334689858645417 0.0024343792234172643 -0.021557310499691593
leaf_weight=4571.9278220916822 12.531017681931187 384.38237481615579 570.35922689954168 288.2224450602298 276.44287023977085 19.169115464512288 79.761212318044727 1471.4639522834618 153.50380723291164 145.68064120054987 18.557111846628686 43.527091422316516 3769.9272413123399 291.02158021583455 105.89497980711712 1182.7717247879464 699.72817332339037 7.9273619502782813 43.751142933731899 0.18408082031964923 9.7862930033807043 12.306494730524717 10.87052100884466 1650.1896173283676 3.0528728030621997 13.807088311761616 5.9918662297714027 236.18871981302436 2784.8280883399511 288.4464284939404
leaf_count=905222 1755 8644 7731 3573 3387 4520 8899 42382 1630 3231 1185 5867 88419 11663 10306 22334 9711 27 366 14 47 102 476 29703 29 64 306 1905 80666 8082
internal_value=0.000251439 0.00154472 0.00761544 -0.00211823 0.00333438 -0.00334236 -0.0110418 -0.0146692 -0.000493516 0.019911 0.0299808 -0.00154024 -0.00245385 0.00227465 -0.00754728 -0.00659956 -0.00020321 -0.0193205 -0.0877881 -0.0883381 -0.0578365 -0.10716 0.00269542 -0.00248988 -0.0689429 -0.0581526 0.00371826 0.0264622 0.0020739 0.000182606
internal_weight=19152.2 12390.1 4174.79 6762.09 3604.43 6473.87 1748.44 1565.03 4725.43 183.407 164.238 8215.32 7830.94 4060.95 3769.99 3726.28 2479.52 1246.76 63.985 43.7112 118.734 56.0576 2360.79 1661.06 108.948 93.5683 3591.9 242.181 3349.72 3073.27
internal_count=1262246 291540 103832 970706 96101 967133 60281 51345 906852 8936 4416 187708 179064 100082 78982 73101 50272 22829 495 5881 10382 468 39890 30179 10335 8963 94346 2211 92135 88748
is_linear=0
shrinkage=0.05


Tree=187
num_leaves=31
num_cat=0
split_feature=6 0 3 0 17 17 3 3 17 17 3 3 9 3 4 18 18 9 5 2 5 9 3 3 0 3 17 9 5 17
split_gain=23.2643 37.2872 57.851 56.8101 78.8127 48.7017 136.992 78.7219 43.6733 46.4911 42.6225 38.8327 36.7589 34.9956 34.6804 34.307 48.3521 35.5829 32.6346 31.8945 47.2876 31.2091 65.0114 29.4237 29.1634 32.5266 28.8399 83.6346 50.7273 39.2844
threshold=1.0000000180025095e-35 0.65058139534883741 0.84561213434452875 0.68042553191489363 0.69006568144499192 0.93142633228840133 0.90038167938931302 0.63211600429645554 0.9294019933554819 0.9223227752639519 0.79337712096332802 0.85857142857142865 0.16064516129032261 0.62889245585874809 0.91715686274509822 0.91440781440781449 0.87189743589743596 0.90692640692640702 0.73214285714285732 0.78888888888888908 0.84523809523809534 0.74456521739130443 0.86240703177822864 0.70801282051282055 0.72821969696969713 0.83827375762859646 0.95916666666666683 0.31698564593301443 0.64583333333333337 0.967204301075269
decision_type=2 2 2 2 2 2 2 2 2 2 2 2 2 2 2 2 2 2 2 2 2 2 2 2 2 2 2 2 2 2
left_child=1 2 15 10 -5 8 7 13 9 19 23 -4 -13 -7 -12 16 17 -1 -18 20 -6 24 -23 -3 25 -9 -2 29 -29 -28
right_child=26 3 11 4 5 6 -8 21 -10 -11 14 12 -14 -15 -16 -17 18 -19 -20 -21 -22 22 -24 -25 -26 -27 27 28 -30 -31
leaf_value=-0.050892547025165429 -0.00024223634154208146 -0.053291840085393428 0.055769130304731941 -0.077427544380535521 0.00030688050467132024 -0.065127265661731062 0.010293935975606537 -0.063234678057604271 0.072266500220333166 -0.10341759990013713 -0.10963519864857724 -0.080495904891570685 0.032328694149085034 0.11666438684831432 0.0048042575768397974 -0.077500202374614358 0.036549657746313087 0.060466224564832596 -0.093535840327469033 0.028998932785865062 -0.075346002270311782 -0.12071526900416006 0.036539928935612129 0.047815353666589004 -0.082360258074581916 0.028635643409081309 0.014131335353522066 -0.0027233288080374136 0.030898867072373923 -0.0010275655746644931
leaf_weight=102.07456052820771 13497.477699687939 7.6834429292484847 33.440551397168747 37.286763652960872 899.5238180723718 3.6274827279230495 196.90772121846749 30.009144167356681 21.538131598772452 10.686997993478142 7.2760430336638811 14.260556365185041 14.621106435777618 9.7973396283196053 73.447347387223999 40.076349257488346 37.125582883131756 7.7157584726810446 5.5408039443791486 94.999587859252642 21.140994213101294 9.5268220165744442 21.192622605478391 113.35617937952884 102.05090159963584 14.19026277040575 512.16936135827018 151.71686619508546 430.52904427138856 2581.9681224852429
leaf_count=133196 879211 1663 365 5877 25457 519 2658 4198 229 882 825 967 78 31 1704 37410 19011 3 478 610 3705 71 31 4858 10425 360 21555 814 10266 94789
internal_value=0.000242305 -0.00496391 -0.0227809 -0.00225178 -0.00566112 -0.0037966 -0.0189468 -0.0491879 0.00180296 0.000324275 0.0226298 0.0190897 -0.0233794 0.067543 -0.0055108 -0.0363343 -0.025513 -0.0430666 0.0196563 0.00141586 -0.00143032 -0.0580431 -0.0122286 0.0413972 -0.0676662 -0.0337396 0.000827106 0.00475309 0.0221379 0.00148167
internal_weight=19103 1929.1 254.855 1674.24 1472.48 1435.19 387.302 190.395 1047.89 1026.35 201.763 62.3222 28.8817 13.4248 80.7234 192.533 152.457 109.79 42.6664 1015.66 920.665 176.97 30.7194 121.04 146.25 44.1994 17173.9 3676.38 582.246 3094.14
internal_count=1262246 255611 191508 64103 55053 49176 18293 15635 30883 30654 9050 1410 1045 550 2529 190098 152688 133199 19489 29772 29162 15085 102 6521 14983 4558 1006635 127424 11080 116344
is_linear=0
shrinkage=0.05


Tree=188
num_leaves=31
num_cat=0
split_feature=15 6 10 18 1 0 1 1 0 3 3 9 9 9 1 4 0 9 18 1 10 1 9 18 5 1 16 4 4 9
split_gain=22.3161 21.4005 38.5814 33.4098 38.3199 29.7973 60.5941 88.7549 48.7261 45.633 37.3246 31.0616 29.6914 37.9488 28.2645 140.529 55.7881 44.9159 40.4523 55.6583 38.8306 45.7026 37.6071 59.4854 50.11 52.4304 39.5492 29.7986 34.0728 28.3322
threshold=1.0000000180025095e-35 1.0000000180025095e-35 0.93112570698777597 0.91440781440781449 0.9368501714055254 0.65058139534883741 0.90154415509837216 0.91478771328621422 0.65545505935556825 0.84561213434452875 0.85857142857142865 0.16064516129032261 0.90692640692640702 0.88562091503267981 0.93252124695228156 0.97014260249554385 0.70871212121212135 0.51086956521739146 0.72330927051671745 0.93333575510994871 1.0000000180025095e-35 0.92500718803910298 0.10762548262548265 0.22684744000693063 0.76388888888888895 0.96605158730158747 1.0000000180025095e-35 0.87298335467349564 0.88273491214667699 0.46410256410256417
decision_type=2 2 2 2 2 2 2 2 2 2 2 2 2 2 2 2 2 2 2 2 2 2 2 2 2 2 2 2 2 2
left_child=-1 2 5 -4 -5 9 -7 -8 -9 12 -11 -12 13 -2 15 16 -10 18 22 -20 21 -18 23 24 25 27 -24 -16 -29 -22
right_child=1 -3 3 4 -6 6 7 8 14 10 11 -13 -14 -15 17 -17 20 -19 19 -21 29 -23 26 -25 -26 -27 -28 28 -30 -31
leaf_value=-0.053897169860570963 -0.038266597233818998 0.00084434310872309119 0.0096734551549638882 -0.095279050920306002 -0.0099954229321526748 0.029289038065085704 -0.075139375341817971 0.05447240461824894 -0.054634742559655794 0.054730788241879984 -0.076068190284727416 0.030154716778377694 0.065056354862831983 -2.021668873697597 -0.076630086823267676 -0.083860204097710903 0.085987375209465117 0.029774294983506568 0.068692069103026207 -0.048798132320091316 -0.062776641749009141 -0.058156583323445789 -0.082590752882490029 -0.060949698526051643 0.029553103779555796 -0.083336810245832837 0.023436515161217281 0.059747716723548477 -0.0053586254548767731 0.018667972288562085
leaf_weight=19.023323368339334 156.35651491157932 17143.306998293017 24.42925808345899 32.456458764383569 22.16734930081293 150.7736194105064 42.571082461780861 37.364298986922222 27.682692150345247 31.280581708739192 14.333258483187821 13.239020270993931 7.2317305356264105 0.02412036806344886 14.096848826855419 60.963555149162858 34.468446800950915 110.84466548904311 11.45331737953529 84.075722712380411 13.871586736939205 6.5428986717015496 9.2155188417145819 45.703491919826774 106.52630967041478 22.00913217663765 192.80307964957319 20.825168717303313 573.62406013160944 46.383038673549891
leaf_count=63523 170532 963253 240 317 375 10655 7170 251 3464 358 964 56 2 1 89 8835 77 982 690 12232 5590 83 281 10232 110 75 478 15 1213 103
internal_value=0.000230545 0.000284579 -0.00473091 -0.0389318 -0.0606694 -0.00325692 -0.000889348 -0.00400367 -0.00186872 -0.0204104 0.0173471 -0.0250645 -0.0339921 -0.0385725 -0.00339299 -0.0213069 0.0082666 -0.000536926 -0.00364693 -0.0347118 0.0254617 0.0629908 -0.000633537 -0.00559723 -0.00216504 -0.00752352 0.0185999 -0.0047816 -0.00307777 -8.18916e-05
internal_weight=19075.6 19056.6 1913.32 79.0531 54.6238 1834.26 1611.8 1461.02 1418.45 222.465 58.8529 27.5723 163.612 156.381 1381.09 189.912 128.949 1191.18 1080.33 95.529 101.266 41.0113 984.804 782.785 737.082 630.555 202.019 608.546 594.449 60.2546
internal_count=1262246 1198723 235470 932 692 234538 62625 51970 44800 171913 1378 1020 170535 170533 44549 18152 9317 26397 25415 12922 5853 160 12493 11734 1502 1392 759 1317 1228 5693
is_linear=0
shrinkage=0.05


Tree=189
num_leaves=31
num_cat=0
split_feature=4 5 9 1 0 2 1 2 1 3 5 0 18 0 4 6 1 0 0 3 2 3 4 1 0 4 3 0 0 0
split_gain=21.3668 86.1726 181.043 84.3355 63.7883 196.753 134.947 114.818 79.9602 74.5428 79.4947 76.8249 87.6666 73.342 166.62 68.0942 62.7277 62.3586 59.997 58.3805 79.6667 57.4289 72.9415 165.841 82.2386 85.1933 72.7069 169.348 95.4562 78.7659
threshold=0.95293466223698797 0.89898989898989912 0.3585714285714286 0.97275461380724548 0.72046511627906984 0.5634920634920636 0.89677670716380409 0.58571428571428574 0.76191700456406353 0.87895437895437911 0.76388888888888895 0.9240384615384617 1.0000000180025095e-35 0.63003220611916277 0.84273937856689929 1.0000000180025095e-35 0.94286796536796547 0.82426470588235301 0.73273809523809541 0.95293466223698786 0.38750000000000007 0.74862637362637374 0.82167318982387483 0.90401182303585059 0.71291208791208804 0.90366769774635458 0.71892556179775291 0.60922587486744451 0.58712905452035902 0.67694497153700206
decision_type=2 2 2 2 2 2 2 2 2 2 2 2 2 2 2 2 2 2 2 2 2 2 2 2 2 2 2 2 2 2
left_child=3 2 -2 4 7 18 8 21 -7 10 16 -11 -13 15 -15 -9 17 -8 -6 -4 -21 26 -23 -24 -25 -26 29 28 -28 -1
right_child=1 -3 19 -5 5 6 9 13 -10 11 -12 12 -14 14 -16 -17 -18 -19 -20 20 -22 22 23 24 25 -27 27 -29 -30 -31
leaf_value=-0.0072619348238809958 0.003246325443418273 -0.0015141132120516732 0.039269265578276064 0.024698981866415341 -0.042388338789439241 -0.88481361845403639 -0.024762721772312805 -0.043517429309176597 -0.091065600774334621 0.0040457136907035979 -0.069851184007204678 -0.15977201127732421 0.0072952993736599501 -0.095059762596310271 0.013417157220901985 0.0386983055169847 -0.069171138403853291 0.032865464037147941 0.0059657545581503317 -0.56860704343093393 -0.0099785942695532308 0.023578849780046623 0.018058610518777534 -0.067641659935456774 -0.087530958164753925 0.069359653795940848 -0.061522718208975681 -0.088343990571668835 0.036655926779845423 0.024551963803919462
leaf_weight=2410.22718731641 3583.8573297390922 8186.9930105548501 498.5391518457327 282.39124223356339 68.173176050219809 0.31873078377520769 255.28774805076773 27.066539087667479 69.912791608890984 294.51922750702033 121.27026957284761 16.081253454089168 15.344808708967319 39.542680419647695 337.81579532191427 362.27260213171758 62.125451385605629 57.519170409899743 1087.2920794416104 0.64648836615378868 49.902129739552038 395.04683493856282 260.81492111435364 118.43122923211467 13.069780809990332 25.60263204837247 36.798293044867023 87.090320658959172 75.663997768488116 211.63961298764661
leaf_count=822589 96101 187708 6334 3573 4630 34 8063 1636 6371 5308 2955 81 1450 1657 6111 2806 2631 776 34403 22 1375 16124 12189 7508 857 225 6397 11426 3750 7156
internal_value=0.000219268 0.00145699 0.00734248 -0.00204607 -0.0032172 -0.0105072 -0.0281426 0.000174873 -0.0946679 -0.0224597 -0.034662 -0.00388362 -0.0781959 0.0177581 0.00205007 0.0329827 -0.0232802 -0.014166 0.00311283 0.0340778 -0.0171231 -0.00353442 0.00817452 -0.00638677 -0.0469697 0.0163367 -0.00690824 -0.0360021 0.00453132 -0.00469389
internal_weight=19051.3 12319.9 4132.95 6731.32 6448.93 2047.84 892.379 4401.08 70.2315 822.148 496.203 325.945 31.4261 766.698 377.358 389.339 374.932 312.807 1155.47 549.088 50.5486 3634.38 812.965 417.919 157.104 38.6724 2821.42 199.553 112.462 2621.87
internal_count=1262246 291540 103832 970706 967133 66702 27669 900431 6405 21264 14425 6839 1531 12210 7768 4442 11470 8839 39033 7731 1397 888221 36903 20779 8590 1082 851318 21573 10147 829745
is_linear=0
shrinkage=0.05


Tree=190
num_leaves=31
num_cat=0
split_feature=11 2 2 9 2 10 18 10 1 3 8 10 9 10 16 2 8 8 18 3 3 8 8 18 10 17 18 3 17 17
split_gain=21.1031 24.6447 37.6284 22.6878 137.9 62.2607 57.6627 65.1431 54.7469 65.9722 48.2495 47.8119 47.7745 57.1702 56.4902 46 59.3033 49.4303 44.1509 43.9284 136.126 46.021 43.925 39.3006 39.2318 38.4868 36.6664 34.3217 68.144 104.637
threshold=1.0000000180025095e-35 0.78888888888888908 0.88194444444444453 0.3585714285714286 0.88194444444444453 0.56939375506893763 0.60889328063241122 0.47641299510458396 0.44690001356668024 0.55625879043600579 0.12917130144605118 0.48107236684977317 0.18350168350168353 0.56019323671497601 1.0000000180025095e-35 0.81666666666666676 0.53589837997054501 0.50238095238095248 0.98393548387096785 0.83047895500725699 0.84561213434452875 0.46410162002945515 0.20067114093959734 0.57192118226600996 0.9182634657269414 0.36626016260162603 0.72330927051671745 0.63211600429645554 0.89528508771929838 0.90098039215686287
decision_type=2 2 2 2 2 2 2 2 2 2 2 2 2 2 2 2 2 2 2 2 2 2 2 2 2 2 2 2 2 2
left_child=1 -1 -3 6 5 -5 12 19 26 -10 -11 -12 25 -14 -15 -7 17 -17 24 -8 22 -22 -21 -16 -13 -2 -9 28 -27 -30
right_child=3 2 -4 4 -6 15 7 8 9 10 11 18 13 14 23 16 -18 -19 -20 20 21 -23 -24 -25 -26 27 -28 -29 29 -31
leaf_value=-0.0099143437242527072 -0.073054585509283343 -0.12994024965698889 0.0068362759762449089 0.041150225955316533 0.039298463949464464 0.0013049989456509526 -0.05357662355501313 -0.073841674064865526 -0.057421565675134657 0.043267920097826082 0.044862659106228137 -0.0075752967758301237 0.023085053323153561 -0.075795303097248246 0.01538186682375331 -0.02816824731532401 -0.061795841629614712 0.082500734739946305 -0.061238952612353285 0.09577905395914009 -0.03866342204485701 0.060125990222772319 -0.063551666036353135 -0.078263848023444563 0.05440070421616159 0.0018254177156693105 0.045304262557000485 -0.00079655827659682774 0.12308288660355581 0.020299982123269718
leaf_weight=193.33634105878446 18.046766128001764 11.075984197072103 9.2094752096309094 96.417359429877251 251.62031277452479 4784.7127399339224 115.17376917003389 7.0584571539411618 61.22449284271579 51.143916672006526 44.394876061405739 1275.0194600911793 448.56949606836497 29.256169289586978 86.495263400953263 26.479497214779258 65.035674550570548 16.301194714382291 37.675159365414402 30.985184616064544 182.29817446111883 12.60402859655005 5.0275273985580489 12.870931245386599 26.056547529995441 672.51911961152382 75.816838566449405 10163.29643436008 28.822505489163632 175.76072763293814
leaf_count=4219 5934 106 603 1080 11609 24952 687564 1596 105020 611 2495 27682 3197 393 234 113 459 13 1535 5015 131546 64 7673 64 15 99926 9937 105945 1468 21178
internal_value=0.000211329 -0.0154154 -0.0678445 0.000388887 0.00318286 0.00136135 -0.000690897 -0.00870813 -0.00440054 -0.00659264 -0.00442294 -0.00618638 0.000635115 0.0146587 -0.014728 0.000577225 -0.0317202 0.0140012 -0.00787924 -0.0283535 -0.015773 -0.0322749 0.0735358 0.00325191 -0.00633411 -9.68429e-05 0.0351566 2.24147e-05 0.00951215 0.0347804
internal_weight=19014.3 213.622 20.2855 18800.7 5240.57 4988.95 13560.1 1924.48 1578.39 1495.51 1434.29 1383.15 11635.6 577.192 128.622 4892.53 107.816 42.7807 1338.75 346.089 230.915 194.902 36.0127 99.3662 1301.08 11058.4 82.8753 11040.4 877.102 204.583
internal_count=1262246 4928 709 1257318 38226 26617 1219092 980753 148891 137358 32338 31727 238339 3888 691 25537 585 126 29232 831862 144298 131610 12688 298 27697 234451 11533 228517 122572 22646
is_linear=0
shrinkage=0.05


Tree=191
num_leaves=31
num_cat=0
split_feature=17 10 6 17 5 4 0 4 0 17 5 0 1 6 4 14 7 0 1 6 13 18 1 10 4 1 9 1 0 0
split_gain=20.474 79.0794 60.2735 59.2871 53.6487 50.9552 79.6918 45.5094 41.1969 39.8012 54.6676 58.3397 110.595 36.9634 68.88 36.8403 41.8664 106.209 36.2055 43.1735 35.7358 34.6804 33.4993 30.5217 28.8498 32.8673 27.8228 47.2506 49.802 27.622
threshold=0.97937925170068041 0.56939375506893763 1.0000000180025095e-35 0.967204301075269 0.58571428571428574 0.97979591836734703 0.94519519519519524 0.81872946330777663 0.81322674418604668 0.95916666666666683 0.38750000000000007 0.67694497153700206 0.91277995249532262 0.75000000000000011 0.97332859174964448 1.0000000180025095e-35 1.0000000180025095e-35 0.73273809523809541 0.89143241167434728 1.0000000180025095e-35 1.0000000180025095e-35 0.30451766304347833 0.93055754822254111 0.96785673286649077 0.96590468810538554 0.98759469696969704 0.24500000000000002 0.94286796536796547 0.63714733542319768 0.72821969696969713
decision_type=2 2 2 2 2 2 2 2 2 2 2 2 2 2 2 2 2 2 2 2 2 2 2 2 2 2 2 2 2 2
left_child=3 5 8 9 -5 6 7 20 -3 -1 22 -12 23 14 -14 21 17 26 19 -9 -2 -7 -11 -13 -20 -26 27 28 -17 -6
right_child=1 2 -4 4 29 15 -8 18 -10 10 11 12 13 -15 -16 16 -18 -19 24 -21 -22 -23 -24 -25 25 -27 -28 -29 -30 -31
leaf_value=-0.00050433576181135322 -0.059199365082835458 -0.073322166882439394 0.026943312789708813 -0.076852967235129382 0.0071592989380347988 0.012712196766742113 0.029789468825057137 0.034585240739588956 0.014488789874690473 -0.073455362754608594 0.034500176464324218 -0.087984327154901343 -0.0082288686957980219 0.017019869087781844 -0.20436397318670957 -0.0086881798712668008 0.0023777889456653525 -0.038702641773054755 0.0095198220281843705 -0.089917512245154374 0.063653499913468622 -0.048625816908335381 -1.0125895503727655 -0.55907734503764939 -0.29379835567955054 -0.015211420293055162 0.086665786638630532 0.028109212816416734 -0.14076788330241613 -0.020480348947400858
leaf_weight=14942.468621908418 50.439707629589975 26.471316985262092 484.24611246489803 35.4168041799403 124.09039105814372 31.548777502554003 317.40902664745954 10.453974154003847 26.960906229978718 16.244005952074989 226.50958084647937 26.956571279424683 92.961079173675898 358.96788893699704 4.7027858882493083 41.643016546782746 1031.5266777329671 229.64528676500868 337.88265287188915 20.851640016288002 6.7063627243041983 85.487752100012585 0.095513902666424566 0.34826582262758066 1.6683926633922954 2.8972516132489545 12.224125968758015 99.946591923689994 8.6131421195805142 332.85791483934736
leaf_count=1099090 35872 606 9485 11148 2618 161 2518 733 175 14107 6400 2959 2795 5483 489 571 16376 4176 10107 2037 1 24298 26 8 74 68 14 577 660 8614
internal_value=0.00020123 0.00412711 0.0213825 -0.000485396 -0.0175693 7.37854e-05 0.010778 -0.00322615 -0.0290144 5.14225e-05 0.0114776 0.0135573 0.00375479 0.00959973 -0.0176733 -0.00512542 -0.00290851 -0.0168166 0.00312764 -0.0483419 -0.044782 -0.0320913 -0.0789451 -0.093993 0.00783283 -0.117014 0.0141268 0.00822331 -0.0313246 -0.0129744
internal_weight=18988.2 2826.62 537.678 16161.6 492.365 2288.94 748.309 430.9 53.4322 15669.3 726.786 710.446 483.937 456.632 97.6639 1540.64 1423.6 392.072 373.754 31.3056 57.1461 117.037 16.3395 27.3048 342.448 4.56564 162.427 150.203 50.2562 456.948
internal_count=1262246 108509 10266 1153737 22380 98243 51410 48892 781 1131357 32267 18134 11734 8767 3284 46833 22374 5998 13019 2770 35873 24459 14133 2967 10249 142 1822 1808 1231 11232
is_linear=0
shrinkage=0.05


Tree=192
num_leaves=31
num_cat=0
split_feature=15 4 14 1 0 2 1 2 17 6 17 6 0 4 17 3 17 0 3 1 17 4 0 1 3 4 17 3 1 1
split_gain=21.0129 20.2873 80.5564 76.6827 57.0162 174.875 124.62 101.35 88.1102 95.4417 86.146 67.079 62.3735 150.813 61.2226 85.4383 118.816 125.673 109.549 89.3712 138.286 88.2594 87.0113 85.7727 91.4604 80.1873 75.8439 72.2976 69.4385 68.4452
threshold=1.0000000180025095e-35 0.95293466223698797 0.75000000000000011 0.97275461380724548 0.72046511627906984 0.5634920634920636 0.89677670716380409 0.58571428571428574 0.9240384615384617 1.0000000180025095e-35 0.79449472096530926 1.0000000180025095e-35 0.65751879699248128 0.84273937856689929 0.68237250554323736 0.76239567992145318 0.85239651416122009 0.67694497153700206 0.6224318658280924 0.87686537090526917 0.77459677419354855 0.76631205673758873 0.65261756876663723 0.90401182303585059 0.74862637362637374 0.84273937856689929 0.84924242424242435 0.27072835547411828 0.89600260126347087 0.60478758169934654
decision_type=2 2 2 2 2 2 2 2 2 2 2 2 2 2 2 2 2 2 2 2 2 2 2 2 2 2 2 2 2 2
left_child=-1 3 -3 4 7 -6 -7 14 9 -8 -9 -12 -13 -14 -2 16 17 -16 21 -17 22 27 -21 24 25 -20 -22 -18 -26 -29
right_child=1 2 -4 -5 5 6 8 10 -10 -11 11 12 13 -15 15 19 18 -19 23 20 26 -23 -24 -25 28 -27 -28 29 -30 -31
leaf_value=-0.053766104522014274 0.0056959374017299738 0.00064006913977087234 0.021687311777434007 0.02385468641364346 0.0029239345548836768 -0.09142221379182508 0.011642104086947101 -0.048781365352576753 -0.0083454920494616704 -0.056118633296364365 -0.022567001051211261 0.037379489243762179 -0.11890562443238657 0.018991746458384511 -0.036939001901028799 0.03355046174746603 0.026123675350244752 0.017331814721851305 -0.014445184819828458 -0.10282897996437575 -0.098618808908977368 0.047699731454694819 0.029959295820504651 -0.073307292652284584 -0.086558733560631831 -0.099227484657312584 -0.020699395816768863 -0.066683637312794627 0.066331527234848628 -0.0031887969444212277
leaf_weight=18.025514997912978 1234.7638694188136 11796.760888617473 472.84375739641837 275.52239164969069 1147.9536212167927 68.423170495897921 65.655480987647024 46.889454335047958 509.3469662244579 249.23911547427997 77.84832286755227 428.45813579057358 22.339769607198832 176.30263971966269 653.59975233534806 222.21644515146727 184.92113544997937 127.47697829247772 216.8741154504005 13.21614279850837 42.418446455740195 127.76583155369735 185.37680142601675 70.204120365440758 8.7086134177661716 32.004820924161322 118.3989080606807 50.290212922352111 50.440746453654356 272.00456537153877
leaf_count=63523 325252 273389 14722 3542 37828 6401 1524 2085 11551 8113 3855 3241 973 2032 252058 10116 22624 4089 30802 737 2815 4426 3372 7045 1665 3471 5632 73797 364 81202
internal_value=0.000192799 0.00024413 0.00145118 -0.00197339 -0.00308476 -0.00998335 -0.0265819 0.000142139 -0.0211993 -0.0419905 0.0168432 0.0212082 0.0266425 0.0034835 -0.00333546 -0.00802908 -0.0134274 -0.0280816 -0.00213055 0.00862439 -0.00678691 0.0105583 0.0211224 -0.0234327 -0.0120656 -0.0253478 -0.041252 0.00120248 0.0438214 -0.0130964
internal_weight=18966.3 18948.3 12269.6 6678.66 6403.14 2040.62 892.665 4362.52 824.242 314.895 751.838 704.949 627.101 198.642 3610.68 2375.92 1794.29 781.077 1013.21 581.627 359.41 634.982 198.593 378.232 308.028 248.879 160.817 507.216 59.1494 322.295
internal_count=1262246 1198723 288111 910612 907070 65417 27589 841653 21188 9637 12186 10101 6246 3005 829467 504215 481543 256147 225396 22672 12556 182049 4109 43347 36302 34273 8447 177623 2029 154999
is_linear=0
shrinkage=0.05


Tree=193
num_leaves=31
num_cat=0
split_feature=16 9 18 1 9 1 6 6 1 5 4 4 5 1 11 2 1 1 8 4 1 4 9 5 2 2 1 1 0 8
split_gain=20.5619 44.2764 46.1966 35.7715 37.0958 40.6011 29.0594 26.4161 34.9814 32.8226 24.2395 37.702 55.3618 65.9167 41.5176 34.9665 26.6356 26.3931 35.421 24.2955 46.9797 44.3077 36.8814 66.3018 64.5244 45.9137 45.4627 43.3749 45.3508 49.7368
threshold=1.0000000180025095e-35 0.61721611721611735 0.8577380952380953 0.93252124695228156 0.76696832579185525 0.50476968565203861 1.0000000180025095e-35 0.75000000000000011 0.89822449252492154 0.89898989898989912 0.11483516483516483 0.50944741532976834 0.2678571428571429 0.86541041378793249 0.75000000000000011 0.07417582417582419 0.86875977332306753 0.48289032723214936 0.66018867924528313 0.95293466223698797 0.97861904761904772 0.94804318488529027 0.25462962962962971 0.81666666666666676 0.88194444444444453 0.40833333333333338 0.78380811563755948 0.89249283325370299 0.73273809523809541 0.53589837997054501
decision_type=2 2 2 2 2 2 2 2 2 2 2 2 2 2 2 2 2 2 2 2 2 2 2 2 2 2 2 2 2 2
left_child=-1 10 -3 4 5 -4 -7 -8 -9 -10 -2 17 13 15 19 -13 -15 18 -12 20 21 -14 -21 -24 25 -25 -27 28 29 -28
right_child=1 2 3 -5 -6 6 7 8 9 -11 11 12 14 16 -16 -17 -18 -19 -20 22 -22 -23 23 24 -26 26 27 -29 -30 -31
leaf_value=-0.0014095282503050694 0.047473484803553206 0.037162727079799673 -0.13469879011166963 0.02726844005812892 0.021268926525027904 -0.069769601485775309 0.011446681251700263 -0.00080739133483890332 -0.0023212648724077025 -0.11622115209251793 -0.080840337989990435 0.032460431931756656 -0.0047852628695525257 0.091625188850470718 0.047375311859463004 -0.06242157211303543 0.036036787781999258 -0.053047672851624254 0.029436266178369714 0.00012335734109890782 0.031954268556071579 -0.088110443186857804 0.034363175923970944 0.06615532930456916 0.036647894373659312 -0.10727184872288718 0.020342678891714323 -0.0062498882902501246 0.055840845463507864 -0.11617638697861039
leaf_weight=9777.5838437688653 27.921350449536476 168.89132138428977 6.9600261636078349 139.23670845400193 100.40217991778627 19.364570281468332 99.584950993652456 43.429915046319366 10.145530259003865 16.796848709695041 9.7996068109814569 17.222087878495131 2205.9120539189544 33.618335981784185 47.262050702644046 22.261584659172968 60.025999740504631 54.885131293177437 28.340561980381608 4764.778215063071 87.545424652271322 16.070102170169775 225.98294561827788 24.600562058389187 131.66950933693442 10.358352822018785 24.818934314884245 677.18593788344879 60.561675637960434 9.124360118294133
leaf_count=975992 341 1877 34 3538 559 99 582 231 113 128 4494 5903 95295 257 524 15279 1901 41302 31 105875 616 485 1734 8 2992 43 31 1831 100 51
internal_value=0.000184458 0.00188875 0.0149621 0.00636079 -0.00345137 -0.0160963 -0.0117361 -0.00512392 -0.0285732 -0.0733306 0.000962873 0.000810308 0.0011601 0.0331475 0.000646159 -0.0210357 0.055993 -0.0308464 0.00110217 0.00037809 -0.0039724 -0.0053879 0.00207272 0.0100502 0.00419477 -0.00110255 -0.00321825 -0.00182155 0.0299102 -0.0163553
internal_weight=18922.3 9144.76 604.812 435.921 296.684 196.282 189.322 169.957 70.3723 26.9424 8539.94 8512.02 8419 133.128 8285.87 39.4837 93.6443 93.0253 38.1402 8238.61 2309.53 2221.98 5929.08 1164.3 938.319 806.65 782.049 771.691 94.505 33.9433
internal_count=1262246 286254 7161 5284 1746 1187 1153 1054 472 241 279093 278752 232925 23340 209585 21182 2158 45827 4525 209061 96396 95780 112665 6790 5056 2064 2056 2013 182 82
is_linear=0
shrinkage=0.05


Tree=194
num_leaves=31
num_cat=0
split_feature=15 6 10 17 4 9 3 3 5 4 5 4 0 3 3 9 4 3 17 17 5 10 8 10 3 0 0 17 17 0
split_gain=19.849 19.8779 34.5875 39.8119 40.3017 37.5152 35.055 48.072 33.0053 81.6865 50.4214 41.4005 40.1969 44.5968 38.0538 32.1827 30.2716 28.0676 98.1108 38.5619 33.2607 26.4245 39.0988 36.9612 34.1587 50.7629 68.9834 45.1073 36.1262 32.3583
threshold=1.0000000180025095e-35 1.0000000180025095e-35 0.93112570698777597 0.65058139534883741 0.7701575532900834 0.97368421052631582 0.64425612052730707 0.70801282051282055 0.53571428571428581 0.85857142857142865 0.73214285714285732 0.91545844394527276 0.63714733542319768 0.77303030303030307 0.83827375762859646 0.87867647058823539 0.81120250685468098 0.84660633484162906 0.74388789505068587 0.96992311171415657 0.86607142857142871 0.96785673286649077 0.93364779874213844 0.94761785981541546 0.46709956709956718 0.14784456587735281 0.1811868686868687 0.58397435897435912 0.6195238095238097 0.36140661938534285
decision_type=2 2 2 2 2 2 2 2 2 2 2 2 2 2 2 2 2 2 2 2 2 2 2 2 2 2 2 2 2 2
left_child=-1 2 3 5 -5 -2 16 -8 12 -10 11 14 -9 -14 -11 -4 -6 19 -19 20 -12 22 -3 -24 25 -23 28 -28 -27 -29
right_child=1 21 15 4 6 -7 7 8 9 10 17 -13 13 -15 -16 -17 -18 18 -20 -21 -22 24 23 -25 -26 26 27 29 -30 -31
leaf_value=-0.053622302121597 -0.062561649449151033 0.00062262947492476789 -0.060513263188167257 -0.058763753890738193 -0.06377808106584526 0.063792099829725155 -0.063404084670625652 -0.080861376457351308 -0.064237906849204204 -0.070615601955778429 0.014314705917439162 -0.13882069566685643 0.07247397814358178 0.0090315378980632237 0.01257682355956348 0.0077663144662756343 0.049993277540101723 -0.070350953930924942 -0.0003703056753051708 -0.040668184587001208 -0.069047346313327165 0.018375107093986955 -0.063703218113878898 -0.010057838618106137 0.018198900775895033 -0.23979657714917579 0.015933316594821782 -0.087479965087908507 -0.07509844413844341 0.02054377592275632
leaf_weight=17.12889036629349 45.516966795233202 16179.183903078505 51.078427803236991 30.682918494994738 6.591266793396243 6.7450361251831046 31.565460857761536 8.771162968620045 52.943334668829266 26.359773363835302 544.97597658820087 9.7894034979144617 41.229263089680899 84.415729624461164 28.724997924597119 26.063622683752328 51.756030129237843 53.799041459056753 725.33689197817966 36.349195568191135 12.234218802318535 101.35020841285586 42.616591824335046 130.22023431910202 454.51676631218288 5.0672550220042458 50.01571280322969 25.467593558132648 9.7091556861996633 9.5252982322126609
leaf_count=63523 53065 955483 563 105764 3033 1 6972 3768 7447 5685 12535 645 1102 6275 904 369 2320 3509 16487 2620 2406 136 252 532 6535 33 74 124 49 35
internal_value=0.000177133 0.000225936 -0.00466007 -0.00325333 -0.00196586 -0.0462542 -0.000949603 -0.00229128 -0.00110412 -0.00324406 -0.00099776 -0.0440717 0.0226253 0.0298496 -0.0272333 -0.037444 0.037141 0.00103793 -0.00520244 0.00922936 0.0124844 0.00076457 0.000369929 -0.0232852 0.010607 -0.006549 -0.0318641 -0.0145315 -0.131578 -0.0580752
internal_weight=18899.7 18882.6 1874.93 1797.79 1745.52 52.262 1714.84 1656.49 1624.93 1490.51 1437.57 64.8742 134.416 125.645 55.0848 77.1421 58.3473 1372.7 779.136 593.559 557.21 17007.7 16352 172.837 655.652 201.135 99.785 85.0086 14.7764 34.9929
internal_count=1262246 1198723 235470 234538 181472 53066 75708 70355 63383 52238 44791 7234 11145 7377 6589 932 5353 37557 19996 17561 14941 963253 956267 784 6986 451 315 233 82 159
is_linear=0
shrinkage=0.05


Tree=195
num_leaves=31
num_cat=0
split_feature=15 11 17 17 17 0 1 10 1 10 10 10 0 1 2 16 9 2 17 10 10 0 18 10 0 5 0 2 0 17
split_gain=18.8209 18.8559 24.1814 35.5802 26.3559 25.5149 26.6763 41.5283 24.783 24.6257 20.8973 19.7006 35.7338 22.1562 21.8238 18.8198 44.8225 70.6529 35.5166 32.7777 31.6288 29.5025 49.3725 33.2734 43.712 31.9222 41.404 121.749 78.9947 72.023
threshold=1.0000000180025095e-35 1.0000000180025095e-35 0.70412457912457926 0.76393188854489169 0.80707196029776684 0.81322674418604668 0.94074345606603682 0.88942052099946844 0.9368501714055254 0.76980056980056988 0.94761785981541546 0.47910429141716571 0.66927083333333348 0.91478771328621422 0.73214285714285732 1.0000000180025095e-35 0.25462962962962971 0.88194444444444453 0.36626016260162603 0.63798951588035779 0.93112570698777597 0.42146381578947373 0.72509541984732839 0.53361581920903967 0.27055180180180188 0.2678571428571429 0.5300120048019209 0.58571428571428574 0.51389961389961403 0.51887464387464399
decision_type=2 2 2 2 2 2 2 2 2 2 2 2 2 2 2 2 2 2 2 2 2 2 2 2 2 2 2 2 2 2
left_child=-1 2 9 -4 8 11 -7 -8 -5 -2 -9 -6 13 -13 -14 -3 18 19 -17 -18 -21 22 23 24 -20 -23 27 29 -29 -27
right_child=1 15 3 4 5 6 7 10 -10 -11 -12 12 14 -15 -16 16 17 -19 21 20 -22 25 -24 -25 -26 26 -28 28 -30 -31
leaf_value=-0.053474097183874525 -0.098477581085836374 -0.0011508754740320764 -0.10027479045332753 0.030508452013691029 0.043236197344797382 0.044294988952771959 -0.0041986240975718046 -0.29304622601436148 -0.078730099504218914 0.019404877370639683 -0.079084720292073335 -0.099040197387643525 -0.095169793301294492 -0.000325765659797343 -0.24011136479242548 -0.075392120376427507 0.022522034853826332 0.039497251661051093 -0.068121289063927767 0.0013424698261697405 0.020864320274823406 0.031594422530857189 -0.057055052047508208 0.066857766275615668 0.022035711584826402 -0.012362249688283951 0.00010848049244331336 0.03024473066614335 -0.08703675741452456 -0.060782327013591757
leaf_weight=16.337525737028045 4.7808397800890807 9645.3165055581685 14.467017919259886 36.264087961284531 4.5156918603461227 17.061674789994868 18.124011047286334 2.0125123851466915 6.0596860196528715 60.41672891471535 2.6358339133439586 8.0744255692443421 15.832802628166975 19.202369851293042 3.1066580545157185 15.665459559691042 251.89304695022292 162.78831896191696 14.55544206082959 1915.2541793963755 232.68941987253493 75.610415774724061 20.702573158245286 37.184388628280431 176.13372696680199 174.39399106259134 5620.3200164091268 151.81921181543021 15.857108864919608 137.23609154073984
leaf_count=63523 1083 931169 477 373 1555 56 769 28 134 104 27 106 129 42 21 4180 833 5942 7836 8649 1631 11388 32071 174 11550 7751 147761 1874 912 20098
internal_value=0.000168418 0.000214886 -0.0145932 -0.0258109 -0.0177044 -0.0329265 -0.00297641 -0.0383934 0.0148683 0.0107607 -0.17172 -0.0564428 -0.0661823 -0.029547 -0.118945 0.000383677 0.00202788 0.00762067 -0.000197806 0.00545838 0.0034573 -1.44328e-05 0.0168744 0.023591 0.015154 -0.000694271 -0.00109452 -0.0152008 0.0191534 -0.0336856
internal_weight=18876.3 18860 212.554 147.357 132.89 90.566 39.834 22.7724 42.3238 65.1976 4.64835 50.7319 46.2163 27.2768 18.9395 18647.4 9002.1 2562.62 6439.48 2399.84 2147.94 6423.81 248.576 227.874 190.689 6175.24 6099.63 479.306 167.676 311.63
internal_count=1262246 1198723 4904 3717 3240 2733 880 824 507 1187 55 1853 298 148 150 1193819 262650 17055 245595 11113 10280 241415 51631 19560 19386 189784 178396 30635 2786 27849
is_linear=0
shrinkage=0.05


Tree=196
num_leaves=31
num_cat=0
split_feature=9 1 17 4 4 18 10 3 17 3 0 6 3 3 0 17 0 10 1 9 10 9 14 9 16 9 1 18 18 10
split_gain=18.461 47.7779 36.154 49.4436 67.0363 29.927 38.0886 35.02 35.81 36.4704 49.8135 32.675 29.109 33.6671 41.1192 27.9041 25.5455 25.7731 24.5284 22.7343 21.8872 20.5735 30.9809 25.0549 18.9798 32.6296 51.1237 49.5879 32.2296 93.4545
threshold=0.88562091503267981 0.71949134866691189 0.60172413793103463 0.121830550401979 0.50944741532976834 0.98518437225636535 0.96785673286649077 0.74543037554004665 0.77003205128205143 0.87895437895437911 0.72456896551724148 1.0000000180025095e-35 0.77303030303030307 0.84561213434452875 0.66927083333333348 0.71563342318059309 0.56306818181818197 0.72176684881602926 0.88608889842409122 0.82480818414322254 0.87103942652329758 0.82480818414322254 0.75000000000000011 0.77097902097902116 1.0000000180025095e-35 0.5590277777777779 0.93252124695228156 0.82512135922330099 0.52548558703451709 0.4688247607655503
decision_type=2 2 2 2 2 2 2 2 2 2 2 2 2 2 2 2 2 2 2 2 2 2 2 2 2 2 2 2 2 2
left_child=5 2 -2 -4 -5 6 24 16 9 10 15 -8 -10 14 -14 18 17 -7 -9 -20 -16 22 23 -18 28 -26 27 -27 -1 -30
right_child=1 -3 3 4 -6 7 11 8 12 -11 -12 -13 13 -15 20 -17 21 -19 19 -21 -22 -23 -24 -25 25 26 -28 -29 29 -31
leaf_value=0.00047912611746366409 0.013783621389203164 0.032780449986822502 0.047366518023417618 -0.082616486511304169 0.014221598444404245 -0.078023260310318615 -0.084311625460405326 -0.21346524125452007 0.022509649406868712 0.060188359249025984 -0.064642382886357347 0.021403826278717619 -0.0071467152824016712 -0.012019747805542899 -0.017293255417722638 0.048287928715634768 -0.0781841571777252 -0.010282012744557976 0.0045394269717973527 -0.21824206621605785 -0.12094574645063037 -0.29830827368736329 0.034218949170683681 -0.41789946899590025 0.00077835481894191014 0.031754747054525315 0.03136425748321299 -0.0077492285527760206 -0.050853735117965586 -0.0041666455740562358
leaf_weight=5886.9872617838355 125.41918182745576 151.64643652411178 17.897974535822868 46.115908324718475 29.179227549349889 16.491739254903223 7.5104478355497113 1.367324283122797 40.543037975584411 33.992824688846667 23.059200773526754 272.99603511404712 21.91266566910781 150.77898809884209 6.5645471780453617 41.812511908927263 28.656958011054488 94.489648892893456 63.624358842543188 1.1661418788135041 22.719139257911593 0.94779131188988586 6.7521574459478861 0.55323080345988174 8214.0689294292661 105.80246292037191 229.98334195971256 318.80749243544415 111.48234286729166 2782.6706797479947
leaf_count=93137 186 6058 11 232 84 31936 83 236 754 385 891 1445 455 6422 1235 478 3655 355 1233 9 171 10 321 6 270100 492 5136 1778 669304 165648
internal_value=0.000160846 0.0112153 -0.00374391 -0.0273324 -0.0450887 -6.05691e-05 0.000293514 -0.011491 -0.00392789 0.0140396 0.00206731 0.0185733 -0.0161539 -0.023915 -0.0589477 0.0163145 -0.0323323 -0.0203483 -0.0038931 0.00052966 -0.0977099 -0.068366 -0.0623058 -0.0846182 2.99429e-06 0.00163451 0.0123779 0.0020942 -0.00164478 -0.00596503
internal_weight=18856 370.259 218.612 93.1931 75.2951 18485.7 17930.3 555.432 407.541 165.022 131.03 280.506 242.518 201.975 51.1964 107.97 147.892 110.981 66.1578 64.7905 29.2837 36.9101 35.9623 29.2102 17649.8 8868.66 654.593 424.61 8781.14 2894.15
internal_count=1262246 6571 513 327 316 1255675 1207123 48552 12269 3232 2847 1528 9037 8283 1861 1956 36283 32291 1478 1242 1406 3992 3982 3661 1205595 277506 7406 2270 928089 834952
is_linear=0
shrinkage=0.05


Tree=197
num_leaves=31
num_cat=0
split_feature=15 6 17 4 1 1 13 4 17 5 1 17 3 3 1 3 1 2 17 14 1 10 1 5 2 3 3 1 4 3
split_gain=17.841 17.9747 31.6347 41.8007 35.2958 108.089 85.9243 42.4003 52.3429 48.2553 42.5389 37.3125 108.995 39.546 46.5505 38.8673 60.3995 118.403 42.6607 41.4914 33.7809 33.3314 35.7815 33.0308 37.9332 31.9068 31.8124 31.6991 44.0245 32.0203
threshold=1.0000000180025095e-35 1.0000000180025095e-35 0.67890835579514841 0.7701575532900834 0.90303475935828892 0.91478771328621422 1.0000000180025095e-35 0.90070422535211281 0.75235849056603787 0.73214285714285732 0.90000871080139377 0.967204301075269 0.92031746031746042 0.92031746031746042 0.95557078971939668 0.84660633484162906 0.94286796536796547 0.61250000000000016 0.7363455809334658 0.75000000000000011 0.93584259259259273 0.41799477190319595 0.88381521796705353 0.89898989898989912 0.58571428571428574 0.8402898550724639 0.80206185567010324 0.91933029309284697 0.31139971139971151 0.30860805860805868
decision_type=2 2 2 2 2 2 2 2 2 2 2 2 2 2 2 2 2 2 2 2 2 2 2 2 2 2 2 2 2 2
left_child=-1 2 26 -4 7 6 -6 9 -9 10 21 13 25 14 15 -7 17 20 -18 -19 -17 -5 -23 24 -15 -13 27 28 29 -2
right_child=1 -3 3 4 5 11 -8 8 -10 -11 -12 12 -14 23 -16 16 18 19 -20 -21 -22 22 -24 -25 -26 -27 -28 -29 -30 -31
leaf_value=-0.053335261896199262 -0.089167426036474151 0.00070972881370561349 -0.059583487319587618 -0.054374128330291364 -0.071489734645711456 0.0083255921128413627 -0.89997012234595763 -0.10308884758831725 0.043091786380807372 -0.052623016882488383 0.061106277131467303 -0.028292153166733072 0.0094760930253311882 -0.16427249644760636 0.031221594674752096 0.027302281367973809 -0.12167936332871523 -0.096985439397296438 0.001154819184372634 -0.55080491118750441 -0.085085780697913518 0.035029989562713283 -0.061482574298169883 -0.19565578161854208 -0.016448242904898609 -0.083975508243458438 -0.073243085744753175 0.033586883798824359 -0.076302093975206806 0.063379134003333198
leaf_weight=15.576591117853239 4.6382605149333367 16957.302570566299 31.933332331025667 25.173179659072048 50.507357509008216 549.6060371094236 0.3149133650585999 6.4503306535007132 120.9553230286474 37.51875512640072 32.526385963497887 46.882213840025543 133.22388063517428 4.8122559081239151 131.67940043737326 40.498440701963773 7.2280049041655721 47.955514553444118 320.38498845261529 0.5089992715511461 8.0081668423008505 45.375985214542197 12.181709098509598 3.2460381801211033 44.201789028444182 57.008865693040207 31.58726617438424 24.139797506349169 28.04481964695924 13.315939537415034
leaf_count=63523 10922 963253 98577 12235 8440 16066 7 1017 2038 2273 1135 4677 1817 179 1331 915 407 5145 6298 10 343 2622 1094 213 1082 3626 5290 542 46671 498
internal_value=0.000153663 0.000197941 -0.00446818 -0.00289965 -0.00185108 -0.00499814 -0.0766233 0.0143915 0.0356909 -0.00337092 0.0126617 -0.00238917 -0.0204597 0.00131059 0.0033191 -0.000452421 -0.0118152 -0.046478 -0.00155523 -0.101752 0.00874765 -0.00638471 0.0146037 -0.0411915 -0.0309618 -0.0588477 -0.0315777 -0.0128135 -0.037164 0.0239705
internal_weight=18832.8 18817.2 1859.91 1758.18 1726.25 1446.07 50.8223 280.182 127.406 152.776 115.257 1395.24 237.115 1158.13 1105.87 974.19 424.584 96.9711 327.613 48.4645 48.5066 82.7309 57.5577 52.2601 49.014 103.891 101.726 70.1388 45.999 17.9542
internal_count=1262246 1198723 235470 171547 72970 50556 8447 22414 3055 19359 17086 42109 10120 31989 30515 29184 13118 6413 6705 5155 1258 15951 3716 1474 1261 8303 63923 58633 58091 11420
is_linear=0
shrinkage=0.05


Tree=198
num_leaves=31
num_cat=0
split_feature=9 10 2 6 2 4 1 6 1 2 13 17 8 10 1 1 4 13 3 18 10 17 4 1 10 18 10 9 8 8
split_gain=18.0339 39.4374 38.5257 53.1419 57.3072 33.5063 32.1315 49.3894 38.1355 33.9055 51.4971 64.1125 56.1307 30.7701 27.7168 25.769 38.6544 34.8283 34.8801 33.673 27.5836 24.5983 42.5163 29.2091 23.6358 31.3753 83.2615 45.5454 127.915 105.304
threshold=0.75500000000000012 0.85254529767040566 0.86607142857142871 0.75000000000000011 0.78888888888888908 0.89512961508248245 0.87543668954996201 1.0000000180025095e-35 0.9368501714055254 0.58571428571428574 1.0000000180025095e-35 0.73956521739130443 0.93364779874213844 0.99787234042553208 0.87543668954996201 0.49077956666266176 0.15504807692307696 1.0000000180025095e-35 0.87112743532417769 0.97156334231805941 0.9182634657269414 0.60630899155489326 0.121830550401979 0.68652882205513788 0.96785673286649077 0.7781746031746033 0.44399641577060939 0.10762548262548265 1.0000000180025095e-35 0.26837452938287776
decision_type=2 2 2 2 2 2 2 2 2 2 2 2 2 2 2 2 2 2 2 2 2 2 2 2 2 2 2 2 2 2
left_child=24 -2 3 5 15 6 13 8 -8 10 11 -9 -13 -3 -6 16 -5 18 19 20 -17 -15 -23 -24 25 27 -27 28 -1 -29
right_child=1 2 -4 4 14 -7 7 9 -10 -11 -12 12 -14 21 -16 17 -18 -19 -20 -21 -22 22 23 -25 -26 26 -28 29 -30 -31
leaf_value=0.00091316776481377817 0.060964777009863802 0.02739314187058231 0.048098880681036203 0.025459976573325039 0.050168401825258703 0.026875834013180552 -0.14193487699934498 -0.022926975484777779 0.020538524140810199 0.042204039354480638 0.02938498285202347 -0.4238169727105503 -0.082424668313067148 0.010828374923716553 -0.13008556347061789 -0.13926184392289459 -0.14516692975280746 0.0075818475659076168 0.012574404138369528 -0.18884155980890521 -0.018808653366360489 0.052717950041789211 -0.080980567990483449 0.01872676472752486 0.01386797253835946 -0.046780166266575364 -0.0029273437689889908 0.021221799845800724 -0.020049699537280974 -0.00016182672010294576
leaf_weight=9754.6039849720401 33.07174687134102 116.66855311323889 48.963471427472541 5.5417384020984164 2.4790061619132784 200.94237085955683 13.767064445186408 7.2759905671700835 4.8960856688208869 21.878380861715414 12.061681052204221 2.4796001918148249 2.3404895476996899 70.272187117487192 15.262658502906559 6.4571848968043986 8.2766972333192808 129.88487436645664 18.041411131300265 5.3724566423334172 18.007096259854734 11.027426004409788 31.624536905437708 9.5673392674652842 294.56065036222572 110.95544348515614 4423.4424016369649 847.09814392725639 786.37546468949768 1797.2170742491344
leaf_count=29060 186 203 4094 6 44 3252 82 20 12 172 168 29 11 92 194 44 49 1820 186 47 92 6 162 63 1498 451601 228821 20695 467412 52125
internal_value=0.00014631 0.00751047 0.00519379 0.00225204 -0.0189293 0.0110352 0.000559734 -0.0307006 -0.0993116 -0.00288553 -0.0437207 -0.116619 -0.258047 0.0090165 -0.104899 -0.0109679 -0.0767388 -0.00585524 -0.0423076 -0.0754932 -0.0506015 -0.00848656 -0.0344789 -0.0578223 -0.000179157 -0.000412668 -0.00400041 0.00082115 -0.000650699 0.00668835
internal_weight=18810.4 796.16 763.088 714.125 209.323 504.802 303.859 64.6993 18.6632 46.0361 24.1578 12.0961 4.82009 239.16 17.7417 191.581 13.8184 177.763 47.8781 29.8367 24.4643 122.491 52.2193 41.1919 18014.3 17719.7 4534.4 13185.3 10541 2644.32
internal_count=1262246 11034 10848 6754 2482 4272 1020 494 94 400 228 60 40 526 238 2244 55 2189 369 183 136 323 231 225 1251212 1249714 680422 569292 496472 72820
is_linear=0
shrinkage=0.05


Tree=199
num_leaves=31
num_cat=0
split_feature=17 10 17 2 6 6 8 9 1 2 10 0 10 9 1 1 0 17 5 0 1 7 0 6 1 0 1 6 0 8
split_gain=18.0625 70.6432 53.1157 74.8727 68.1828 48.1601 45.8125 95.7306 61.0964 55.7401 48.6344 46.7119 40.4669 40.0997 50.9939 65.2583 37.6912 36.6419 49.2139 52.2596 95.6314 34.6419 72.8146 34.6251 34.6186 49.6667 49.3381 34.5053 35.6501 32.5314
threshold=0.97937925170068041 0.56939375506893763 0.967204301075269 0.61250000000000016 0.75000000000000011 1.0000000180025095e-35 0.12132034632034634 0.11651583710407241 0.89143241167434728 0.73214285714285732 0.39700269420745404 0.94519519519519524 0.49238500193274065 0.15504807692307696 0.92727857727857743 0.92671106710856466 0.81322674418604668 0.95916666666666683 0.38750000000000007 0.67694497153700206 0.91277995249532262 1.0000000180025095e-35 0.73273809523809541 1.0000000180025095e-35 0.94286796536796547 0.52803983228511542 0.91478771328621422 0.75000000000000011 0.95505050505050526 1.0000000180025095e-35
decision_type=2 2 2 2 2 2 2 2 2 2 2 2 2 2 2 2 2 2 2 2 2 2 2 2 2 2 2 2 2 2
left_child=2 6 17 4 13 16 8 -8 23 11 -9 -10 21 14 15 -4 -3 -1 -19 -20 -21 22 24 -2 25 -11 -27 28 -22 -23
right_child=1 5 3 -5 -6 -7 7 10 9 12 -12 -13 -14 -15 -16 -17 -18 18 19 20 27 29 -24 -25 -26 26 -28 -29 -30 -31
leaf_value=-0.00052739348070679677 0.030679870818336088 -0.069702790122366215 -0.066974651987155423 -0.001041153313394014 -0.09253711765919212 0.025698346688097652 -0.041249203000251457 0.035882542420697716 0.0050724077976518189 0.0075874583001957294 -0.0097877683481976327 0.033242236798633862 0.094615431053703375 -0.00019430996882593168 -0.13306694141505437 0.059003978486761421 0.015817773826630036 -0.077007965304955656 0.033213191298698597 -0.088503320610900757 -0.012152671927568836 0.0045697956883159196 -0.035799805677746446 -0.070752416662052106 0.029261323337031575 0.020496035841343782 -0.21157565963672076 0.016421080192591191 -0.19697872583468101 -0.070662321340089637
leaf_weight=14796.7421711099 10.580585131306632 24.769612791258623 33.437053239139459 297.82756493968009 48.228483311974742 462.74304817655502 189.61144754791758 87.215759626502404 330.12047702529071 25.744749731995398 175.77975667246847 265.53516006946302 10.922000673715955 79.744925778075412 15.27264650910365 14.843005749939037 26.848653703753371 15.509443187594114 219.83768163964032 26.530679141500514 94.047988960945077 821.59914891049266 189.61921996474302 41.079242502233683 91.95832950372278 3.6588990695363446 6.1224812526852475 353.56708921955578 2.6834460857608056 14.625124106503788
leaf_count=1099090 561 606 10078 4933 4793 9485 85988 547 1279 75 4366 267 28 881 1638 57 175 14133 6400 2967 3178 1111 659 1457 119 14 61 5483 106 1711
internal_value=0.000140312 0.00386146 -0.000505966 -0.016725 -0.0411137 0.0205885 6.15202e-05 -0.0141675 0.00361653 0.00518973 0.00535763 0.0176301 -0.00117506 -0.0238065 -0.0534348 -0.0282443 -0.0252202 5.79274e-06 0.0110837 0.0130448 0.00374638 -0.00208219 -0.0161542 -0.0499778 0.0130666 -0.0288531 -0.124765 0.00918155 -0.01728 0.00325403
internal_weight=18776.8 2778.53 15998.3 489.354 191.526 514.361 2264.17 452.607 1811.57 1759.91 262.996 595.656 1164.25 143.298 63.5527 48.2801 51.6183 15508.9 712.176 696.667 476.829 1153.33 317.104 51.6598 127.484 35.5261 9.78138 450.299 96.7314 836.224
internal_count=1262246 108509 1153737 22380 17447 10266 98243 90901 7342 5324 4913 1546 3778 12654 11773 10135 781 1131357 32267 18134 11734 3750 928 2018 269 150 75 8767 3284 2822
is_linear=0
shrinkage=0.05


end of trees

feature_importances:
name_jaro_winkler=678
addr_jaccard_tokens=673
name_len_ratio=505
name_token_set_ratio=492
name_token_sort_ratio=450
name_jaccard_tokens=418
addr_token_sort_ratio=386
addr_len_ratio=386
name_lev_norm=335
name_suffix_match=335
addr_house_num_match=300
name_prefix_match=297
addr_lev_norm=292
source_is_s3=195
addr_subset=97
addr_city_match=78
country_exact=54
addr_postal_match=25
name_script_exact=4

parameters:
[boosting: gbdt]
[objective: binary]
[metric: auc]
[tree_learner: serial]
[device_type: cpu]
[data_sample_strategy: bagging]
[data: ]
[valid: ]
[num_iterations: 200]
[learning_rate: 0.05]
[num_leaves: 31]
[num_threads: 16]
[seed: 42]
[deterministic: 0]
[force_col_wise: 0]
[force_row_wise: 0]
[histogram_pool_size: -1]
[max_depth: -1]
[min_data_in_leaf: 20]
[min_sum_hessian_in_leaf: 0.001]
[bagging_fraction: 1]
[pos_bagging_fraction: 1]
[neg_bagging_fraction: 1]
[bagging_freq: 0]
[bagging_seed: 400]
[bagging_by_query: 0]
[feature_fraction: 0.8]
[feature_fraction_bynode: 1]
[feature_fraction_seed: 30056]
[extra_trees: 0]
[extra_seed: 12879]
[early_stopping_round: 0]
[early_stopping_min_delta: 0]
[first_metric_only: 0]
[max_delta_step: 0]
[lambda_l1: 0]
[lambda_l2: 0]
[linear_lambda: 0]
[min_gain_to_split: 0]
[drop_rate: 0.1]
[max_drop: 50]
[skip_drop: 0.5]
[xgboost_dart_mode: 0]
[uniform_drop: 0]
[drop_seed: 17869]
[top_rate: 0.2]
[other_rate: 0.1]
[min_data_per_group: 100]
[max_cat_threshold: 32]
[cat_l2: 10]
[cat_smooth: 10]
[max_cat_to_onehot: 4]
[top_k: 20]
[monotone_constraints: ]
[monotone_constraints_method: basic]
[monotone_penalty: 0]
[feature_contri: ]
[forcedsplits_filename: ]
[refit_decay_rate: 0.9]
[cegb_tradeoff: 1]
[cegb_penalty_split: 0]
[cegb_penalty_feature_lazy: ]
[cegb_penalty_feature_coupled: ]
[path_smooth: 0]
[interaction_constraints: ]
[verbosity: 1]
[saved_feature_importance_type: 0]
[use_quantized_grad: 0]
[num_grad_quant_bins: 4]
[quant_train_renew_leaf: 0]
[stochastic_rounding: 1]
[linear_tree: 0]
[max_bin: 255]
[max_bin_by_feature: ]
[min_data_in_bin: 3]
[bin_construct_sample_cnt: 200000]
[data_random_seed: 175]
[is_enable_sparse: 1]
[enable_bundle: 1]
[use_missing: 1]
[zero_as_missing: 0]
[feature_pre_filter: 1]
[pre_partition: 0]
[two_round: 0]
[header: 0]
[label_column: ]
[weight_column: ]
[group_column: ]
[ignore_column: ]
[categorical_feature: ]
[forcedbins_filename: ]
[precise_float_parser: 0]
[parser_config_file: ]
[objective_seed: 16083]
[num_class: 1]
[is_unbalance: 0]
[scale_pos_weight: 39.8032]
[sigmoid: 1]
[boost_from_average: 1]
[reg_sqrt: 0]
[alpha: 0.9]
[fair_c: 1]
[poisson_max_delta_step: 0.7]
[tweedie_variance_power: 1.5]
[lambdarank_truncation_level: 30]
[lambdarank_norm: 1]
[label_gain: ]
[lambdarank_position_bias_regularization: 0]
[eval_at: ]
[multi_error_top_k: 1]
[auc_mu_weights: ]
[num_machines: 1]
[local_listen_port: 12400]
[time_out: 120]
[machine_list_filename: ]
[machines: ]
[gpu_platform_id: -1]
[gpu_device_id: -1]
[gpu_device_id_list: ]
[gpu_use_dp: 0]
[num_gpu: 1]

end of parameters

pandas_categorical:[]
